2026-03-20 19:16:51.404  INFO 1297738 [main] [] i.yowyob.geofence.GeofenceApplication    : Starting GeofenceApplication v0.0.1-SNAPSHOT using Java 21.0.10 with PID 1297738 (/home/davy_shadow/Documents/mes projets/geofence front-back/geofence-reactive-final-version/target/geofence-0.0.1-SNAPSHOT.jar started by davy_shadow in /home/davy_shadow/Documents/mes projets/geofence front-back/geofence-reactive-final-version)
2026-03-20 19:16:51.441 DEBUG 1297738 [main] [] i.yowyob.geofence.GeofenceApplication    : Running with Spring Boot v3.4.3, Spring v6.2.3
2026-03-20 19:16:51.448  INFO 1297738 [main] [] i.yowyob.geofence.GeofenceApplication    : The following 1 profile is active: "local"
2026-03-20 19:16:57.007  INFO 1297738 [main] [] .s.d.r.c.RepositoryConfigurationDelegate : Multiple Spring Data modules found, entering strict repository configuration mode
2026-03-20 19:16:57.016  INFO 1297738 [main] [] .s.d.r.c.RepositoryConfigurationDelegate : Bootstrapping Spring Data JPA repositories in DEFAULT mode.
2026-03-20 19:16:57.690  INFO 1297738 [main] [] .s.d.r.c.RepositoryConfigurationDelegate : Finished Spring Data repository scanning in 636 ms. Found 16 JPA repository interfaces.
2026-03-20 19:16:57.738  INFO 1297738 [main] [] .s.d.r.c.RepositoryConfigurationDelegate : Multiple Spring Data modules found, entering strict repository configuration mode
2026-03-20 19:16:57.743  INFO 1297738 [main] [] .s.d.r.c.RepositoryConfigurationDelegate : Bootstrapping Spring Data Redis repositories in DEFAULT mode.
2026-03-20 19:16:57.831  INFO 1297738 [main] [] .RepositoryConfigurationExtensionSupport : Spring Data Redis - Could not safely identify store assignment for repository candidate interface ink.yowyob.geofence.repository.AlertRepository; If you want this repository to be a Redis repository, consider annotating your entities with one of these annotations: org.springframework.data.redis.core.RedisHash (preferred), or consider extending one of the following types with your repository: org.springframework.data.keyvalue.repository.KeyValueRepository
2026-03-20 19:16:57.835  INFO 1297738 [main] [] .RepositoryConfigurationExtensionSupport : Spring Data Redis - Could not safely identify store assignment for repository candidate interface ink.yowyob.geofence.repository.AlertTypeRepository; If you want this repository to be a Redis repository, consider annotating your entities with one of these annotations: org.springframework.data.redis.core.RedisHash (preferred), or consider extending one of the following types with your repository: org.springframework.data.keyvalue.repository.KeyValueRepository
2026-03-20 19:16:57.840  INFO 1297738 [main] [] .RepositoryConfigurationExtensionSupport : Spring Data Redis - Could not safely identify store assignment for repository candidate interface ink.yowyob.geofence.repository.CircleGeofenceZoneRepository; If you want this repository to be a Redis repository, consider annotating your entities with one of these annotations: org.springframework.data.redis.core.RedisHash (preferred), or consider extending one of the following types with your repository: org.springframework.data.keyvalue.repository.KeyValueRepository
2026-03-20 19:16:57.841  INFO 1297738 [main] [] .RepositoryConfigurationExtensionSupport : Spring Data Redis - Could not safely identify store assignment for repository candidate interface ink.yowyob.geofence.repository.GeofenceForkRepository; If you want this repository to be a Redis repository, consider annotating your entities with one of these annotations: org.springframework.data.redis.core.RedisHash (preferred), or consider extending one of the following types with your repository: org.springframework.data.keyvalue.repository.KeyValueRepository
2026-03-20 19:16:57.842  INFO 1297738 [main] [] .RepositoryConfigurationExtensionSupport : Spring Data Redis - Could not safely identify store assignment for repository candidate interface ink.yowyob.geofence.repository.GeofenceInviteLinkRepository; If you want this repository to be a Redis repository, consider annotating your entities with one of these annotations: org.springframework.data.redis.core.RedisHash (preferred), or consider extending one of the following types with your repository: org.springframework.data.keyvalue.repository.KeyValueRepository
2026-03-20 19:16:57.843  INFO 1297738 [main] [] .RepositoryConfigurationExtensionSupport : Spring Data Redis - Could not safely identify store assignment for repository candidate interface ink.yowyob.geofence.repository.GeofenceShareRepository; If you want this repository to be a Redis repository, consider annotating your entities with one of these annotations: org.springframework.data.redis.core.RedisHash (preferred), or consider extending one of the following types with your repository: org.springframework.data.keyvalue.repository.KeyValueRepository
2026-03-20 19:16:57.846  INFO 1297738 [main] [] .RepositoryConfigurationExtensionSupport : Spring Data Redis - Could not safely identify store assignment for repository candidate interface ink.yowyob.geofence.repository.GeofenceZoneRepository; If you want this repository to be a Redis repository, consider annotating your entities with one of these annotations: org.springframework.data.redis.core.RedisHash (preferred), or consider extending one of the following types with your repository: org.springframework.data.keyvalue.repository.KeyValueRepository
2026-03-20 19:16:57.849  INFO 1297738 [main] [] .RepositoryConfigurationExtensionSupport : Spring Data Redis - Could not safely identify store assignment for repository candidate interface ink.yowyob.geofence.repository.LocationRepository; If you want this repository to be a Redis repository, consider annotating your entities with one of these annotations: org.springframework.data.redis.core.RedisHash (preferred), or consider extending one of the following types with your repository: org.springframework.data.keyvalue.repository.KeyValueRepository
2026-03-20 19:16:57.853  INFO 1297738 [main] [] .RepositoryConfigurationExtensionSupport : Spring Data Redis - Could not safely identify store assignment for repository candidate interface ink.yowyob.geofence.repository.OrganizationRepository; If you want this repository to be a Redis repository, consider annotating your entities with one of these annotations: org.springframework.data.redis.core.RedisHash (preferred), or consider extending one of the following types with your repository: org.springframework.data.keyvalue.repository.KeyValueRepository
2026-03-20 19:16:57.853  INFO 1297738 [main] [] .RepositoryConfigurationExtensionSupport : Spring Data Redis - Could not safely identify store assignment for repository candidate interface ink.yowyob.geofence.repository.PolygonGeofenceZoneRepository; If you want this repository to be a Redis repository, consider annotating your entities with one of these annotations: org.springframework.data.redis.core.RedisHash (preferred), or consider extending one of the following types with your repository: org.springframework.data.keyvalue.repository.KeyValueRepository
2026-03-20 19:16:57.854  INFO 1297738 [main] [] .RepositoryConfigurationExtensionSupport : Spring Data Redis - Could not safely identify store assignment for repository candidate interface ink.yowyob.geofence.repository.RoleRepository; If you want this repository to be a Redis repository, consider annotating your entities with one of these annotations: org.springframework.data.redis.core.RedisHash (preferred), or consider extending one of the following types with your repository: org.springframework.data.keyvalue.repository.KeyValueRepository
2026-03-20 19:16:57.858  INFO 1297738 [main] [] .RepositoryConfigurationExtensionSupport : Spring Data Redis - Could not safely identify store assignment for repository candidate interface ink.yowyob.geofence.repository.RouteRepository; If you want this repository to be a Redis repository, consider annotating your entities with one of these annotations: org.springframework.data.redis.core.RedisHash (preferred), or consider extending one of the following types with your repository: org.springframework.data.keyvalue.repository.KeyValueRepository
2026-03-20 19:16:57.859  INFO 1297738 [main] [] .RepositoryConfigurationExtensionSupport : Spring Data Redis - Could not safely identify store assignment for repository candidate interface ink.yowyob.geofence.repository.RouteSegmentRepository; If you want this repository to be a Redis repository, consider annotating your entities with one of these annotations: org.springframework.data.redis.core.RedisHash (preferred), or consider extending one of the following types with your repository: org.springframework.data.keyvalue.repository.KeyValueRepository
2026-03-20 19:16:57.860  INFO 1297738 [main] [] .RepositoryConfigurationExtensionSupport : Spring Data Redis - Could not safely identify store assignment for repository candidate interface ink.yowyob.geofence.repository.UserRepository; If you want this repository to be a Redis repository, consider annotating your entities with one of these annotations: org.springframework.data.redis.core.RedisHash (preferred), or consider extending one of the following types with your repository: org.springframework.data.keyvalue.repository.KeyValueRepository
2026-03-20 19:16:57.863  INFO 1297738 [main] [] .RepositoryConfigurationExtensionSupport : Spring Data Redis - Could not safely identify store assignment for repository candidate interface ink.yowyob.geofence.repository.VehicleApiKeyRepository; If you want this repository to be a Redis repository, consider annotating your entities with one of these annotations: org.springframework.data.redis.core.RedisHash (preferred), or consider extending one of the following types with your repository: org.springframework.data.keyvalue.repository.KeyValueRepository
2026-03-20 19:16:57.864  INFO 1297738 [main] [] .RepositoryConfigurationExtensionSupport : Spring Data Redis - Could not safely identify store assignment for repository candidate interface ink.yowyob.geofence.repository.VehicleRepository; If you want this repository to be a Redis repository, consider annotating your entities with one of these annotations: org.springframework.data.redis.core.RedisHash (preferred), or consider extending one of the following types with your repository: org.springframework.data.keyvalue.repository.KeyValueRepository
2026-03-20 19:16:57.865  INFO 1297738 [main] [] .s.d.r.c.RepositoryConfigurationDelegate : Finished Spring Data repository scanning in 70 ms. Found 0 Redis repository interfaces.
2026-03-20 19:17:02.344  INFO 1297738 [main] [] o.s.b.w.embedded.tomcat.TomcatWebServer  : Tomcat initialized with port 8080 (http)
2026-03-20 19:17:02.410  INFO 1297738 [main] [] o.apache.catalina.core.StandardService   : Starting service [Tomcat]
2026-03-20 19:17:02.410  INFO 1297738 [main] [] o.apache.catalina.core.StandardEngine    : Starting Servlet engine: [Apache Tomcat/10.1.36]
2026-03-20 19:17:03.588  INFO 1297738 [main] [] o.hibernate.jpa.internal.util.LogHelper  : HHH000204: Processing PersistenceUnitInfo [name: default]
2026-03-20 19:17:03.871  INFO 1297738 [main] [] org.hibernate.Version                    : HHH000412: Hibernate ORM core version 6.6.8.Final
2026-03-20 19:17:03.929  INFO 1297738 [main] [] o.h.spatial.integration.SpatialService   : HHH80000001: hibernate-spatial integration enabled : true
2026-03-20 19:17:04.091  INFO 1297738 [main] [] o.h.c.internal.RegionFactoryInitiator    : HHH000026: Second-level cache disabled
2026-03-20 19:17:04.806  INFO 1297738 [main] [] com.zaxxer.hikari.HikariDataSource       : HikariPool-1 - Starting...
2026-03-20 19:17:06.112  INFO 1297738 [main] [] com.zaxxer.hikari.pool.HikariPool        : HikariPool-1 - Added connection org.postgresql.jdbc.PgConnection@490fbeaa
2026-03-20 19:17:06.117  INFO 1297738 [main] [] com.zaxxer.hikari.HikariDataSource       : HikariPool-1 - Start completed.
2026-03-20 19:17:06.272  WARN 1297738 [main] [] org.hibernate.orm.deprecation            : HHH90000025: PostgreSQLDialect does not need to be specified explicitly using 'hibernate.dialect' (remove the property setting and it will be selected by default)
2026-03-20 19:17:06.413  INFO 1297738 [main] [] org.hibernate.orm.connections.pooling    : HHH10001005: Database info:
	Database JDBC URL [Connecting through datasource 'HikariDataSource (HikariPool-1)']
	Database driver: undefined/unknown
	Database version: 16.4
	Autocommit mode: undefined/unknown
	Isolation level: undefined/unknown
	Minimum pool size: undefined/unknown
	Maximum pool size: undefined/unknown
2026-03-20 19:17:06.523  INFO 1297738 [main] [] org.hibernate.spatial                    : HHH80000003: hibernate-spatial adding type contributions from : org.hibernate.spatial.dialect.postgis.PostgisDialectContributor
2026-03-20 19:17:07.740  INFO 1297738 [main] [] o.s.o.j.p.SpringPersistenceUnitInfo      : No LoadTimeWeaver setup: ignoring JPA class transformer
2026-03-20 19:17:07.838  INFO 1297738 [main] [] org.hibernate.spatial                    : HHH80000003: hibernate-spatial adding type contributions from : org.hibernate.spatial.dialect.postgis.PostgisDialectContributor
2026-03-20 19:17:09.814  INFO 1297738 [main] [] org.hibernate.spatial                    : HHH80000004: hibernate-spatial adding function contributions from : org.hibernate.spatial.dialect.postgis.PostgisDialectContributor
2026-03-20 19:17:15.137  INFO 1297738 [main] [] o.h.e.t.j.p.i.JtaPlatformInitiator       : HHH000489: No JTA platform available (set 'hibernate.transaction.jta.platform' to enable JTA platform integration)
2026-03-20 19:17:15.299 DEBUG 1297738 [main] [] org.hibernate.SQL                        : 
    alter table if exists alert 
       alter column severity set data type varchar(20) default 'INFO'
2026-03-20 19:17:15.312  WARN 1297738 [main] [] o.h.t.s.i.ExceptionHandlerLoggedImpl     : GenerationTarget encountered exception accepting command : Error executing DDL "
    alter table if exists alert 
       alter column severity set data type varchar(20) default 'INFO'" via JDBC [ERROR: syntax error at or near "default"
  Position : 90]

org.hibernate.tool.schema.spi.CommandAcceptanceException: Error executing DDL "
    alter table if exists alert 
       alter column severity set data type varchar(20) default 'INFO'" via JDBC [ERROR: syntax error at or near "default"
  Position : 90]
	at org.hibernate.tool.schema.internal.exec.GenerationTargetToDatabase.accept(GenerationTargetToDatabase.java:94)
	at org.hibernate.tool.schema.internal.AbstractSchemaMigrator.applySqlString(AbstractSchemaMigrator.java:576)
	at org.hibernate.tool.schema.internal.AbstractSchemaMigrator.applySqlStrings(AbstractSchemaMigrator.java:516)
	at org.hibernate.tool.schema.internal.AbstractSchemaMigrator.migrateTable(AbstractSchemaMigrator.java:334)
	at org.hibernate.tool.schema.internal.GroupedSchemaMigratorImpl.performTablesMigration(GroupedSchemaMigratorImpl.java:84)
	at org.hibernate.tool.schema.internal.AbstractSchemaMigrator.performMigration(AbstractSchemaMigrator.java:233)
	at org.hibernate.tool.schema.internal.AbstractSchemaMigrator.doMigration(AbstractSchemaMigrator.java:112)
	at org.hibernate.tool.schema.spi.SchemaManagementToolCoordinator.performDatabaseAction(SchemaManagementToolCoordinator.java:280)
	at org.hibernate.tool.schema.spi.SchemaManagementToolCoordinator.lambda$process$5(SchemaManagementToolCoordinator.java:144)
	at java.base/java.util.HashMap.forEach(HashMap.java:1429)
	at org.hibernate.tool.schema.spi.SchemaManagementToolCoordinator.process(SchemaManagementToolCoordinator.java:141)
	at org.hibernate.boot.internal.SessionFactoryObserverForSchemaExport.sessionFactoryCreated(SessionFactoryObserverForSchemaExport.java:37)
	at org.hibernate.internal.SessionFactoryObserverChain.sessionFactoryCreated(SessionFactoryObserverChain.java:35)
	at org.hibernate.internal.SessionFactoryImpl.<init>(SessionFactoryImpl.java:324)
	at org.hibernate.boot.internal.SessionFactoryBuilderImpl.build(SessionFactoryBuilderImpl.java:463)
	at org.hibernate.jpa.boot.internal.EntityManagerFactoryBuilderImpl.build(EntityManagerFactoryBuilderImpl.java:1517)
	at org.springframework.orm.jpa.vendor.SpringHibernateJpaPersistenceProvider.createContainerEntityManagerFactory(SpringHibernateJpaPersistenceProvider.java:66)
	at org.springframework.orm.jpa.LocalContainerEntityManagerFactoryBean.createNativeEntityManagerFactory(LocalContainerEntityManagerFactoryBean.java:390)
	at org.springframework.orm.jpa.AbstractEntityManagerFactoryBean.buildNativeEntityManagerFactory(AbstractEntityManagerFactoryBean.java:419)
	at org.springframework.orm.jpa.AbstractEntityManagerFactoryBean.afterPropertiesSet(AbstractEntityManagerFactoryBean.java:400)
	at org.springframework.orm.jpa.LocalContainerEntityManagerFactoryBean.afterPropertiesSet(LocalContainerEntityManagerFactoryBean.java:366)
	at org.springframework.beans.factory.support.AbstractAutowireCapableBeanFactory.invokeInitMethods(AbstractAutowireCapableBeanFactory.java:1859)
	at org.springframework.beans.factory.support.AbstractAutowireCapableBeanFactory.initializeBean(AbstractAutowireCapableBeanFactory.java:1808)
	at org.springframework.beans.factory.support.AbstractAutowireCapableBeanFactory.doCreateBean(AbstractAutowireCapableBeanFactory.java:601)
	at org.springframework.beans.factory.support.AbstractAutowireCapableBeanFactory.createBean(AbstractAutowireCapableBeanFactory.java:523)
	at org.springframework.beans.factory.support.AbstractBeanFactory.lambda$doGetBean$0(AbstractBeanFactory.java:339)
	at org.springframework.beans.factory.support.DefaultSingletonBeanRegistry.getSingleton(DefaultSingletonBeanRegistry.java:346)
	at org.springframework.beans.factory.support.AbstractBeanFactory.doGetBean(AbstractBeanFactory.java:337)
	at org.springframework.beans.factory.support.AbstractBeanFactory.getBean(AbstractBeanFactory.java:207)
	at org.springframework.context.support.AbstractApplicationContext.finishBeanFactoryInitialization(AbstractApplicationContext.java:970)
	at org.springframework.context.support.AbstractApplicationContext.refresh(AbstractApplicationContext.java:627)
	at org.springframework.boot.web.reactive.context.ReactiveWebServerApplicationContext.refresh(ReactiveWebServerApplicationContext.java:66)
	at org.springframework.boot.SpringApplication.refresh(SpringApplication.java:752)
	at org.springframework.boot.SpringApplication.refreshContext(SpringApplication.java:439)
	at org.springframework.boot.SpringApplication.run(SpringApplication.java:318)
	at ink.yowyob.geofence.GeofenceApplication.main(GeofenceApplication.java:31)
	at java.base/jdk.internal.reflect.DirectMethodHandleAccessor.invoke(DirectMethodHandleAccessor.java:103)
	at java.base/java.lang.reflect.Method.invoke(Method.java:580)
	at org.springframework.boot.loader.launch.Launcher.launch(Launcher.java:102)
	at org.springframework.boot.loader.launch.Launcher.launch(Launcher.java:64)
	at org.springframework.boot.loader.launch.JarLauncher.main(JarLauncher.java:40)
Caused by: org.postgresql.util.PSQLException: ERROR: syntax error at or near "default"
  Position : 90
	at org.postgresql.core.v3.QueryExecutorImpl.receiveErrorResponse(QueryExecutorImpl.java:2733)
	at org.postgresql.core.v3.QueryExecutorImpl.processResults(QueryExecutorImpl.java:2420)
	at org.postgresql.core.v3.QueryExecutorImpl.execute(QueryExecutorImpl.java:372)
	at org.postgresql.jdbc.PgStatement.executeInternal(PgStatement.java:517)
	at org.postgresql.jdbc.PgStatement.execute(PgStatement.java:434)
	at org.postgresql.jdbc.PgStatement.executeWithFlags(PgStatement.java:356)
	at org.postgresql.jdbc.PgStatement.executeCachedSql(PgStatement.java:341)
	at org.postgresql.jdbc.PgStatement.executeWithFlags(PgStatement.java:317)
	at org.postgresql.jdbc.PgStatement.execute(PgStatement.java:312)
	at com.zaxxer.hikari.pool.ProxyStatement.execute(ProxyStatement.java:94)
	at com.zaxxer.hikari.pool.HikariProxyStatement.execute(HikariProxyStatement.java)
	at org.hibernate.tool.schema.internal.exec.GenerationTargetToDatabase.accept(GenerationTargetToDatabase.java:80)
	... 40 common frames omitted

2026-03-20 19:17:18.294  INFO 1297738 [main] [] j.LocalContainerEntityManagerFactoryBean : Initialized JPA EntityManagerFactory for persistence unit 'default'
2026-03-20 19:17:20.011  INFO 1297738 [main] [] o.s.d.j.r.query.QueryEnhancerFactory     : Hibernate is in classpath; If applicable, HQL parser will be used.
2026-03-20 19:17:25.610 TRACE 1297738 [main] [] o.s.c.a.AnnotationCacheOperationSource   : Adding cacheable method 'getGeofenceZone' with operations: [Builder[public ink.yowyob.geofence.dto.response.GeofenceZoneDTOResponse ink.yowyob.geofence.service.Implementation.GeofenceServiceImpl.getGeofenceZone(java.util.UUID,java.lang.String,ink.yowyob.geofence.model.User)] caches=[geofenceDetail] | key='#zoneId + '_' + #type' | keyGenerator='' | cacheManager='' | cacheResolver='' | condition='' | unless='' | sync='false']
2026-03-20 19:17:25.628 TRACE 1297738 [main] [] o.s.c.a.AnnotationCacheOperationSource   : Adding cacheable method 'createGeofenceZone' with operations: [Builder[public ink.yowyob.geofence.dto.response.GeofenceZoneDTOResponse ink.yowyob.geofence.service.Implementation.GeofenceServiceImpl.createGeofenceZone(ink.yowyob.geofence.dto.request.GeofenceZoneDTORequest,ink.yowyob.geofence.model.User)] caches=[geofences, sharedGeofences] | key='' | keyGenerator='' | cacheManager='' | cacheResolver='' | condition='',true,false]
2026-03-20 19:17:25.630 TRACE 1297738 [main] [] o.s.c.a.AnnotationCacheOperationSource   : Adding cacheable method 'getGeofenceZones' with operations: [Builder[public ink.yowyob.geofence.dto.response.MultipleGeofenceZoneDTOResponse ink.yowyob.geofence.service.Implementation.GeofenceServiceImpl.getGeofenceZones(ink.yowyob.geofence.model.User)] caches=[geofences] | key=''all'' | keyGenerator='' | cacheManager='' | cacheResolver='' | condition='' | unless='' | sync='false']
2026-03-20 19:17:25.631 TRACE 1297738 [main] [] o.s.c.a.AnnotationCacheOperationSource   : Adding cacheable method 'getMyGeofenceZones' with operations: [Builder[public ink.yowyob.geofence.dto.response.MultipleGeofenceZoneDTOResponse ink.yowyob.geofence.service.Implementation.GeofenceServiceImpl.getMyGeofenceZones(ink.yowyob.geofence.model.User)] caches=[geofences] | key=''user_' + #user.id' | keyGenerator='' | cacheManager='' | cacheResolver='' | condition='' | unless='' | sync='false']
2026-03-20 19:17:25.632 TRACE 1297738 [main] [] o.s.c.a.AnnotationCacheOperationSource   : Adding cacheable method 'editGeofenceZone' with operations: [Builder[public ink.yowyob.geofence.dto.response.GeofenceZoneDTOResponse ink.yowyob.geofence.service.Implementation.GeofenceServiceImpl.editGeofenceZone(ink.yowyob.geofence.dto.request.GeofenceZoneDTORequest,java.util.UUID,java.lang.String,ink.yowyob.geofence.model.User)] caches=[geofences, geofenceDetail, sharedGeofences] | key='' | keyGenerator='' | cacheManager='' | cacheResolver='' | condition='',true,false]
2026-03-20 19:17:36.387  INFO 1297738 [main] [] o.s.b.a.e.web.EndpointLinksResolver      : Exposing 7 endpoints beneath base path '/actuator'
2026-03-20 19:17:39.146  WARN 1297738 [main] [] i.m.p.PrometheusMeterRegistry            : A MeterFilter is being configured after a Meter has been registered to this registry. All MeterFilters should be configured before any Meters are registered. If that is not possible or you have a use case where it should be allowed, let the Micrometer maintainers know at https://github.com/micrometer-metrics/micrometer/issues/4920. Enable DEBUG level logging on this logger to see a stack trace of the call configuring this MeterFilter.
2026-03-20 19:17:39.324  INFO 1297738 [main] [] o.s.m.s.b.SimpleBrokerMessageHandler     : Starting...
2026-03-20 19:17:39.325  INFO 1297738 [main] [] o.s.m.s.b.SimpleBrokerMessageHandler     : BrokerAvailabilityEvent[available=true, SimpleBrokerMessageHandler [org.springframework.messaging.simp.broker.DefaultSubscriptionRegistry@6c808b47]]
2026-03-20 19:17:39.327  INFO 1297738 [main] [] o.s.m.s.b.SimpleBrokerMessageHandler     : Started.
2026-03-20 19:17:39.398  INFO 1297738 [main] [] o.s.b.w.embedded.tomcat.TomcatWebServer  : Tomcat started on port 8080 (http)
2026-03-20 19:17:39.471  INFO 1297738 [main] [] i.yowyob.geofence.GeofenceApplication    : Started GeofenceApplication in 52.164 seconds (process running for 55.772)
2026-03-20 19:17:40.077 DEBUG 1297738 [main] [] org.hibernate.SQL                        : 
    select
        r1_0.id,
        r1_0.name 
    from
        role r1_0 
    where
        r1_0.name=?
2026-03-20 19:17:40.173 DEBUG 1297738 [main] [] org.hibernate.SQL                        : 
    select
        r1_0.id,
        r1_0.name 
    from
        role r1_0 
    where
        r1_0.name=?
2026-03-20 19:17:40.180 DEBUG 1297738 [main] [] org.hibernate.SQL                        : 
    select
        r1_0.id,
        r1_0.name 
    from
        role r1_0 
    where
        r1_0.name=?
2026-03-20 19:18:39.161  INFO 1297738 [MessageBroker-1] [] o.s.w.s.c.WebSocketMessageBrokerStats    : WebSocketSession[0 current WS(0)-HttpStream(0)-HttpPoll(0), 0 total, 0 closed abnormally (0 connect failure, 0 send limit, 0 transport error)], stompSubProtocol[processed CONNECT(0)-CONNECTED(0)-DISCONNECT(0)], stompBrokerRelay[null], inboundChannel[pool size = 0, active threads = 0, queued tasks = 0, completed tasks = 0], outboundChannel[pool size = 0, active threads = 0, queued tasks = 0, completed tasks = 0], sockJsScheduler[pool size = 1, active threads = 1, queued tasks = 0, completed tasks = 0]
2026-03-20 19:19:32.263  INFO 1305088 [main] [] i.yowyob.geofence.GeofenceApplication    : Starting GeofenceApplication v0.0.1-SNAPSHOT using Java 21.0.10 with PID 1305088 (/home/davy_shadow/Documents/mes projets/geofence front-back/geofence-reactive-final-version/target/geofence-0.0.1-SNAPSHOT.jar started by davy_shadow in /home/davy_shadow/Documents/mes projets/geofence front-back/geofence-reactive-final-version)
2026-03-20 19:19:32.272 DEBUG 1305088 [main] [] i.yowyob.geofence.GeofenceApplication    : Running with Spring Boot v3.4.3, Spring v6.2.3
2026-03-20 19:19:32.274  INFO 1305088 [main] [] i.yowyob.geofence.GeofenceApplication    : The following 1 profile is active: "local"
2026-03-20 19:19:37.438  INFO 1305088 [main] [] .s.d.r.c.RepositoryConfigurationDelegate : Multiple Spring Data modules found, entering strict repository configuration mode
2026-03-20 19:19:37.442  INFO 1305088 [main] [] .s.d.r.c.RepositoryConfigurationDelegate : Bootstrapping Spring Data JPA repositories in DEFAULT mode.
2026-03-20 19:19:38.105  INFO 1305088 [main] [] .s.d.r.c.RepositoryConfigurationDelegate : Finished Spring Data repository scanning in 643 ms. Found 16 JPA repository interfaces.
2026-03-20 19:19:38.148  INFO 1305088 [main] [] .s.d.r.c.RepositoryConfigurationDelegate : Multiple Spring Data modules found, entering strict repository configuration mode
2026-03-20 19:19:38.151  INFO 1305088 [main] [] .s.d.r.c.RepositoryConfigurationDelegate : Bootstrapping Spring Data Redis repositories in DEFAULT mode.
2026-03-20 19:19:38.197  INFO 1305088 [main] [] .RepositoryConfigurationExtensionSupport : Spring Data Redis - Could not safely identify store assignment for repository candidate interface ink.yowyob.geofence.repository.AlertRepository; If you want this repository to be a Redis repository, consider annotating your entities with one of these annotations: org.springframework.data.redis.core.RedisHash (preferred), or consider extending one of the following types with your repository: org.springframework.data.keyvalue.repository.KeyValueRepository
2026-03-20 19:19:38.199  INFO 1305088 [main] [] .RepositoryConfigurationExtensionSupport : Spring Data Redis - Could not safely identify store assignment for repository candidate interface ink.yowyob.geofence.repository.AlertTypeRepository; If you want this repository to be a Redis repository, consider annotating your entities with one of these annotations: org.springframework.data.redis.core.RedisHash (preferred), or consider extending one of the following types with your repository: org.springframework.data.keyvalue.repository.KeyValueRepository
2026-03-20 19:19:38.204  INFO 1305088 [main] [] .RepositoryConfigurationExtensionSupport : Spring Data Redis - Could not safely identify store assignment for repository candidate interface ink.yowyob.geofence.repository.CircleGeofenceZoneRepository; If you want this repository to be a Redis repository, consider annotating your entities with one of these annotations: org.springframework.data.redis.core.RedisHash (preferred), or consider extending one of the following types with your repository: org.springframework.data.keyvalue.repository.KeyValueRepository
2026-03-20 19:19:38.205  INFO 1305088 [main] [] .RepositoryConfigurationExtensionSupport : Spring Data Redis - Could not safely identify store assignment for repository candidate interface ink.yowyob.geofence.repository.GeofenceForkRepository; If you want this repository to be a Redis repository, consider annotating your entities with one of these annotations: org.springframework.data.redis.core.RedisHash (preferred), or consider extending one of the following types with your repository: org.springframework.data.keyvalue.repository.KeyValueRepository
2026-03-20 19:19:38.207  INFO 1305088 [main] [] .RepositoryConfigurationExtensionSupport : Spring Data Redis - Could not safely identify store assignment for repository candidate interface ink.yowyob.geofence.repository.GeofenceInviteLinkRepository; If you want this repository to be a Redis repository, consider annotating your entities with one of these annotations: org.springframework.data.redis.core.RedisHash (preferred), or consider extending one of the following types with your repository: org.springframework.data.keyvalue.repository.KeyValueRepository
2026-03-20 19:19:38.208  INFO 1305088 [main] [] .RepositoryConfigurationExtensionSupport : Spring Data Redis - Could not safely identify store assignment for repository candidate interface ink.yowyob.geofence.repository.GeofenceShareRepository; If you want this repository to be a Redis repository, consider annotating your entities with one of these annotations: org.springframework.data.redis.core.RedisHash (preferred), or consider extending one of the following types with your repository: org.springframework.data.keyvalue.repository.KeyValueRepository
2026-03-20 19:19:38.209  INFO 1305088 [main] [] .RepositoryConfigurationExtensionSupport : Spring Data Redis - Could not safely identify store assignment for repository candidate interface ink.yowyob.geofence.repository.GeofenceZoneRepository; If you want this repository to be a Redis repository, consider annotating your entities with one of these annotations: org.springframework.data.redis.core.RedisHash (preferred), or consider extending one of the following types with your repository: org.springframework.data.keyvalue.repository.KeyValueRepository
2026-03-20 19:19:38.212  INFO 1305088 [main] [] .RepositoryConfigurationExtensionSupport : Spring Data Redis - Could not safely identify store assignment for repository candidate interface ink.yowyob.geofence.repository.LocationRepository; If you want this repository to be a Redis repository, consider annotating your entities with one of these annotations: org.springframework.data.redis.core.RedisHash (preferred), or consider extending one of the following types with your repository: org.springframework.data.keyvalue.repository.KeyValueRepository
2026-03-20 19:19:38.214  INFO 1305088 [main] [] .RepositoryConfigurationExtensionSupport : Spring Data Redis - Could not safely identify store assignment for repository candidate interface ink.yowyob.geofence.repository.OrganizationRepository; If you want this repository to be a Redis repository, consider annotating your entities with one of these annotations: org.springframework.data.redis.core.RedisHash (preferred), or consider extending one of the following types with your repository: org.springframework.data.keyvalue.repository.KeyValueRepository
2026-03-20 19:19:38.215  INFO 1305088 [main] [] .RepositoryConfigurationExtensionSupport : Spring Data Redis - Could not safely identify store assignment for repository candidate interface ink.yowyob.geofence.repository.PolygonGeofenceZoneRepository; If you want this repository to be a Redis repository, consider annotating your entities with one of these annotations: org.springframework.data.redis.core.RedisHash (preferred), or consider extending one of the following types with your repository: org.springframework.data.keyvalue.repository.KeyValueRepository
2026-03-20 19:19:38.215  INFO 1305088 [main] [] .RepositoryConfigurationExtensionSupport : Spring Data Redis - Could not safely identify store assignment for repository candidate interface ink.yowyob.geofence.repository.RoleRepository; If you want this repository to be a Redis repository, consider annotating your entities with one of these annotations: org.springframework.data.redis.core.RedisHash (preferred), or consider extending one of the following types with your repository: org.springframework.data.keyvalue.repository.KeyValueRepository
2026-03-20 19:19:38.216  INFO 1305088 [main] [] .RepositoryConfigurationExtensionSupport : Spring Data Redis - Could not safely identify store assignment for repository candidate interface ink.yowyob.geofence.repository.RouteRepository; If you want this repository to be a Redis repository, consider annotating your entities with one of these annotations: org.springframework.data.redis.core.RedisHash (preferred), or consider extending one of the following types with your repository: org.springframework.data.keyvalue.repository.KeyValueRepository
2026-03-20 19:19:38.217  INFO 1305088 [main] [] .RepositoryConfigurationExtensionSupport : Spring Data Redis - Could not safely identify store assignment for repository candidate interface ink.yowyob.geofence.repository.RouteSegmentRepository; If you want this repository to be a Redis repository, consider annotating your entities with one of these annotations: org.springframework.data.redis.core.RedisHash (preferred), or consider extending one of the following types with your repository: org.springframework.data.keyvalue.repository.KeyValueRepository
2026-03-20 19:19:38.218  INFO 1305088 [main] [] .RepositoryConfigurationExtensionSupport : Spring Data Redis - Could not safely identify store assignment for repository candidate interface ink.yowyob.geofence.repository.UserRepository; If you want this repository to be a Redis repository, consider annotating your entities with one of these annotations: org.springframework.data.redis.core.RedisHash (preferred), or consider extending one of the following types with your repository: org.springframework.data.keyvalue.repository.KeyValueRepository
2026-03-20 19:19:38.218  INFO 1305088 [main] [] .RepositoryConfigurationExtensionSupport : Spring Data Redis - Could not safely identify store assignment for repository candidate interface ink.yowyob.geofence.repository.VehicleApiKeyRepository; If you want this repository to be a Redis repository, consider annotating your entities with one of these annotations: org.springframework.data.redis.core.RedisHash (preferred), or consider extending one of the following types with your repository: org.springframework.data.keyvalue.repository.KeyValueRepository
2026-03-20 19:19:38.219  INFO 1305088 [main] [] .RepositoryConfigurationExtensionSupport : Spring Data Redis - Could not safely identify store assignment for repository candidate interface ink.yowyob.geofence.repository.VehicleRepository; If you want this repository to be a Redis repository, consider annotating your entities with one of these annotations: org.springframework.data.redis.core.RedisHash (preferred), or consider extending one of the following types with your repository: org.springframework.data.keyvalue.repository.KeyValueRepository
2026-03-20 19:19:38.219  INFO 1305088 [main] [] .s.d.r.c.RepositoryConfigurationDelegate : Finished Spring Data repository scanning in 44 ms. Found 0 Redis repository interfaces.
2026-03-20 19:19:40.722  INFO 1305088 [main] [] o.s.b.w.embedded.tomcat.TomcatWebServer  : Tomcat initialized with port 8080 (http)
2026-03-20 19:19:40.767  INFO 1305088 [main] [] o.apache.catalina.core.StandardService   : Starting service [Tomcat]
2026-03-20 19:19:40.768  INFO 1305088 [main] [] o.apache.catalina.core.StandardEngine    : Starting Servlet engine: [Apache Tomcat/10.1.36]
2026-03-20 19:19:41.348  INFO 1305088 [main] [] o.hibernate.jpa.internal.util.LogHelper  : HHH000204: Processing PersistenceUnitInfo [name: default]
2026-03-20 19:19:41.492  INFO 1305088 [main] [] org.hibernate.Version                    : HHH000412: Hibernate ORM core version 6.6.8.Final
2026-03-20 19:19:41.521  INFO 1305088 [main] [] o.h.spatial.integration.SpatialService   : HHH80000001: hibernate-spatial integration enabled : true
2026-03-20 19:19:41.597  INFO 1305088 [main] [] o.h.c.internal.RegionFactoryInitiator    : HHH000026: Second-level cache disabled
2026-03-20 19:19:41.971  INFO 1305088 [main] [] com.zaxxer.hikari.HikariDataSource       : HikariPool-1 - Starting...
2026-03-20 19:19:42.592  INFO 1305088 [main] [] com.zaxxer.hikari.pool.HikariPool        : HikariPool-1 - Added connection org.postgresql.jdbc.PgConnection@3cab07dd
2026-03-20 19:19:42.597  INFO 1305088 [main] [] com.zaxxer.hikari.HikariDataSource       : HikariPool-1 - Start completed.
2026-03-20 19:19:42.692  WARN 1305088 [main] [] org.hibernate.orm.deprecation            : HHH90000025: PostgreSQLDialect does not need to be specified explicitly using 'hibernate.dialect' (remove the property setting and it will be selected by default)
2026-03-20 19:19:42.776  INFO 1305088 [main] [] org.hibernate.orm.connections.pooling    : HHH10001005: Database info:
	Database JDBC URL [Connecting through datasource 'HikariDataSource (HikariPool-1)']
	Database driver: undefined/unknown
	Database version: 16.4
	Autocommit mode: undefined/unknown
	Isolation level: undefined/unknown
	Minimum pool size: undefined/unknown
	Maximum pool size: undefined/unknown
2026-03-20 19:19:42.841  INFO 1305088 [main] [] org.hibernate.spatial                    : HHH80000003: hibernate-spatial adding type contributions from : org.hibernate.spatial.dialect.postgis.PostgisDialectContributor
2026-03-20 19:19:43.736  INFO 1305088 [main] [] o.s.o.j.p.SpringPersistenceUnitInfo      : No LoadTimeWeaver setup: ignoring JPA class transformer
2026-03-20 19:19:43.814  INFO 1305088 [main] [] org.hibernate.spatial                    : HHH80000003: hibernate-spatial adding type contributions from : org.hibernate.spatial.dialect.postgis.PostgisDialectContributor
2026-03-20 19:19:46.422  INFO 1305088 [main] [] org.hibernate.spatial                    : HHH80000004: hibernate-spatial adding function contributions from : org.hibernate.spatial.dialect.postgis.PostgisDialectContributor
2026-03-20 19:19:52.351  INFO 1305088 [main] [] o.h.e.t.j.p.i.JtaPlatformInitiator       : HHH000489: No JTA platform available (set 'hibernate.transaction.jta.platform' to enable JTA platform integration)
2026-03-20 19:19:52.741 DEBUG 1305088 [main] [] org.hibernate.SQL                        : 
    alter table if exists alert 
       alter column severity set data type varchar(20) default 'INFO'
2026-03-20 19:19:52.765  WARN 1305088 [main] [] o.h.t.s.i.ExceptionHandlerLoggedImpl     : GenerationTarget encountered exception accepting command : Error executing DDL "
    alter table if exists alert 
       alter column severity set data type varchar(20) default 'INFO'" via JDBC [ERROR: syntax error at or near "default"
  Position : 90]

org.hibernate.tool.schema.spi.CommandAcceptanceException: Error executing DDL "
    alter table if exists alert 
       alter column severity set data type varchar(20) default 'INFO'" via JDBC [ERROR: syntax error at or near "default"
  Position : 90]
	at org.hibernate.tool.schema.internal.exec.GenerationTargetToDatabase.accept(GenerationTargetToDatabase.java:94)
	at org.hibernate.tool.schema.internal.AbstractSchemaMigrator.applySqlString(AbstractSchemaMigrator.java:576)
	at org.hibernate.tool.schema.internal.AbstractSchemaMigrator.applySqlStrings(AbstractSchemaMigrator.java:516)
	at org.hibernate.tool.schema.internal.AbstractSchemaMigrator.migrateTable(AbstractSchemaMigrator.java:334)
	at org.hibernate.tool.schema.internal.GroupedSchemaMigratorImpl.performTablesMigration(GroupedSchemaMigratorImpl.java:84)
	at org.hibernate.tool.schema.internal.AbstractSchemaMigrator.performMigration(AbstractSchemaMigrator.java:233)
	at org.hibernate.tool.schema.internal.AbstractSchemaMigrator.doMigration(AbstractSchemaMigrator.java:112)
	at org.hibernate.tool.schema.spi.SchemaManagementToolCoordinator.performDatabaseAction(SchemaManagementToolCoordinator.java:280)
	at org.hibernate.tool.schema.spi.SchemaManagementToolCoordinator.lambda$process$5(SchemaManagementToolCoordinator.java:144)
	at java.base/java.util.HashMap.forEach(HashMap.java:1429)
	at org.hibernate.tool.schema.spi.SchemaManagementToolCoordinator.process(SchemaManagementToolCoordinator.java:141)
	at org.hibernate.boot.internal.SessionFactoryObserverForSchemaExport.sessionFactoryCreated(SessionFactoryObserverForSchemaExport.java:37)
	at org.hibernate.internal.SessionFactoryObserverChain.sessionFactoryCreated(SessionFactoryObserverChain.java:35)
	at org.hibernate.internal.SessionFactoryImpl.<init>(SessionFactoryImpl.java:324)
	at org.hibernate.boot.internal.SessionFactoryBuilderImpl.build(SessionFactoryBuilderImpl.java:463)
	at org.hibernate.jpa.boot.internal.EntityManagerFactoryBuilderImpl.build(EntityManagerFactoryBuilderImpl.java:1517)
	at org.springframework.orm.jpa.vendor.SpringHibernateJpaPersistenceProvider.createContainerEntityManagerFactory(SpringHibernateJpaPersistenceProvider.java:66)
	at org.springframework.orm.jpa.LocalContainerEntityManagerFactoryBean.createNativeEntityManagerFactory(LocalContainerEntityManagerFactoryBean.java:390)
	at org.springframework.orm.jpa.AbstractEntityManagerFactoryBean.buildNativeEntityManagerFactory(AbstractEntityManagerFactoryBean.java:419)
	at org.springframework.orm.jpa.AbstractEntityManagerFactoryBean.afterPropertiesSet(AbstractEntityManagerFactoryBean.java:400)
	at org.springframework.orm.jpa.LocalContainerEntityManagerFactoryBean.afterPropertiesSet(LocalContainerEntityManagerFactoryBean.java:366)
	at org.springframework.beans.factory.support.AbstractAutowireCapableBeanFactory.invokeInitMethods(AbstractAutowireCapableBeanFactory.java:1859)
	at org.springframework.beans.factory.support.AbstractAutowireCapableBeanFactory.initializeBean(AbstractAutowireCapableBeanFactory.java:1808)
	at org.springframework.beans.factory.support.AbstractAutowireCapableBeanFactory.doCreateBean(AbstractAutowireCapableBeanFactory.java:601)
	at org.springframework.beans.factory.support.AbstractAutowireCapableBeanFactory.createBean(AbstractAutowireCapableBeanFactory.java:523)
	at org.springframework.beans.factory.support.AbstractBeanFactory.lambda$doGetBean$0(AbstractBeanFactory.java:339)
	at org.springframework.beans.factory.support.DefaultSingletonBeanRegistry.getSingleton(DefaultSingletonBeanRegistry.java:346)
	at org.springframework.beans.factory.support.AbstractBeanFactory.doGetBean(AbstractBeanFactory.java:337)
	at org.springframework.beans.factory.support.AbstractBeanFactory.getBean(AbstractBeanFactory.java:207)
	at org.springframework.context.support.AbstractApplicationContext.finishBeanFactoryInitialization(AbstractApplicationContext.java:970)
	at org.springframework.context.support.AbstractApplicationContext.refresh(AbstractApplicationContext.java:627)
	at org.springframework.boot.web.reactive.context.ReactiveWebServerApplicationContext.refresh(ReactiveWebServerApplicationContext.java:66)
	at org.springframework.boot.SpringApplication.refresh(SpringApplication.java:752)
	at org.springframework.boot.SpringApplication.refreshContext(SpringApplication.java:439)
	at org.springframework.boot.SpringApplication.run(SpringApplication.java:318)
	at ink.yowyob.geofence.GeofenceApplication.main(GeofenceApplication.java:31)
	at java.base/jdk.internal.reflect.DirectMethodHandleAccessor.invoke(DirectMethodHandleAccessor.java:103)
	at java.base/java.lang.reflect.Method.invoke(Method.java:580)
	at org.springframework.boot.loader.launch.Launcher.launch(Launcher.java:102)
	at org.springframework.boot.loader.launch.Launcher.launch(Launcher.java:64)
	at org.springframework.boot.loader.launch.JarLauncher.main(JarLauncher.java:40)
Caused by: org.postgresql.util.PSQLException: ERROR: syntax error at or near "default"
  Position : 90
	at org.postgresql.core.v3.QueryExecutorImpl.receiveErrorResponse(QueryExecutorImpl.java:2733)
	at org.postgresql.core.v3.QueryExecutorImpl.processResults(QueryExecutorImpl.java:2420)
	at org.postgresql.core.v3.QueryExecutorImpl.execute(QueryExecutorImpl.java:372)
	at org.postgresql.jdbc.PgStatement.executeInternal(PgStatement.java:517)
	at org.postgresql.jdbc.PgStatement.execute(PgStatement.java:434)
	at org.postgresql.jdbc.PgStatement.executeWithFlags(PgStatement.java:356)
	at org.postgresql.jdbc.PgStatement.executeCachedSql(PgStatement.java:341)
	at org.postgresql.jdbc.PgStatement.executeWithFlags(PgStatement.java:317)
	at org.postgresql.jdbc.PgStatement.execute(PgStatement.java:312)
	at com.zaxxer.hikari.pool.ProxyStatement.execute(ProxyStatement.java:94)
	at com.zaxxer.hikari.pool.HikariProxyStatement.execute(HikariProxyStatement.java)
	at org.hibernate.tool.schema.internal.exec.GenerationTargetToDatabase.accept(GenerationTargetToDatabase.java:80)
	... 40 common frames omitted

2026-03-20 19:19:59.679  INFO 1305088 [main] [] j.LocalContainerEntityManagerFactoryBean : Initialized JPA EntityManagerFactory for persistence unit 'default'
2026-03-20 19:20:01.596  INFO 1305088 [main] [] o.s.d.j.r.query.QueryEnhancerFactory     : Hibernate is in classpath; If applicable, HQL parser will be used.
2026-03-20 19:20:09.457 TRACE 1305088 [main] [] o.s.c.a.AnnotationCacheOperationSource   : Adding cacheable method 'getGeofenceZone' with operations: [Builder[public ink.yowyob.geofence.dto.response.GeofenceZoneDTOResponse ink.yowyob.geofence.service.Implementation.GeofenceServiceImpl.getGeofenceZone(java.util.UUID,java.lang.String,ink.yowyob.geofence.model.User)] caches=[geofenceDetail] | key='#zoneId + '_' + #type' | keyGenerator='' | cacheManager='' | cacheResolver='' | condition='' | unless='' | sync='false']
2026-03-20 19:20:09.468 TRACE 1305088 [main] [] o.s.c.a.AnnotationCacheOperationSource   : Adding cacheable method 'createGeofenceZone' with operations: [Builder[public ink.yowyob.geofence.dto.response.GeofenceZoneDTOResponse ink.yowyob.geofence.service.Implementation.GeofenceServiceImpl.createGeofenceZone(ink.yowyob.geofence.dto.request.GeofenceZoneDTORequest,ink.yowyob.geofence.model.User)] caches=[geofences, sharedGeofences] | key='' | keyGenerator='' | cacheManager='' | cacheResolver='' | condition='',true,false]
2026-03-20 19:20:09.472 TRACE 1305088 [main] [] o.s.c.a.AnnotationCacheOperationSource   : Adding cacheable method 'getGeofenceZones' with operations: [Builder[public ink.yowyob.geofence.dto.response.MultipleGeofenceZoneDTOResponse ink.yowyob.geofence.service.Implementation.GeofenceServiceImpl.getGeofenceZones(ink.yowyob.geofence.model.User)] caches=[geofences] | key=''all'' | keyGenerator='' | cacheManager='' | cacheResolver='' | condition='' | unless='' | sync='false']
2026-03-20 19:20:09.473 TRACE 1305088 [main] [] o.s.c.a.AnnotationCacheOperationSource   : Adding cacheable method 'getMyGeofenceZones' with operations: [Builder[public ink.yowyob.geofence.dto.response.MultipleGeofenceZoneDTOResponse ink.yowyob.geofence.service.Implementation.GeofenceServiceImpl.getMyGeofenceZones(ink.yowyob.geofence.model.User)] caches=[geofences] | key=''user_' + #user.id' | keyGenerator='' | cacheManager='' | cacheResolver='' | condition='' | unless='' | sync='false']
2026-03-20 19:20:09.475 TRACE 1305088 [main] [] o.s.c.a.AnnotationCacheOperationSource   : Adding cacheable method 'editGeofenceZone' with operations: [Builder[public ink.yowyob.geofence.dto.response.GeofenceZoneDTOResponse ink.yowyob.geofence.service.Implementation.GeofenceServiceImpl.editGeofenceZone(ink.yowyob.geofence.dto.request.GeofenceZoneDTORequest,java.util.UUID,java.lang.String,ink.yowyob.geofence.model.User)] caches=[geofences, geofenceDetail, sharedGeofences] | key='' | keyGenerator='' | cacheManager='' | cacheResolver='' | condition='',true,false]
2026-03-20 19:20:26.112  INFO 1305088 [main] [] o.s.b.a.e.web.EndpointLinksResolver      : Exposing 7 endpoints beneath base path '/actuator'
2026-03-20 19:20:28.656  WARN 1305088 [main] [] i.m.p.PrometheusMeterRegistry            : A MeterFilter is being configured after a Meter has been registered to this registry. All MeterFilters should be configured before any Meters are registered. If that is not possible or you have a use case where it should be allowed, let the Micrometer maintainers know at https://github.com/micrometer-metrics/micrometer/issues/4920. Enable DEBUG level logging on this logger to see a stack trace of the call configuring this MeterFilter.
2026-03-20 19:20:28.832  INFO 1305088 [main] [] o.s.m.s.b.SimpleBrokerMessageHandler     : Starting...
2026-03-20 19:20:28.834  INFO 1305088 [main] [] o.s.m.s.b.SimpleBrokerMessageHandler     : BrokerAvailabilityEvent[available=true, SimpleBrokerMessageHandler [org.springframework.messaging.simp.broker.DefaultSubscriptionRegistry@110cd514]]
2026-03-20 19:20:28.839  INFO 1305088 [main] [] o.s.m.s.b.SimpleBrokerMessageHandler     : Started.
2026-03-20 19:20:29.025  INFO 1305088 [main] [] o.s.m.s.b.SimpleBrokerMessageHandler     : Stopping...
2026-03-20 19:20:29.026  INFO 1305088 [main] [] o.s.m.s.b.SimpleBrokerMessageHandler     : BrokerAvailabilityEvent[available=false, SimpleBrokerMessageHandler [org.springframework.messaging.simp.broker.DefaultSubscriptionRegistry@110cd514]]
2026-03-20 19:20:29.026  INFO 1305088 [main] [] o.s.m.s.b.SimpleBrokerMessageHandler     : Stopped.
2026-03-20 19:20:29.207  WARN 1305088 [main] [] onfigReactiveWebServerApplicationContext : Exception encountered during context initialization - cancelling refresh attempt: org.springframework.context.ApplicationContextException: Failed to start bean 'webServerStartStop'
2026-03-20 19:20:29.271  INFO 1305088 [main] [] j.LocalContainerEntityManagerFactoryBean : Closing JPA EntityManagerFactory for persistence unit 'default'
2026-03-20 19:20:29.278  INFO 1305088 [main] [] com.zaxxer.hikari.HikariDataSource       : HikariPool-1 - Shutdown initiated...
2026-03-20 19:20:29.289  INFO 1305088 [main] [] com.zaxxer.hikari.HikariDataSource       : HikariPool-1 - Shutdown completed.
2026-03-20 19:20:29.393  INFO 1305088 [main] [] .s.b.a.l.ConditionEvaluationReportLogger : 

Error starting ApplicationContext. To display the condition evaluation report re-run your application with 'debug' enabled.
2026-03-20 19:20:29.454 ERROR 1305088 [main] [] o.s.boot.SpringApplication               : Application run failed

org.springframework.context.ApplicationContextException: Failed to start bean 'webServerStartStop'
	at org.springframework.context.support.DefaultLifecycleProcessor.doStart(DefaultLifecycleProcessor.java:326)
	at org.springframework.context.support.DefaultLifecycleProcessor$LifecycleGroup.start(DefaultLifecycleProcessor.java:510)
	at java.base/java.lang.Iterable.forEach(Iterable.java:75)
	at org.springframework.context.support.DefaultLifecycleProcessor.startBeans(DefaultLifecycleProcessor.java:295)
	at org.springframework.context.support.DefaultLifecycleProcessor.onRefresh(DefaultLifecycleProcessor.java:240)
	at org.springframework.context.support.AbstractApplicationContext.finishRefresh(AbstractApplicationContext.java:1006)
	at org.springframework.context.support.AbstractApplicationContext.refresh(AbstractApplicationContext.java:630)
	at org.springframework.boot.web.reactive.context.ReactiveWebServerApplicationContext.refresh(ReactiveWebServerApplicationContext.java:66)
	at org.springframework.boot.SpringApplication.refresh(SpringApplication.java:752)
	at org.springframework.boot.SpringApplication.refreshContext(SpringApplication.java:439)
	at org.springframework.boot.SpringApplication.run(SpringApplication.java:318)
	at ink.yowyob.geofence.GeofenceApplication.main(GeofenceApplication.java:31)
	at java.base/jdk.internal.reflect.DirectMethodHandleAccessor.invoke(DirectMethodHandleAccessor.java:103)
	at java.base/java.lang.reflect.Method.invoke(Method.java:580)
	at org.springframework.boot.loader.launch.Launcher.launch(Launcher.java:102)
	at org.springframework.boot.loader.launch.Launcher.launch(Launcher.java:64)
	at org.springframework.boot.loader.launch.JarLauncher.main(JarLauncher.java:40)
Caused by: org.springframework.boot.web.server.WebServerException: Unable to start embedded Tomcat server
	at org.springframework.boot.web.embedded.tomcat.TomcatWebServer.start(TomcatWebServer.java:251)
	at org.springframework.boot.web.reactive.context.WebServerManager.start(WebServerManager.java:55)
	at org.springframework.boot.web.reactive.context.WebServerStartStopLifecycle.start(WebServerStartStopLifecycle.java:41)
	at org.springframework.context.support.DefaultLifecycleProcessor.doStart(DefaultLifecycleProcessor.java:323)
	... 16 common frames omitted
Caused by: java.lang.IllegalArgumentException: standardService.connector.startFailed
	at org.apache.catalina.core.StandardService.addConnector(StandardService.java:222)
	at org.springframework.boot.web.embedded.tomcat.TomcatWebServer.addPreviouslyRemovedConnectors(TomcatWebServer.java:310)
	at org.springframework.boot.web.embedded.tomcat.TomcatWebServer.start(TomcatWebServer.java:236)
	... 19 common frames omitted
Caused by: org.apache.catalina.LifecycleException: Protocol handler start failed
	at org.apache.catalina.connector.Connector.startInternal(Connector.java:1082)
	at org.apache.catalina.util.LifecycleBase.start(LifecycleBase.java:164)
	at org.apache.catalina.core.StandardService.addConnector(StandardService.java:219)
	... 21 common frames omitted
Caused by: java.net.BindException: Adresse déjà utilisée
	at java.base/sun.nio.ch.Net.bind0(Native Method)
	at java.base/sun.nio.ch.Net.bind(Net.java:577)
	at java.base/sun.nio.ch.ServerSocketChannelImpl.netBind(ServerSocketChannelImpl.java:344)
	at java.base/sun.nio.ch.ServerSocketChannelImpl.bind(ServerSocketChannelImpl.java:301)
	at org.apache.tomcat.util.net.NioEndpoint.initServerSocket(NioEndpoint.java:239)
	at org.apache.tomcat.util.net.NioEndpoint.bind(NioEndpoint.java:194)
	at org.apache.tomcat.util.net.AbstractEndpoint.bindWithCleanup(AbstractEndpoint.java:1304)
	at org.apache.tomcat.util.net.AbstractEndpoint.start(AbstractEndpoint.java:1390)
	at org.apache.coyote.AbstractProtocol.start(AbstractProtocol.java:644)
	at org.apache.catalina.connector.Connector.startInternal(Connector.java:1079)
	... 23 common frames omitted

2026-03-20 19:22:18.789 DEBUG 1297738 [boundedElastic-1] [] org.hibernate.SQL                        : 
    select
        u1_0.uuid,
        u1_0.dob,
        u1_0.account_non_expired,
        u1_0.account_non_locked,
        u1_0.created_at,
        u1_0.credentials_non_expired,
        u1_0.email,
        u1_0.enabled,
        u1_0.firstname,
        u1_0.lastname,
        u1_0.organization_id,
        u1_0.password,
        u1_0.phone_number,
        u1_0.role_id,
        u1_0.updated_at,
        u1_0.username 
    from
        users u1_0 
    left join
        organizations o1_0 
            on o1_0.id=u1_0.organization_id 
    where
        u1_0.email=? 
        and o1_0.api_key=?
2026-03-20 19:23:24.778 DEBUG 1297738 [boundedElastic-1] [] org.hibernate.SQL                        : 
    select
        u1_0.uuid,
        u1_0.dob,
        u1_0.account_non_expired,
        u1_0.account_non_locked,
        u1_0.created_at,
        u1_0.credentials_non_expired,
        u1_0.email,
        u1_0.enabled,
        u1_0.firstname,
        u1_0.lastname,
        u1_0.organization_id,
        u1_0.password,
        u1_0.phone_number,
        u1_0.role_id,
        u1_0.updated_at,
        u1_0.username 
    from
        users u1_0 
    left join
        organizations o1_0 
            on o1_0.id=u1_0.organization_id 
    where
        u1_0.email=? 
        and o1_0.api_key=?
2026-03-20 19:23:24.807 DEBUG 1297738 [boundedElastic-1] [] org.hibernate.SQL                        : 
    select
        r1_0.id,
        r1_0.name 
    from
        role r1_0 
    where
        r1_0.id=?
2026-03-20 19:23:25.179 DEBUG 1297738 [boundedElastic-1] [] org.hibernate.SQL                        : 
    select
        u1_0.uuid,
        u1_0.dob,
        u1_0.account_non_expired,
        u1_0.account_non_locked,
        u1_0.created_at,
        u1_0.credentials_non_expired,
        u1_0.email,
        u1_0.enabled,
        u1_0.firstname,
        u1_0.lastname,
        u1_0.organization_id,
        u1_0.password,
        u1_0.phone_number,
        u1_0.role_id,
        u1_0.updated_at,
        u1_0.username 
    from
        users u1_0 
    where
        u1_0.username=?
2026-03-20 19:23:25.183 DEBUG 1297738 [boundedElastic-1] [] org.hibernate.SQL                        : 
    select
        o1_0.id,
        o1_0.api_key,
        o1_0.contact_email,
        o1_0.created_at,
        o1_0.domain,
        o1_0.is_active,
        o1_0.is_internal,
        o1_0.last_api_call,
        o1_0.max_geofences,
        o1_0.max_users,
        o1_0.max_vehicles,
        o1_0.name,
        o1_0.rate_limit_per_hour,
        o1_0.subscription_plan,
        o1_0.webhook_url 
    from
        organizations o1_0 
    where
        o1_0.id=?
2026-03-20 19:23:56.503 DEBUG 1297738 [boundedElastic-1] [] org.hibernate.SQL                        : 
    select
        u1_0.uuid,
        u1_0.dob,
        u1_0.account_non_expired,
        u1_0.account_non_locked,
        u1_0.created_at,
        u1_0.credentials_non_expired,
        u1_0.email,
        u1_0.enabled,
        u1_0.firstname,
        u1_0.lastname,
        u1_0.organization_id,
        u1_0.password,
        u1_0.phone_number,
        u1_0.role_id,
        u1_0.updated_at,
        u1_0.username 
    from
        users u1_0 
    left join
        organizations o1_0 
            on o1_0.id=u1_0.organization_id 
    where
        u1_0.email=? 
        and o1_0.api_key=?
2026-03-20 19:23:56.513 DEBUG 1297738 [boundedElastic-1] [] org.hibernate.SQL                        : 
    select
        r1_0.id,
        r1_0.name 
    from
        role r1_0 
    where
        r1_0.id=?
2026-03-20 19:23:56.761 DEBUG 1297738 [boundedElastic-1] [] org.hibernate.SQL                        : 
    select
        u1_0.uuid,
        u1_0.dob,
        u1_0.account_non_expired,
        u1_0.account_non_locked,
        u1_0.created_at,
        u1_0.credentials_non_expired,
        u1_0.email,
        u1_0.enabled,
        u1_0.firstname,
        u1_0.lastname,
        u1_0.organization_id,
        u1_0.password,
        u1_0.phone_number,
        u1_0.role_id,
        u1_0.updated_at,
        u1_0.username 
    from
        users u1_0 
    where
        u1_0.username=?
2026-03-20 19:23:56.766 DEBUG 1297738 [boundedElastic-1] [] org.hibernate.SQL                        : 
    select
        o1_0.id,
        o1_0.api_key,
        o1_0.contact_email,
        o1_0.created_at,
        o1_0.domain,
        o1_0.is_active,
        o1_0.is_internal,
        o1_0.last_api_call,
        o1_0.max_geofences,
        o1_0.max_users,
        o1_0.max_vehicles,
        o1_0.name,
        o1_0.rate_limit_per_hour,
        o1_0.subscription_plan,
        o1_0.webhook_url 
    from
        organizations o1_0 
    where
        o1_0.id=?
2026-03-20 19:23:57.984 DEBUG 1297738 [boundedElastic-1] [] org.hibernate.SQL                        : 
    select
        u1_0.uuid,
        u1_0.dob,
        u1_0.account_non_expired,
        u1_0.account_non_locked,
        u1_0.created_at,
        u1_0.credentials_non_expired,
        u1_0.email,
        u1_0.enabled,
        u1_0.firstname,
        u1_0.lastname,
        u1_0.organization_id,
        u1_0.password,
        u1_0.phone_number,
        u1_0.role_id,
        u1_0.updated_at,
        u1_0.username 
    from
        users u1_0 
    join
        organizations o1_0 
            on o1_0.id=u1_0.organization_id 
    where
        o1_0.api_key=? 
        and (
            u1_0.email=? 
            or u1_0.phone_number=? 
            or u1_0.username=?
        )
2026-03-20 19:23:58.351 DEBUG 1297738 [boundedElastic-1] [] org.hibernate.SQL                        : 
    select
        o1_0.id,
        o1_0.api_key,
        o1_0.contact_email,
        o1_0.created_at,
        o1_0.domain,
        o1_0.is_active,
        o1_0.is_internal,
        o1_0.last_api_call,
        o1_0.max_geofences,
        o1_0.max_users,
        o1_0.max_vehicles,
        o1_0.name,
        o1_0.rate_limit_per_hour,
        o1_0.subscription_plan,
        o1_0.webhook_url 
    from
        organizations o1_0 
    where
        o1_0.api_key=?
2026-03-20 19:23:58.359 DEBUG 1297738 [boundedElastic-1] [] org.hibernate.SQL                        : 
    select
        r1_0.id,
        r1_0.name 
    from
        role r1_0 
    where
        r1_0.name=?
2026-03-20 19:23:58.710 DEBUG 1297738 [boundedElastic-1] [] org.hibernate.SQL                        : 
    insert 
    into
        users
        (dob, account_non_expired, account_non_locked, created_at, credentials_non_expired, email, enabled, firstname, lastname, organization_id, password, phone_number, role_id, updated_at, username, uuid) 
    values
        (?, ?, ?, ?, ?, ?, ?, ?, ?, ?, ?, ?, ?, ?, ?, ?)
2026-03-20 19:23:58.839 DEBUG 1297738 [boundedElastic-1] [] org.hibernate.SQL                        : 
    select
        u1_0.uuid,
        u1_0.dob,
        u1_0.account_non_expired,
        u1_0.account_non_locked,
        u1_0.created_at,
        u1_0.credentials_non_expired,
        u1_0.email,
        u1_0.enabled,
        u1_0.firstname,
        u1_0.lastname,
        u1_0.organization_id,
        u1_0.password,
        u1_0.phone_number,
        u1_0.role_id,
        u1_0.updated_at,
        u1_0.username 
    from
        users u1_0 
    left join
        organizations o1_0 
            on o1_0.id=u1_0.organization_id 
    where
        u1_0.email=? 
        and o1_0.api_key=?
2026-03-20 19:23:58.848 DEBUG 1297738 [boundedElastic-1] [] org.hibernate.SQL                        : 
    select
        r1_0.id,
        r1_0.name 
    from
        role r1_0 
    where
        r1_0.id=?
2026-03-20 19:23:59.307 DEBUG 1297738 [boundedElastic-1] [] org.hibernate.SQL                        : 
    select
        u1_0.uuid,
        u1_0.dob,
        u1_0.account_non_expired,
        u1_0.account_non_locked,
        u1_0.created_at,
        u1_0.credentials_non_expired,
        u1_0.email,
        u1_0.enabled,
        u1_0.firstname,
        u1_0.lastname,
        u1_0.organization_id,
        u1_0.password,
        u1_0.phone_number,
        u1_0.role_id,
        u1_0.updated_at,
        u1_0.username 
    from
        users u1_0 
    where
        u1_0.username=?
2026-03-20 19:23:59.320 DEBUG 1297738 [boundedElastic-1] [] org.hibernate.SQL                        : 
    select
        o1_0.id,
        o1_0.api_key,
        o1_0.contact_email,
        o1_0.created_at,
        o1_0.domain,
        o1_0.is_active,
        o1_0.is_internal,
        o1_0.last_api_call,
        o1_0.max_geofences,
        o1_0.max_users,
        o1_0.max_vehicles,
        o1_0.name,
        o1_0.rate_limit_per_hour,
        o1_0.subscription_plan,
        o1_0.webhook_url 
    from
        organizations o1_0 
    where
        o1_0.id=?
2026-03-20 19:24:14.669 DEBUG 1297738 [boundedElastic-1] [] org.hibernate.SQL                        : 
    select
        u1_0.uuid,
        u1_0.dob,
        u1_0.account_non_expired,
        u1_0.account_non_locked,
        u1_0.created_at,
        u1_0.credentials_non_expired,
        u1_0.email,
        u1_0.enabled,
        u1_0.firstname,
        u1_0.lastname,
        u1_0.organization_id,
        u1_0.password,
        u1_0.phone_number,
        u1_0.role_id,
        u1_0.updated_at,
        u1_0.username 
    from
        users u1_0 
    left join
        organizations o1_0 
            on o1_0.id=u1_0.organization_id 
    where
        u1_0.email=? 
        and o1_0.api_key=?
2026-03-20 19:24:14.674 DEBUG 1297738 [boundedElastic-1] [] org.hibernate.SQL                        : 
    select
        r1_0.id,
        r1_0.name 
    from
        role r1_0 
    where
        r1_0.id=?
2026-03-20 19:24:14.790 DEBUG 1297738 [boundedElastic-1] [] org.hibernate.SQL                        : 
    select
        u1_0.uuid,
        u1_0.dob,
        u1_0.account_non_expired,
        u1_0.account_non_locked,
        u1_0.created_at,
        u1_0.credentials_non_expired,
        u1_0.email,
        u1_0.enabled,
        u1_0.firstname,
        u1_0.lastname,
        u1_0.organization_id,
        u1_0.password,
        u1_0.phone_number,
        u1_0.role_id,
        u1_0.updated_at,
        u1_0.username 
    from
        users u1_0 
    where
        u1_0.username=?
2026-03-20 19:24:14.794 DEBUG 1297738 [boundedElastic-1] [] org.hibernate.SQL                        : 
    select
        o1_0.id,
        o1_0.api_key,
        o1_0.contact_email,
        o1_0.created_at,
        o1_0.domain,
        o1_0.is_active,
        o1_0.is_internal,
        o1_0.last_api_call,
        o1_0.max_geofences,
        o1_0.max_users,
        o1_0.max_vehicles,
        o1_0.name,
        o1_0.rate_limit_per_hour,
        o1_0.subscription_plan,
        o1_0.webhook_url 
    from
        organizations o1_0 
    where
        o1_0.id=?
2026-03-20 19:27:01.770  INFO 1326513 [main] [] i.yowyob.geofence.GeofenceApplication    : Starting GeofenceApplication v0.0.1-SNAPSHOT using Java 21.0.10 with PID 1326513 (/home/davy_shadow/Documents/mes projets/geofence front-back/geofence-reactive-final-version/target/geofence-0.0.1-SNAPSHOT.jar started by davy_shadow in /home/davy_shadow/Documents/mes projets/geofence front-back/geofence-reactive-final-version)
2026-03-20 19:27:01.776 DEBUG 1326513 [main] [] i.yowyob.geofence.GeofenceApplication    : Running with Spring Boot v3.4.3, Spring v6.2.3
2026-03-20 19:27:01.777  INFO 1326513 [main] [] i.yowyob.geofence.GeofenceApplication    : The following 1 profile is active: "local"
2026-03-20 19:27:09.105  INFO 1326513 [main] [] .s.d.r.c.RepositoryConfigurationDelegate : Multiple Spring Data modules found, entering strict repository configuration mode
2026-03-20 19:27:09.113  INFO 1326513 [main] [] .s.d.r.c.RepositoryConfigurationDelegate : Bootstrapping Spring Data JPA repositories in DEFAULT mode.
2026-03-20 19:27:09.541  INFO 1326513 [main] [] .s.d.r.c.RepositoryConfigurationDelegate : Finished Spring Data repository scanning in 411 ms. Found 16 JPA repository interfaces.
2026-03-20 19:27:09.586  INFO 1326513 [main] [] .s.d.r.c.RepositoryConfigurationDelegate : Multiple Spring Data modules found, entering strict repository configuration mode
2026-03-20 19:27:09.588  INFO 1326513 [main] [] .s.d.r.c.RepositoryConfigurationDelegate : Bootstrapping Spring Data Redis repositories in DEFAULT mode.
2026-03-20 19:27:09.620  INFO 1326513 [main] [] .RepositoryConfigurationExtensionSupport : Spring Data Redis - Could not safely identify store assignment for repository candidate interface ink.yowyob.geofence.repository.AlertRepository; If you want this repository to be a Redis repository, consider annotating your entities with one of these annotations: org.springframework.data.redis.core.RedisHash (preferred), or consider extending one of the following types with your repository: org.springframework.data.keyvalue.repository.KeyValueRepository
2026-03-20 19:27:09.621  INFO 1326513 [main] [] .RepositoryConfigurationExtensionSupport : Spring Data Redis - Could not safely identify store assignment for repository candidate interface ink.yowyob.geofence.repository.AlertTypeRepository; If you want this repository to be a Redis repository, consider annotating your entities with one of these annotations: org.springframework.data.redis.core.RedisHash (preferred), or consider extending one of the following types with your repository: org.springframework.data.keyvalue.repository.KeyValueRepository
2026-03-20 19:27:09.623  INFO 1326513 [main] [] .RepositoryConfigurationExtensionSupport : Spring Data Redis - Could not safely identify store assignment for repository candidate interface ink.yowyob.geofence.repository.CircleGeofenceZoneRepository; If you want this repository to be a Redis repository, consider annotating your entities with one of these annotations: org.springframework.data.redis.core.RedisHash (preferred), or consider extending one of the following types with your repository: org.springframework.data.keyvalue.repository.KeyValueRepository
2026-03-20 19:27:09.624  INFO 1326513 [main] [] .RepositoryConfigurationExtensionSupport : Spring Data Redis - Could not safely identify store assignment for repository candidate interface ink.yowyob.geofence.repository.GeofenceForkRepository; If you want this repository to be a Redis repository, consider annotating your entities with one of these annotations: org.springframework.data.redis.core.RedisHash (preferred), or consider extending one of the following types with your repository: org.springframework.data.keyvalue.repository.KeyValueRepository
2026-03-20 19:27:09.624  INFO 1326513 [main] [] .RepositoryConfigurationExtensionSupport : Spring Data Redis - Could not safely identify store assignment for repository candidate interface ink.yowyob.geofence.repository.GeofenceInviteLinkRepository; If you want this repository to be a Redis repository, consider annotating your entities with one of these annotations: org.springframework.data.redis.core.RedisHash (preferred), or consider extending one of the following types with your repository: org.springframework.data.keyvalue.repository.KeyValueRepository
2026-03-20 19:27:09.625  INFO 1326513 [main] [] .RepositoryConfigurationExtensionSupport : Spring Data Redis - Could not safely identify store assignment for repository candidate interface ink.yowyob.geofence.repository.GeofenceShareRepository; If you want this repository to be a Redis repository, consider annotating your entities with one of these annotations: org.springframework.data.redis.core.RedisHash (preferred), or consider extending one of the following types with your repository: org.springframework.data.keyvalue.repository.KeyValueRepository
2026-03-20 19:27:09.625  INFO 1326513 [main] [] .RepositoryConfigurationExtensionSupport : Spring Data Redis - Could not safely identify store assignment for repository candidate interface ink.yowyob.geofence.repository.GeofenceZoneRepository; If you want this repository to be a Redis repository, consider annotating your entities with one of these annotations: org.springframework.data.redis.core.RedisHash (preferred), or consider extending one of the following types with your repository: org.springframework.data.keyvalue.repository.KeyValueRepository
2026-03-20 19:27:09.627  INFO 1326513 [main] [] .RepositoryConfigurationExtensionSupport : Spring Data Redis - Could not safely identify store assignment for repository candidate interface ink.yowyob.geofence.repository.LocationRepository; If you want this repository to be a Redis repository, consider annotating your entities with one of these annotations: org.springframework.data.redis.core.RedisHash (preferred), or consider extending one of the following types with your repository: org.springframework.data.keyvalue.repository.KeyValueRepository
2026-03-20 19:27:09.628  INFO 1326513 [main] [] .RepositoryConfigurationExtensionSupport : Spring Data Redis - Could not safely identify store assignment for repository candidate interface ink.yowyob.geofence.repository.OrganizationRepository; If you want this repository to be a Redis repository, consider annotating your entities with one of these annotations: org.springframework.data.redis.core.RedisHash (preferred), or consider extending one of the following types with your repository: org.springframework.data.keyvalue.repository.KeyValueRepository
2026-03-20 19:27:09.628  INFO 1326513 [main] [] .RepositoryConfigurationExtensionSupport : Spring Data Redis - Could not safely identify store assignment for repository candidate interface ink.yowyob.geofence.repository.PolygonGeofenceZoneRepository; If you want this repository to be a Redis repository, consider annotating your entities with one of these annotations: org.springframework.data.redis.core.RedisHash (preferred), or consider extending one of the following types with your repository: org.springframework.data.keyvalue.repository.KeyValueRepository
2026-03-20 19:27:09.629  INFO 1326513 [main] [] .RepositoryConfigurationExtensionSupport : Spring Data Redis - Could not safely identify store assignment for repository candidate interface ink.yowyob.geofence.repository.RoleRepository; If you want this repository to be a Redis repository, consider annotating your entities with one of these annotations: org.springframework.data.redis.core.RedisHash (preferred), or consider extending one of the following types with your repository: org.springframework.data.keyvalue.repository.KeyValueRepository
2026-03-20 19:27:09.629  INFO 1326513 [main] [] .RepositoryConfigurationExtensionSupport : Spring Data Redis - Could not safely identify store assignment for repository candidate interface ink.yowyob.geofence.repository.RouteRepository; If you want this repository to be a Redis repository, consider annotating your entities with one of these annotations: org.springframework.data.redis.core.RedisHash (preferred), or consider extending one of the following types with your repository: org.springframework.data.keyvalue.repository.KeyValueRepository
2026-03-20 19:27:09.630  INFO 1326513 [main] [] .RepositoryConfigurationExtensionSupport : Spring Data Redis - Could not safely identify store assignment for repository candidate interface ink.yowyob.geofence.repository.RouteSegmentRepository; If you want this repository to be a Redis repository, consider annotating your entities with one of these annotations: org.springframework.data.redis.core.RedisHash (preferred), or consider extending one of the following types with your repository: org.springframework.data.keyvalue.repository.KeyValueRepository
2026-03-20 19:27:09.630  INFO 1326513 [main] [] .RepositoryConfigurationExtensionSupport : Spring Data Redis - Could not safely identify store assignment for repository candidate interface ink.yowyob.geofence.repository.UserRepository; If you want this repository to be a Redis repository, consider annotating your entities with one of these annotations: org.springframework.data.redis.core.RedisHash (preferred), or consider extending one of the following types with your repository: org.springframework.data.keyvalue.repository.KeyValueRepository
2026-03-20 19:27:09.631  INFO 1326513 [main] [] .RepositoryConfigurationExtensionSupport : Spring Data Redis - Could not safely identify store assignment for repository candidate interface ink.yowyob.geofence.repository.VehicleApiKeyRepository; If you want this repository to be a Redis repository, consider annotating your entities with one of these annotations: org.springframework.data.redis.core.RedisHash (preferred), or consider extending one of the following types with your repository: org.springframework.data.keyvalue.repository.KeyValueRepository
2026-03-20 19:27:09.631  INFO 1326513 [main] [] .RepositoryConfigurationExtensionSupport : Spring Data Redis - Could not safely identify store assignment for repository candidate interface ink.yowyob.geofence.repository.VehicleRepository; If you want this repository to be a Redis repository, consider annotating your entities with one of these annotations: org.springframework.data.redis.core.RedisHash (preferred), or consider extending one of the following types with your repository: org.springframework.data.keyvalue.repository.KeyValueRepository
2026-03-20 19:27:09.632  INFO 1326513 [main] [] .s.d.r.c.RepositoryConfigurationDelegate : Finished Spring Data repository scanning in 24 ms. Found 0 Redis repository interfaces.
2026-03-20 19:27:11.888  INFO 1326513 [main] [] o.s.b.w.embedded.tomcat.TomcatWebServer  : Tomcat initialized with port 8080 (http)
2026-03-20 19:27:11.940  INFO 1326513 [main] [] o.apache.catalina.core.StandardService   : Starting service [Tomcat]
2026-03-20 19:27:11.941  INFO 1326513 [main] [] o.apache.catalina.core.StandardEngine    : Starting Servlet engine: [Apache Tomcat/10.1.36]
2026-03-20 19:27:13.084  INFO 1326513 [main] [] o.hibernate.jpa.internal.util.LogHelper  : HHH000204: Processing PersistenceUnitInfo [name: default]
2026-03-20 19:27:13.567  INFO 1326513 [main] [] org.hibernate.Version                    : HHH000412: Hibernate ORM core version 6.6.8.Final
2026-03-20 19:27:13.614  INFO 1326513 [main] [] o.h.spatial.integration.SpatialService   : HHH80000001: hibernate-spatial integration enabled : true
2026-03-20 19:27:13.724  INFO 1326513 [main] [] o.h.c.internal.RegionFactoryInitiator    : HHH000026: Second-level cache disabled
2026-03-20 19:27:14.256  INFO 1326513 [main] [] com.zaxxer.hikari.HikariDataSource       : HikariPool-1 - Starting...
2026-03-20 19:27:15.203  INFO 1326513 [main] [] com.zaxxer.hikari.pool.HikariPool        : HikariPool-1 - Added connection org.postgresql.jdbc.PgConnection@1b06dc57
2026-03-20 19:27:15.206  INFO 1326513 [main] [] com.zaxxer.hikari.HikariDataSource       : HikariPool-1 - Start completed.
2026-03-20 19:27:15.273  WARN 1326513 [main] [] org.hibernate.orm.deprecation            : HHH90000025: PostgreSQLDialect does not need to be specified explicitly using 'hibernate.dialect' (remove the property setting and it will be selected by default)
2026-03-20 19:27:15.313  INFO 1326513 [main] [] org.hibernate.orm.connections.pooling    : HHH10001005: Database info:
	Database JDBC URL [Connecting through datasource 'HikariDataSource (HikariPool-1)']
	Database driver: undefined/unknown
	Database version: 16.4
	Autocommit mode: undefined/unknown
	Isolation level: undefined/unknown
	Minimum pool size: undefined/unknown
	Maximum pool size: undefined/unknown
2026-03-20 19:27:15.350  INFO 1326513 [main] [] org.hibernate.spatial                    : HHH80000003: hibernate-spatial adding type contributions from : org.hibernate.spatial.dialect.postgis.PostgisDialectContributor
2026-03-20 19:27:15.963  INFO 1326513 [main] [] o.s.o.j.p.SpringPersistenceUnitInfo      : No LoadTimeWeaver setup: ignoring JPA class transformer
2026-03-20 19:27:16.102  INFO 1326513 [main] [] org.hibernate.spatial                    : HHH80000003: hibernate-spatial adding type contributions from : org.hibernate.spatial.dialect.postgis.PostgisDialectContributor
2026-03-20 19:27:18.286  INFO 1326513 [main] [] org.hibernate.spatial                    : HHH80000004: hibernate-spatial adding function contributions from : org.hibernate.spatial.dialect.postgis.PostgisDialectContributor
2026-03-20 19:27:22.617  INFO 1326513 [main] [] o.h.e.t.j.p.i.JtaPlatformInitiator       : HHH000489: No JTA platform available (set 'hibernate.transaction.jta.platform' to enable JTA platform integration)
2026-03-20 19:27:22.803  INFO 1326513 [main] [] j.LocalContainerEntityManagerFactoryBean : Initialized JPA EntityManagerFactory for persistence unit 'default'
2026-03-20 19:27:25.308  INFO 1326513 [main] [] o.s.d.j.r.query.QueryEnhancerFactory     : Hibernate is in classpath; If applicable, HQL parser will be used.
2026-03-20 19:27:30.684 TRACE 1326513 [main] [] o.s.c.a.AnnotationCacheOperationSource   : Adding cacheable method 'getGeofenceZone' with operations: [Builder[public ink.yowyob.geofence.dto.response.GeofenceZoneDTOResponse ink.yowyob.geofence.service.Implementation.GeofenceServiceImpl.getGeofenceZone(java.util.UUID,java.lang.String,ink.yowyob.geofence.model.User)] caches=[geofenceDetail] | key='#zoneId + '_' + #type' | keyGenerator='' | cacheManager='' | cacheResolver='' | condition='' | unless='' | sync='false']
2026-03-20 19:27:30.700 TRACE 1326513 [main] [] o.s.c.a.AnnotationCacheOperationSource   : Adding cacheable method 'createGeofenceZone' with operations: [Builder[public ink.yowyob.geofence.dto.response.GeofenceZoneDTOResponse ink.yowyob.geofence.service.Implementation.GeofenceServiceImpl.createGeofenceZone(ink.yowyob.geofence.dto.request.GeofenceZoneDTORequest,ink.yowyob.geofence.model.User)] caches=[geofences, sharedGeofences] | key='' | keyGenerator='' | cacheManager='' | cacheResolver='' | condition='',true,false]
2026-03-20 19:27:30.702 TRACE 1326513 [main] [] o.s.c.a.AnnotationCacheOperationSource   : Adding cacheable method 'getGeofenceZones' with operations: [Builder[public ink.yowyob.geofence.dto.response.MultipleGeofenceZoneDTOResponse ink.yowyob.geofence.service.Implementation.GeofenceServiceImpl.getGeofenceZones(ink.yowyob.geofence.model.User)] caches=[geofences] | key=''all'' | keyGenerator='' | cacheManager='' | cacheResolver='' | condition='' | unless='' | sync='false']
2026-03-20 19:27:30.704 TRACE 1326513 [main] [] o.s.c.a.AnnotationCacheOperationSource   : Adding cacheable method 'getMyGeofenceZones' with operations: [Builder[public ink.yowyob.geofence.dto.response.MultipleGeofenceZoneDTOResponse ink.yowyob.geofence.service.Implementation.GeofenceServiceImpl.getMyGeofenceZones(ink.yowyob.geofence.model.User)] caches=[geofences] | key=''user_' + #user.id' | keyGenerator='' | cacheManager='' | cacheResolver='' | condition='' | unless='' | sync='false']
2026-03-20 19:27:30.705 TRACE 1326513 [main] [] o.s.c.a.AnnotationCacheOperationSource   : Adding cacheable method 'editGeofenceZone' with operations: [Builder[public ink.yowyob.geofence.dto.response.GeofenceZoneDTOResponse ink.yowyob.geofence.service.Implementation.GeofenceServiceImpl.editGeofenceZone(ink.yowyob.geofence.dto.request.GeofenceZoneDTORequest,java.util.UUID,java.lang.String,ink.yowyob.geofence.model.User)] caches=[geofences, geofenceDetail, sharedGeofences] | key='' | keyGenerator='' | cacheManager='' | cacheResolver='' | condition='',true,false]
2026-03-20 19:27:40.919  WARN 1326513 [main] [] o.s.w.r.resource.ResourceHandlerUtils    : Appended trailing slash to static resource location: classpath:/META-INF/resources/webjars/swagger-ui/5.20.1/
2026-03-20 19:27:41.664  INFO 1326513 [main] [] o.s.b.a.e.web.EndpointLinksResolver      : Exposing 7 endpoints beneath base path '/actuator'
2026-03-20 19:27:45.674  WARN 1326513 [main] [] i.m.p.PrometheusMeterRegistry            : A MeterFilter is being configured after a Meter has been registered to this registry. All MeterFilters should be configured before any Meters are registered. If that is not possible or you have a use case where it should be allowed, let the Micrometer maintainers know at https://github.com/micrometer-metrics/micrometer/issues/4920. Enable DEBUG level logging on this logger to see a stack trace of the call configuring this MeterFilter.
2026-03-20 19:27:45.764  INFO 1326513 [main] [] o.s.m.s.b.SimpleBrokerMessageHandler     : Starting...
2026-03-20 19:27:45.767  INFO 1326513 [main] [] o.s.m.s.b.SimpleBrokerMessageHandler     : BrokerAvailabilityEvent[available=true, SimpleBrokerMessageHandler [org.springframework.messaging.simp.broker.DefaultSubscriptionRegistry@6a04f7c6]]
2026-03-20 19:27:45.772  INFO 1326513 [main] [] o.s.m.s.b.SimpleBrokerMessageHandler     : Started.
2026-03-20 19:27:45.836  INFO 1326513 [main] [] o.s.m.s.b.SimpleBrokerMessageHandler     : Stopping...
2026-03-20 19:27:45.838  INFO 1326513 [main] [] o.s.m.s.b.SimpleBrokerMessageHandler     : BrokerAvailabilityEvent[available=false, SimpleBrokerMessageHandler [org.springframework.messaging.simp.broker.DefaultSubscriptionRegistry@6a04f7c6]]
2026-03-20 19:27:45.838  INFO 1326513 [main] [] o.s.m.s.b.SimpleBrokerMessageHandler     : Stopped.
2026-03-20 19:27:45.949  WARN 1326513 [main] [] onfigReactiveWebServerApplicationContext : Exception encountered during context initialization - cancelling refresh attempt: org.springframework.context.ApplicationContextException: Failed to start bean 'webServerStartStop'
2026-03-20 19:27:46.080  INFO 1326513 [main] [] j.LocalContainerEntityManagerFactoryBean : Closing JPA EntityManagerFactory for persistence unit 'default'
2026-03-20 19:27:46.085  INFO 1326513 [main] [] com.zaxxer.hikari.HikariDataSource       : HikariPool-1 - Shutdown initiated...
2026-03-20 19:27:46.105  INFO 1326513 [main] [] com.zaxxer.hikari.HikariDataSource       : HikariPool-1 - Shutdown completed.
2026-03-20 19:27:46.202  INFO 1326513 [main] [] .s.b.a.l.ConditionEvaluationReportLogger : 

Error starting ApplicationContext. To display the condition evaluation report re-run your application with 'debug' enabled.
2026-03-20 19:27:46.271 ERROR 1326513 [main] [] o.s.boot.SpringApplication               : Application run failed

org.springframework.context.ApplicationContextException: Failed to start bean 'webServerStartStop'
	at org.springframework.context.support.DefaultLifecycleProcessor.doStart(DefaultLifecycleProcessor.java:326)
	at org.springframework.context.support.DefaultLifecycleProcessor$LifecycleGroup.start(DefaultLifecycleProcessor.java:510)
	at java.base/java.lang.Iterable.forEach(Iterable.java:75)
	at org.springframework.context.support.DefaultLifecycleProcessor.startBeans(DefaultLifecycleProcessor.java:295)
	at org.springframework.context.support.DefaultLifecycleProcessor.onRefresh(DefaultLifecycleProcessor.java:240)
	at org.springframework.context.support.AbstractApplicationContext.finishRefresh(AbstractApplicationContext.java:1006)
	at org.springframework.context.support.AbstractApplicationContext.refresh(AbstractApplicationContext.java:630)
	at org.springframework.boot.web.reactive.context.ReactiveWebServerApplicationContext.refresh(ReactiveWebServerApplicationContext.java:66)
	at org.springframework.boot.SpringApplication.refresh(SpringApplication.java:752)
	at org.springframework.boot.SpringApplication.refreshContext(SpringApplication.java:439)
	at org.springframework.boot.SpringApplication.run(SpringApplication.java:318)
	at ink.yowyob.geofence.GeofenceApplication.main(GeofenceApplication.java:31)
	at java.base/jdk.internal.reflect.DirectMethodHandleAccessor.invoke(DirectMethodHandleAccessor.java:103)
	at java.base/java.lang.reflect.Method.invoke(Method.java:580)
	at org.springframework.boot.loader.launch.Launcher.launch(Launcher.java:102)
	at org.springframework.boot.loader.launch.Launcher.launch(Launcher.java:64)
	at org.springframework.boot.loader.launch.JarLauncher.main(JarLauncher.java:40)
Caused by: org.springframework.boot.web.server.WebServerException: Unable to start embedded Tomcat server
	at org.springframework.boot.web.embedded.tomcat.TomcatWebServer.start(TomcatWebServer.java:251)
	at org.springframework.boot.web.reactive.context.WebServerManager.start(WebServerManager.java:55)
	at org.springframework.boot.web.reactive.context.WebServerStartStopLifecycle.start(WebServerStartStopLifecycle.java:41)
	at org.springframework.context.support.DefaultLifecycleProcessor.doStart(DefaultLifecycleProcessor.java:323)
	... 16 common frames omitted
Caused by: java.lang.IllegalArgumentException: standardService.connector.startFailed
	at org.apache.catalina.core.StandardService.addConnector(StandardService.java:222)
	at org.springframework.boot.web.embedded.tomcat.TomcatWebServer.addPreviouslyRemovedConnectors(TomcatWebServer.java:310)
	at org.springframework.boot.web.embedded.tomcat.TomcatWebServer.start(TomcatWebServer.java:236)
	... 19 common frames omitted
Caused by: org.apache.catalina.LifecycleException: Protocol handler start failed
	at org.apache.catalina.connector.Connector.startInternal(Connector.java:1082)
	at org.apache.catalina.util.LifecycleBase.start(LifecycleBase.java:164)
	at org.apache.catalina.core.StandardService.addConnector(StandardService.java:219)
	... 21 common frames omitted
Caused by: java.net.BindException: Adresse déjà utilisée
	at java.base/sun.nio.ch.Net.bind0(Native Method)
	at java.base/sun.nio.ch.Net.bind(Net.java:577)
	at java.base/sun.nio.ch.ServerSocketChannelImpl.netBind(ServerSocketChannelImpl.java:344)
	at java.base/sun.nio.ch.ServerSocketChannelImpl.bind(ServerSocketChannelImpl.java:301)
	at org.apache.tomcat.util.net.NioEndpoint.initServerSocket(NioEndpoint.java:239)
	at org.apache.tomcat.util.net.NioEndpoint.bind(NioEndpoint.java:194)
	at org.apache.tomcat.util.net.AbstractEndpoint.bindWithCleanup(AbstractEndpoint.java:1304)
	at org.apache.tomcat.util.net.AbstractEndpoint.start(AbstractEndpoint.java:1390)
	at org.apache.coyote.AbstractProtocol.start(AbstractProtocol.java:644)
	at org.apache.catalina.connector.Connector.startInternal(Connector.java:1079)
	... 23 common frames omitted

2026-03-20 19:27:46.484 DEBUG 1297738 [boundedElastic-1] [] org.hibernate.SQL                        : 
    select
        u1_0.uuid,
        u1_0.dob,
        u1_0.account_non_expired,
        u1_0.account_non_locked,
        u1_0.created_at,
        u1_0.credentials_non_expired,
        u1_0.email,
        u1_0.enabled,
        u1_0.firstname,
        u1_0.lastname,
        u1_0.organization_id,
        u1_0.password,
        u1_0.phone_number,
        u1_0.role_id,
        u1_0.updated_at,
        u1_0.username 
    from
        users u1_0 
    left join
        organizations o1_0 
            on o1_0.id=u1_0.organization_id 
    where
        u1_0.email=? 
        and o1_0.api_key=?
2026-03-20 19:27:46.491 DEBUG 1297738 [boundedElastic-1] [] org.hibernate.SQL                        : 
    select
        r1_0.id,
        r1_0.name 
    from
        role r1_0 
    where
        r1_0.id=?
2026-03-20 19:27:46.502  WARN 1297738 [boundedElastic-1] [] reactor.core.Exceptions                  : throwIfFatal detected a jvm fatal exception, which is thrown and logged below:

java.lang.NoClassDefFoundError: org/postgresql/jdbc/TimestampUtils$ParsedBinaryTimestamp
	at org.postgresql.jdbc.TimestampUtils.toParsedTimestampBinPlain(TimestampUtils.java:1528)
	at org.postgresql.jdbc.TimestampUtils.toParsedTimestampBin(TimestampUtils.java:1538)
	at org.postgresql.jdbc.TimestampUtils.toTimestampBin(TimestampUtils.java:1464)
	at org.postgresql.jdbc.PgResultSet.getTimestamp(PgResultSet.java:616)
	at org.postgresql.jdbc.PgResultSet.getTimestamp(PgResultSet.java:2865)
	at com.zaxxer.hikari.pool.HikariProxyResultSet.getTimestamp(HikariProxyResultSet.java)
	at org.hibernate.type.descriptor.jdbc.TimestampJdbcType$2.doExtract(TimestampJdbcType.java:111)
	at org.hibernate.type.descriptor.jdbc.BasicExtractor.extract(BasicExtractor.java:44)
	at org.hibernate.sql.results.jdbc.internal.JdbcValuesResultSetImpl.getCurrentRowValue(JdbcValuesResultSetImpl.java:387)
	at org.hibernate.sql.results.internal.RowProcessingStateStandardImpl.getJdbcValue(RowProcessingStateStandardImpl.java:152)
	at org.hibernate.sql.results.graph.basic.BasicResultAssembler.extractRawValue(BasicResultAssembler.java:54)
	at org.hibernate.sql.results.graph.basic.BasicResultAssembler.assemble(BasicResultAssembler.java:60)
	at org.hibernate.sql.results.graph.entity.internal.EntityInitializerImpl.extractConcreteTypeStateValues(EntityInitializerImpl.java:1607)
	at org.hibernate.sql.results.graph.entity.internal.EntityInitializerImpl.initializeEntityInstance(EntityInitializerImpl.java:1333)
	at org.hibernate.sql.results.graph.entity.internal.EntityInitializerImpl.initializeInstance(EntityInitializerImpl.java:1312)
	at org.hibernate.sql.results.graph.entity.internal.EntityInitializerImpl.initializeInstance(EntityInitializerImpl.java:97)
	at org.hibernate.sql.results.internal.StandardRowReader.coordinateInitializers(StandardRowReader.java:244)
	at org.hibernate.sql.results.internal.StandardRowReader.readRow(StandardRowReader.java:141)
	at org.hibernate.sql.results.spi.ListResultsConsumer.read(ListResultsConsumer.java:249)
	at org.hibernate.sql.results.spi.ListResultsConsumer.consume(ListResultsConsumer.java:201)
	at org.hibernate.sql.results.spi.ListResultsConsumer.consume(ListResultsConsumer.java:35)
	at org.hibernate.sql.exec.internal.JdbcSelectExecutorStandardImpl.doExecuteQuery(JdbcSelectExecutorStandardImpl.java:224)
	at org.hibernate.sql.exec.internal.JdbcSelectExecutorStandardImpl.executeQuery(JdbcSelectExecutorStandardImpl.java:102)
	at org.hibernate.sql.exec.spi.JdbcSelectExecutor.executeQuery(JdbcSelectExecutor.java:91)
	at org.hibernate.sql.exec.spi.JdbcSelectExecutor.list(JdbcSelectExecutor.java:165)
	at org.hibernate.query.sqm.internal.ConcreteSqmSelectQueryPlan.lambda$new$1(ConcreteSqmSelectQueryPlan.java:152)
	at org.hibernate.query.sqm.internal.ConcreteSqmSelectQueryPlan.withCacheableSqmInterpretation(ConcreteSqmSelectQueryPlan.java:442)
	at org.hibernate.query.sqm.internal.ConcreteSqmSelectQueryPlan.performList(ConcreteSqmSelectQueryPlan.java:362)
	at org.hibernate.query.sqm.internal.QuerySqmImpl.doList(QuerySqmImpl.java:380)
	at org.hibernate.query.spi.AbstractSelectionQuery.list(AbstractSelectionQuery.java:143)
	at org.hibernate.query.spi.AbstractSelectionQuery.getSingleResult(AbstractSelectionQuery.java:275)
	at org.springframework.data.jpa.repository.query.JpaQueryExecution$SingleEntityExecution.doExecute(JpaQueryExecution.java:224)
	at org.springframework.data.jpa.repository.query.JpaQueryExecution.execute(JpaQueryExecution.java:93)
	at org.springframework.data.jpa.repository.query.AbstractJpaQuery.doExecute(AbstractJpaQuery.java:152)
	at org.springframework.data.jpa.repository.query.AbstractJpaQuery.execute(AbstractJpaQuery.java:140)
	at org.springframework.data.repository.core.support.RepositoryMethodInvoker.doInvoke(RepositoryMethodInvoker.java:170)
	at org.springframework.data.repository.core.support.RepositoryMethodInvoker.invoke(RepositoryMethodInvoker.java:158)
	at org.springframework.data.repository.core.support.QueryExecutorMethodInterceptor.doInvoke(QueryExecutorMethodInterceptor.java:170)
	at org.springframework.data.repository.core.support.QueryExecutorMethodInterceptor.invoke(QueryExecutorMethodInterceptor.java:149)
	at org.springframework.aop.framework.ReflectiveMethodInvocation.proceed(ReflectiveMethodInvocation.java:184)
	at org.springframework.data.projection.DefaultMethodInvokingMethodInterceptor.invoke(DefaultMethodInvokingMethodInterceptor.java:69)
	at org.springframework.aop.framework.ReflectiveMethodInvocation.proceed(ReflectiveMethodInvocation.java:184)
	at org.springframework.transaction.interceptor.TransactionAspectSupport.invokeWithinTransaction(TransactionAspectSupport.java:380)
	at org.springframework.transaction.interceptor.TransactionInterceptor.invoke(TransactionInterceptor.java:119)
	at org.springframework.aop.framework.ReflectiveMethodInvocation.proceed(ReflectiveMethodInvocation.java:184)
	at org.springframework.dao.support.PersistenceExceptionTranslationInterceptor.invoke(PersistenceExceptionTranslationInterceptor.java:138)
	at org.springframework.aop.framework.ReflectiveMethodInvocation.proceed(ReflectiveMethodInvocation.java:184)
	at org.springframework.data.jpa.repository.support.CrudMethodMetadataPostProcessor$CrudMethodMetadataPopulatingMethodInterceptor.invoke(CrudMethodMetadataPostProcessor.java:136)
	at org.springframework.aop.framework.ReflectiveMethodInvocation.proceed(ReflectiveMethodInvocation.java:184)
	at org.springframework.aop.framework.JdkDynamicAopProxy.invoke(JdkDynamicAopProxy.java:223)
	at jdk.proxy2/jdk.proxy2.$Proxy187.findByEmailAndOrganization_ApiKey(Unknown Source)
	at ink.yowyob.geofence.auth.AuthServiceImpl.loginEmail(AuthServiceImpl.java:134)
	at ink.yowyob.geofence.auth.AuthServiceImpl.login(AuthServiceImpl.java:111)
	at java.base/jdk.internal.reflect.DirectMethodHandleAccessor.invoke(DirectMethodHandleAccessor.java:103)
	at java.base/java.lang.reflect.Method.invoke(Method.java:580)
	at org.springframework.aop.support.AopUtils.invokeJoinpointUsingReflection(AopUtils.java:359)
	at org.springframework.aop.framework.ReflectiveMethodInvocation.invokeJoinpoint(ReflectiveMethodInvocation.java:196)
	at org.springframework.aop.framework.ReflectiveMethodInvocation.proceed(ReflectiveMethodInvocation.java:163)
	at org.springframework.transaction.interceptor.TransactionAspectSupport.invokeWithinTransaction(TransactionAspectSupport.java:380)
	at org.springframework.transaction.interceptor.TransactionInterceptor.invoke(TransactionInterceptor.java:119)
	at org.springframework.aop.framework.ReflectiveMethodInvocation.proceed(ReflectiveMethodInvocation.java:184)
	at org.springframework.aop.framework.CglibAopProxy$DynamicAdvisedInterceptor.intercept(CglibAopProxy.java:727)
	at ink.yowyob.geofence.auth.AuthServiceImpl$$SpringCGLIB$$0.login(<generated>)
	at ink.yowyob.geofence.auth.AuthController.lambda$login$2(AuthController.java:150)
	at reactor.core.publisher.MonoCallable.call(MonoCallable.java:72)
	at reactor.core.publisher.FluxSubscribeOnCallable$CallableSubscribeOnSubscription.run(FluxSubscribeOnCallable.java:228)
	at reactor.core.scheduler.SchedulerTask.call(SchedulerTask.java:68)
	at reactor.core.scheduler.SchedulerTask.call(SchedulerTask.java:28)
	at java.base/java.util.concurrent.FutureTask.run(FutureTask.java:317)
	at java.base/java.util.concurrent.ScheduledThreadPoolExecutor$ScheduledFutureTask.run(ScheduledThreadPoolExecutor.java:304)
	at java.base/java.util.concurrent.ThreadPoolExecutor.runWorker(ThreadPoolExecutor.java:1144)
	at java.base/java.util.concurrent.ThreadPoolExecutor$Worker.run(ThreadPoolExecutor.java:642)
	at java.base/java.lang.Thread.run(Thread.java:1583)
Caused by: java.lang.ClassNotFoundException: org.postgresql.jdbc.TimestampUtils$ParsedBinaryTimestamp
	at java.base/java.net.URLClassLoader.findClass(URLClassLoader.java:445)
	at java.base/java.lang.ClassLoader.loadClass(ClassLoader.java:593)
	at org.springframework.boot.loader.net.protocol.jar.JarUrlClassLoader.loadClass(JarUrlClassLoader.java:107)
	at org.springframework.boot.loader.launch.LaunchedClassLoader.loadClass(LaunchedClassLoader.java:91)
	at java.base/java.lang.ClassLoader.loadClass(ClassLoader.java:526)
	... 73 common frames omitted

2026-03-20 19:27:46.503 ERROR 1297738 [boundedElastic-1] [] reactor.core.scheduler.Schedulers        : Scheduler worker in group main failed with an uncaught exception

java.lang.NoClassDefFoundError: org/postgresql/jdbc/TimestampUtils$ParsedBinaryTimestamp
	at org.postgresql.jdbc.TimestampUtils.toParsedTimestampBinPlain(TimestampUtils.java:1528)
	at org.postgresql.jdbc.TimestampUtils.toParsedTimestampBin(TimestampUtils.java:1538)
	at org.postgresql.jdbc.TimestampUtils.toTimestampBin(TimestampUtils.java:1464)
	at org.postgresql.jdbc.PgResultSet.getTimestamp(PgResultSet.java:616)
	at org.postgresql.jdbc.PgResultSet.getTimestamp(PgResultSet.java:2865)
	at com.zaxxer.hikari.pool.HikariProxyResultSet.getTimestamp(HikariProxyResultSet.java)
	at org.hibernate.type.descriptor.jdbc.TimestampJdbcType$2.doExtract(TimestampJdbcType.java:111)
	at org.hibernate.type.descriptor.jdbc.BasicExtractor.extract(BasicExtractor.java:44)
	at org.hibernate.sql.results.jdbc.internal.JdbcValuesResultSetImpl.getCurrentRowValue(JdbcValuesResultSetImpl.java:387)
	at org.hibernate.sql.results.internal.RowProcessingStateStandardImpl.getJdbcValue(RowProcessingStateStandardImpl.java:152)
	at org.hibernate.sql.results.graph.basic.BasicResultAssembler.extractRawValue(BasicResultAssembler.java:54)
	at org.hibernate.sql.results.graph.basic.BasicResultAssembler.assemble(BasicResultAssembler.java:60)
	at org.hibernate.sql.results.graph.entity.internal.EntityInitializerImpl.extractConcreteTypeStateValues(EntityInitializerImpl.java:1607)
	at org.hibernate.sql.results.graph.entity.internal.EntityInitializerImpl.initializeEntityInstance(EntityInitializerImpl.java:1333)
	at org.hibernate.sql.results.graph.entity.internal.EntityInitializerImpl.initializeInstance(EntityInitializerImpl.java:1312)
	at org.hibernate.sql.results.graph.entity.internal.EntityInitializerImpl.initializeInstance(EntityInitializerImpl.java:97)
	at org.hibernate.sql.results.internal.StandardRowReader.coordinateInitializers(StandardRowReader.java:244)
	at org.hibernate.sql.results.internal.StandardRowReader.readRow(StandardRowReader.java:141)
	at org.hibernate.sql.results.spi.ListResultsConsumer.read(ListResultsConsumer.java:249)
	at org.hibernate.sql.results.spi.ListResultsConsumer.consume(ListResultsConsumer.java:201)
	at org.hibernate.sql.results.spi.ListResultsConsumer.consume(ListResultsConsumer.java:35)
	at org.hibernate.sql.exec.internal.JdbcSelectExecutorStandardImpl.doExecuteQuery(JdbcSelectExecutorStandardImpl.java:224)
	at org.hibernate.sql.exec.internal.JdbcSelectExecutorStandardImpl.executeQuery(JdbcSelectExecutorStandardImpl.java:102)
	at org.hibernate.sql.exec.spi.JdbcSelectExecutor.executeQuery(JdbcSelectExecutor.java:91)
	at org.hibernate.sql.exec.spi.JdbcSelectExecutor.list(JdbcSelectExecutor.java:165)
	at org.hibernate.query.sqm.internal.ConcreteSqmSelectQueryPlan.lambda$new$1(ConcreteSqmSelectQueryPlan.java:152)
	at org.hibernate.query.sqm.internal.ConcreteSqmSelectQueryPlan.withCacheableSqmInterpretation(ConcreteSqmSelectQueryPlan.java:442)
	at org.hibernate.query.sqm.internal.ConcreteSqmSelectQueryPlan.performList(ConcreteSqmSelectQueryPlan.java:362)
	at org.hibernate.query.sqm.internal.QuerySqmImpl.doList(QuerySqmImpl.java:380)
	at org.hibernate.query.spi.AbstractSelectionQuery.list(AbstractSelectionQuery.java:143)
	at org.hibernate.query.spi.AbstractSelectionQuery.getSingleResult(AbstractSelectionQuery.java:275)
	at org.springframework.data.jpa.repository.query.JpaQueryExecution$SingleEntityExecution.doExecute(JpaQueryExecution.java:224)
	at org.springframework.data.jpa.repository.query.JpaQueryExecution.execute(JpaQueryExecution.java:93)
	at org.springframework.data.jpa.repository.query.AbstractJpaQuery.doExecute(AbstractJpaQuery.java:152)
	at org.springframework.data.jpa.repository.query.AbstractJpaQuery.execute(AbstractJpaQuery.java:140)
	at org.springframework.data.repository.core.support.RepositoryMethodInvoker.doInvoke(RepositoryMethodInvoker.java:170)
	at org.springframework.data.repository.core.support.RepositoryMethodInvoker.invoke(RepositoryMethodInvoker.java:158)
	at org.springframework.data.repository.core.support.QueryExecutorMethodInterceptor.doInvoke(QueryExecutorMethodInterceptor.java:170)
	at org.springframework.data.repository.core.support.QueryExecutorMethodInterceptor.invoke(QueryExecutorMethodInterceptor.java:149)
	at org.springframework.aop.framework.ReflectiveMethodInvocation.proceed(ReflectiveMethodInvocation.java:184)
	at org.springframework.data.projection.DefaultMethodInvokingMethodInterceptor.invoke(DefaultMethodInvokingMethodInterceptor.java:69)
	at org.springframework.aop.framework.ReflectiveMethodInvocation.proceed(ReflectiveMethodInvocation.java:184)
	at org.springframework.transaction.interceptor.TransactionAspectSupport.invokeWithinTransaction(TransactionAspectSupport.java:380)
	at org.springframework.transaction.interceptor.TransactionInterceptor.invoke(TransactionInterceptor.java:119)
	at org.springframework.aop.framework.ReflectiveMethodInvocation.proceed(ReflectiveMethodInvocation.java:184)
	at org.springframework.dao.support.PersistenceExceptionTranslationInterceptor.invoke(PersistenceExceptionTranslationInterceptor.java:138)
	at org.springframework.aop.framework.ReflectiveMethodInvocation.proceed(ReflectiveMethodInvocation.java:184)
	at org.springframework.data.jpa.repository.support.CrudMethodMetadataPostProcessor$CrudMethodMetadataPopulatingMethodInterceptor.invoke(CrudMethodMetadataPostProcessor.java:136)
	at org.springframework.aop.framework.ReflectiveMethodInvocation.proceed(ReflectiveMethodInvocation.java:184)
	at org.springframework.aop.framework.JdkDynamicAopProxy.invoke(JdkDynamicAopProxy.java:223)
	at jdk.proxy2/jdk.proxy2.$Proxy187.findByEmailAndOrganization_ApiKey(Unknown Source)
	at ink.yowyob.geofence.auth.AuthServiceImpl.loginEmail(AuthServiceImpl.java:134)
	at ink.yowyob.geofence.auth.AuthServiceImpl.login(AuthServiceImpl.java:111)
	at java.base/jdk.internal.reflect.DirectMethodHandleAccessor.invoke(DirectMethodHandleAccessor.java:103)
	at java.base/java.lang.reflect.Method.invoke(Method.java:580)
	at org.springframework.aop.support.AopUtils.invokeJoinpointUsingReflection(AopUtils.java:359)
	at org.springframework.aop.framework.ReflectiveMethodInvocation.invokeJoinpoint(ReflectiveMethodInvocation.java:196)
	at org.springframework.aop.framework.ReflectiveMethodInvocation.proceed(ReflectiveMethodInvocation.java:163)
	at org.springframework.transaction.interceptor.TransactionAspectSupport.invokeWithinTransaction(TransactionAspectSupport.java:380)
	at org.springframework.transaction.interceptor.TransactionInterceptor.invoke(TransactionInterceptor.java:119)
	at org.springframework.aop.framework.ReflectiveMethodInvocation.proceed(ReflectiveMethodInvocation.java:184)
	at org.springframework.aop.framework.CglibAopProxy$DynamicAdvisedInterceptor.intercept(CglibAopProxy.java:727)
	at ink.yowyob.geofence.auth.AuthServiceImpl$$SpringCGLIB$$0.login(<generated>)
	at ink.yowyob.geofence.auth.AuthController.lambda$login$2(AuthController.java:150)
	at reactor.core.publisher.MonoCallable.call(MonoCallable.java:72)
	at reactor.core.publisher.FluxSubscribeOnCallable$CallableSubscribeOnSubscription.run(FluxSubscribeOnCallable.java:228)
	at reactor.core.scheduler.SchedulerTask.call(SchedulerTask.java:68)
	at reactor.core.scheduler.SchedulerTask.call(SchedulerTask.java:28)
	at java.base/java.util.concurrent.FutureTask.run(FutureTask.java:317)
	at java.base/java.util.concurrent.ScheduledThreadPoolExecutor$ScheduledFutureTask.run(ScheduledThreadPoolExecutor.java:304)
	at java.base/java.util.concurrent.ThreadPoolExecutor.runWorker(ThreadPoolExecutor.java:1144)
	at java.base/java.util.concurrent.ThreadPoolExecutor$Worker.run(ThreadPoolExecutor.java:642)
	at java.base/java.lang.Thread.run(Thread.java:1583)
Caused by: java.lang.ClassNotFoundException: org.postgresql.jdbc.TimestampUtils$ParsedBinaryTimestamp
	at java.base/java.net.URLClassLoader.findClass(URLClassLoader.java:445)
	at java.base/java.lang.ClassLoader.loadClass(ClassLoader.java:593)
	at org.springframework.boot.loader.net.protocol.jar.JarUrlClassLoader.loadClass(JarUrlClassLoader.java:107)
	at org.springframework.boot.loader.launch.LaunchedClassLoader.loadClass(LaunchedClassLoader.java:91)
	at java.base/java.lang.ClassLoader.loadClass(ClassLoader.java:526)
	... 73 common frames omitted

2026-03-20 19:28:25.184 DEBUG 1297738 [boundedElastic-1] [] org.hibernate.SQL                        : 
    select
        u1_0.uuid,
        u1_0.dob,
        u1_0.account_non_expired,
        u1_0.account_non_locked,
        u1_0.created_at,
        u1_0.credentials_non_expired,
        u1_0.email,
        u1_0.enabled,
        u1_0.firstname,
        u1_0.lastname,
        u1_0.organization_id,
        u1_0.password,
        u1_0.phone_number,
        u1_0.role_id,
        u1_0.updated_at,
        u1_0.username 
    from
        users u1_0 
    left join
        organizations o1_0 
            on o1_0.id=u1_0.organization_id 
    where
        u1_0.email=? 
        and o1_0.api_key=?
2026-03-20 19:28:25.195 DEBUG 1297738 [boundedElastic-1] [] org.hibernate.SQL                        : 
    select
        r1_0.id,
        r1_0.name 
    from
        role r1_0 
    where
        r1_0.id=?
2026-03-20 19:28:25.204  WARN 1297738 [boundedElastic-1] [] reactor.core.Exceptions                  : throwIfFatal detected a jvm fatal exception, which is thrown and logged below:

java.lang.NoClassDefFoundError: org/postgresql/jdbc/TimestampUtils$ParsedBinaryTimestamp
	at org.postgresql.jdbc.TimestampUtils.toParsedTimestampBinPlain(TimestampUtils.java:1528)
	at org.postgresql.jdbc.TimestampUtils.toParsedTimestampBin(TimestampUtils.java:1538)
	at org.postgresql.jdbc.TimestampUtils.toTimestampBin(TimestampUtils.java:1464)
	at org.postgresql.jdbc.PgResultSet.getTimestamp(PgResultSet.java:616)
	at org.postgresql.jdbc.PgResultSet.getTimestamp(PgResultSet.java:2865)
	at com.zaxxer.hikari.pool.HikariProxyResultSet.getTimestamp(HikariProxyResultSet.java)
	at org.hibernate.type.descriptor.jdbc.TimestampJdbcType$2.doExtract(TimestampJdbcType.java:111)
	at org.hibernate.type.descriptor.jdbc.BasicExtractor.extract(BasicExtractor.java:44)
	at org.hibernate.sql.results.jdbc.internal.JdbcValuesResultSetImpl.getCurrentRowValue(JdbcValuesResultSetImpl.java:387)
	at org.hibernate.sql.results.internal.RowProcessingStateStandardImpl.getJdbcValue(RowProcessingStateStandardImpl.java:152)
	at org.hibernate.sql.results.graph.basic.BasicResultAssembler.extractRawValue(BasicResultAssembler.java:54)
	at org.hibernate.sql.results.graph.basic.BasicResultAssembler.assemble(BasicResultAssembler.java:60)
	at org.hibernate.sql.results.graph.entity.internal.EntityInitializerImpl.extractConcreteTypeStateValues(EntityInitializerImpl.java:1607)
	at org.hibernate.sql.results.graph.entity.internal.EntityInitializerImpl.initializeEntityInstance(EntityInitializerImpl.java:1333)
	at org.hibernate.sql.results.graph.entity.internal.EntityInitializerImpl.initializeInstance(EntityInitializerImpl.java:1312)
	at org.hibernate.sql.results.graph.entity.internal.EntityInitializerImpl.initializeInstance(EntityInitializerImpl.java:97)
	at org.hibernate.sql.results.internal.StandardRowReader.coordinateInitializers(StandardRowReader.java:244)
	at org.hibernate.sql.results.internal.StandardRowReader.readRow(StandardRowReader.java:141)
	at org.hibernate.sql.results.spi.ListResultsConsumer.read(ListResultsConsumer.java:249)
	at org.hibernate.sql.results.spi.ListResultsConsumer.consume(ListResultsConsumer.java:201)
	at org.hibernate.sql.results.spi.ListResultsConsumer.consume(ListResultsConsumer.java:35)
	at org.hibernate.sql.exec.internal.JdbcSelectExecutorStandardImpl.doExecuteQuery(JdbcSelectExecutorStandardImpl.java:224)
	at org.hibernate.sql.exec.internal.JdbcSelectExecutorStandardImpl.executeQuery(JdbcSelectExecutorStandardImpl.java:102)
	at org.hibernate.sql.exec.spi.JdbcSelectExecutor.executeQuery(JdbcSelectExecutor.java:91)
	at org.hibernate.sql.exec.spi.JdbcSelectExecutor.list(JdbcSelectExecutor.java:165)
	at org.hibernate.query.sqm.internal.ConcreteSqmSelectQueryPlan.lambda$new$1(ConcreteSqmSelectQueryPlan.java:152)
	at org.hibernate.query.sqm.internal.ConcreteSqmSelectQueryPlan.withCacheableSqmInterpretation(ConcreteSqmSelectQueryPlan.java:442)
	at org.hibernate.query.sqm.internal.ConcreteSqmSelectQueryPlan.performList(ConcreteSqmSelectQueryPlan.java:362)
	at org.hibernate.query.sqm.internal.QuerySqmImpl.doList(QuerySqmImpl.java:380)
	at org.hibernate.query.spi.AbstractSelectionQuery.list(AbstractSelectionQuery.java:143)
	at org.hibernate.query.spi.AbstractSelectionQuery.getSingleResult(AbstractSelectionQuery.java:275)
	at org.springframework.data.jpa.repository.query.JpaQueryExecution$SingleEntityExecution.doExecute(JpaQueryExecution.java:224)
	at org.springframework.data.jpa.repository.query.JpaQueryExecution.execute(JpaQueryExecution.java:93)
	at org.springframework.data.jpa.repository.query.AbstractJpaQuery.doExecute(AbstractJpaQuery.java:152)
	at org.springframework.data.jpa.repository.query.AbstractJpaQuery.execute(AbstractJpaQuery.java:140)
	at org.springframework.data.repository.core.support.RepositoryMethodInvoker.doInvoke(RepositoryMethodInvoker.java:170)
	at org.springframework.data.repository.core.support.RepositoryMethodInvoker.invoke(RepositoryMethodInvoker.java:158)
	at org.springframework.data.repository.core.support.QueryExecutorMethodInterceptor.doInvoke(QueryExecutorMethodInterceptor.java:170)
	at org.springframework.data.repository.core.support.QueryExecutorMethodInterceptor.invoke(QueryExecutorMethodInterceptor.java:149)
	at org.springframework.aop.framework.ReflectiveMethodInvocation.proceed(ReflectiveMethodInvocation.java:184)
	at org.springframework.data.projection.DefaultMethodInvokingMethodInterceptor.invoke(DefaultMethodInvokingMethodInterceptor.java:69)
	at org.springframework.aop.framework.ReflectiveMethodInvocation.proceed(ReflectiveMethodInvocation.java:184)
	at org.springframework.transaction.interceptor.TransactionAspectSupport.invokeWithinTransaction(TransactionAspectSupport.java:380)
	at org.springframework.transaction.interceptor.TransactionInterceptor.invoke(TransactionInterceptor.java:119)
	at org.springframework.aop.framework.ReflectiveMethodInvocation.proceed(ReflectiveMethodInvocation.java:184)
	at org.springframework.dao.support.PersistenceExceptionTranslationInterceptor.invoke(PersistenceExceptionTranslationInterceptor.java:138)
	at org.springframework.aop.framework.ReflectiveMethodInvocation.proceed(ReflectiveMethodInvocation.java:184)
	at org.springframework.data.jpa.repository.support.CrudMethodMetadataPostProcessor$CrudMethodMetadataPopulatingMethodInterceptor.invoke(CrudMethodMetadataPostProcessor.java:136)
	at org.springframework.aop.framework.ReflectiveMethodInvocation.proceed(ReflectiveMethodInvocation.java:184)
	at org.springframework.aop.framework.JdkDynamicAopProxy.invoke(JdkDynamicAopProxy.java:223)
	at jdk.proxy2/jdk.proxy2.$Proxy187.findByEmailAndOrganization_ApiKey(Unknown Source)
	at ink.yowyob.geofence.auth.AuthServiceImpl.loginEmail(AuthServiceImpl.java:134)
	at ink.yowyob.geofence.auth.AuthServiceImpl.login(AuthServiceImpl.java:111)
	at java.base/jdk.internal.reflect.DirectMethodHandleAccessor.invoke(DirectMethodHandleAccessor.java:103)
	at java.base/java.lang.reflect.Method.invoke(Method.java:580)
	at org.springframework.aop.support.AopUtils.invokeJoinpointUsingReflection(AopUtils.java:359)
	at org.springframework.aop.framework.ReflectiveMethodInvocation.invokeJoinpoint(ReflectiveMethodInvocation.java:196)
	at org.springframework.aop.framework.ReflectiveMethodInvocation.proceed(ReflectiveMethodInvocation.java:163)
	at org.springframework.transaction.interceptor.TransactionAspectSupport.invokeWithinTransaction(TransactionAspectSupport.java:380)
	at org.springframework.transaction.interceptor.TransactionInterceptor.invoke(TransactionInterceptor.java:119)
	at org.springframework.aop.framework.ReflectiveMethodInvocation.proceed(ReflectiveMethodInvocation.java:184)
	at org.springframework.aop.framework.CglibAopProxy$DynamicAdvisedInterceptor.intercept(CglibAopProxy.java:727)
	at ink.yowyob.geofence.auth.AuthServiceImpl$$SpringCGLIB$$0.login(<generated>)
	at ink.yowyob.geofence.auth.AuthController.lambda$login$2(AuthController.java:150)
	at reactor.core.publisher.MonoCallable.call(MonoCallable.java:72)
	at reactor.core.publisher.FluxSubscribeOnCallable$CallableSubscribeOnSubscription.run(FluxSubscribeOnCallable.java:228)
	at reactor.core.scheduler.SchedulerTask.call(SchedulerTask.java:68)
	at reactor.core.scheduler.SchedulerTask.call(SchedulerTask.java:28)
	at java.base/java.util.concurrent.FutureTask.run(FutureTask.java:317)
	at java.base/java.util.concurrent.ScheduledThreadPoolExecutor$ScheduledFutureTask.run(ScheduledThreadPoolExecutor.java:304)
	at java.base/java.util.concurrent.ThreadPoolExecutor.runWorker(ThreadPoolExecutor.java:1144)
	at java.base/java.util.concurrent.ThreadPoolExecutor$Worker.run(ThreadPoolExecutor.java:642)
	at java.base/java.lang.Thread.run(Thread.java:1583)
Caused by: java.lang.ClassNotFoundException: org.postgresql.jdbc.TimestampUtils$ParsedBinaryTimestamp
	... 73 common frames omitted

2026-03-20 19:28:25.205 ERROR 1297738 [boundedElastic-1] [] reactor.core.scheduler.Schedulers        : Scheduler worker in group main failed with an uncaught exception

java.lang.NoClassDefFoundError: org/postgresql/jdbc/TimestampUtils$ParsedBinaryTimestamp
	at org.postgresql.jdbc.TimestampUtils.toParsedTimestampBinPlain(TimestampUtils.java:1528)
	at org.postgresql.jdbc.TimestampUtils.toParsedTimestampBin(TimestampUtils.java:1538)
	at org.postgresql.jdbc.TimestampUtils.toTimestampBin(TimestampUtils.java:1464)
	at org.postgresql.jdbc.PgResultSet.getTimestamp(PgResultSet.java:616)
	at org.postgresql.jdbc.PgResultSet.getTimestamp(PgResultSet.java:2865)
	at com.zaxxer.hikari.pool.HikariProxyResultSet.getTimestamp(HikariProxyResultSet.java)
	at org.hibernate.type.descriptor.jdbc.TimestampJdbcType$2.doExtract(TimestampJdbcType.java:111)
	at org.hibernate.type.descriptor.jdbc.BasicExtractor.extract(BasicExtractor.java:44)
	at org.hibernate.sql.results.jdbc.internal.JdbcValuesResultSetImpl.getCurrentRowValue(JdbcValuesResultSetImpl.java:387)
	at org.hibernate.sql.results.internal.RowProcessingStateStandardImpl.getJdbcValue(RowProcessingStateStandardImpl.java:152)
	at org.hibernate.sql.results.graph.basic.BasicResultAssembler.extractRawValue(BasicResultAssembler.java:54)
	at org.hibernate.sql.results.graph.basic.BasicResultAssembler.assemble(BasicResultAssembler.java:60)
	at org.hibernate.sql.results.graph.entity.internal.EntityInitializerImpl.extractConcreteTypeStateValues(EntityInitializerImpl.java:1607)
	at org.hibernate.sql.results.graph.entity.internal.EntityInitializerImpl.initializeEntityInstance(EntityInitializerImpl.java:1333)
	at org.hibernate.sql.results.graph.entity.internal.EntityInitializerImpl.initializeInstance(EntityInitializerImpl.java:1312)
	at org.hibernate.sql.results.graph.entity.internal.EntityInitializerImpl.initializeInstance(EntityInitializerImpl.java:97)
	at org.hibernate.sql.results.internal.StandardRowReader.coordinateInitializers(StandardRowReader.java:244)
	at org.hibernate.sql.results.internal.StandardRowReader.readRow(StandardRowReader.java:141)
	at org.hibernate.sql.results.spi.ListResultsConsumer.read(ListResultsConsumer.java:249)
	at org.hibernate.sql.results.spi.ListResultsConsumer.consume(ListResultsConsumer.java:201)
	at org.hibernate.sql.results.spi.ListResultsConsumer.consume(ListResultsConsumer.java:35)
	at org.hibernate.sql.exec.internal.JdbcSelectExecutorStandardImpl.doExecuteQuery(JdbcSelectExecutorStandardImpl.java:224)
	at org.hibernate.sql.exec.internal.JdbcSelectExecutorStandardImpl.executeQuery(JdbcSelectExecutorStandardImpl.java:102)
	at org.hibernate.sql.exec.spi.JdbcSelectExecutor.executeQuery(JdbcSelectExecutor.java:91)
	at org.hibernate.sql.exec.spi.JdbcSelectExecutor.list(JdbcSelectExecutor.java:165)
	at org.hibernate.query.sqm.internal.ConcreteSqmSelectQueryPlan.lambda$new$1(ConcreteSqmSelectQueryPlan.java:152)
	at org.hibernate.query.sqm.internal.ConcreteSqmSelectQueryPlan.withCacheableSqmInterpretation(ConcreteSqmSelectQueryPlan.java:442)
	at org.hibernate.query.sqm.internal.ConcreteSqmSelectQueryPlan.performList(ConcreteSqmSelectQueryPlan.java:362)
	at org.hibernate.query.sqm.internal.QuerySqmImpl.doList(QuerySqmImpl.java:380)
	at org.hibernate.query.spi.AbstractSelectionQuery.list(AbstractSelectionQuery.java:143)
	at org.hibernate.query.spi.AbstractSelectionQuery.getSingleResult(AbstractSelectionQuery.java:275)
	at org.springframework.data.jpa.repository.query.JpaQueryExecution$SingleEntityExecution.doExecute(JpaQueryExecution.java:224)
	at org.springframework.data.jpa.repository.query.JpaQueryExecution.execute(JpaQueryExecution.java:93)
	at org.springframework.data.jpa.repository.query.AbstractJpaQuery.doExecute(AbstractJpaQuery.java:152)
	at org.springframework.data.jpa.repository.query.AbstractJpaQuery.execute(AbstractJpaQuery.java:140)
	at org.springframework.data.repository.core.support.RepositoryMethodInvoker.doInvoke(RepositoryMethodInvoker.java:170)
	at org.springframework.data.repository.core.support.RepositoryMethodInvoker.invoke(RepositoryMethodInvoker.java:158)
	at org.springframework.data.repository.core.support.QueryExecutorMethodInterceptor.doInvoke(QueryExecutorMethodInterceptor.java:170)
	at org.springframework.data.repository.core.support.QueryExecutorMethodInterceptor.invoke(QueryExecutorMethodInterceptor.java:149)
	at org.springframework.aop.framework.ReflectiveMethodInvocation.proceed(ReflectiveMethodInvocation.java:184)
	at org.springframework.data.projection.DefaultMethodInvokingMethodInterceptor.invoke(DefaultMethodInvokingMethodInterceptor.java:69)
	at org.springframework.aop.framework.ReflectiveMethodInvocation.proceed(ReflectiveMethodInvocation.java:184)
	at org.springframework.transaction.interceptor.TransactionAspectSupport.invokeWithinTransaction(TransactionAspectSupport.java:380)
	at org.springframework.transaction.interceptor.TransactionInterceptor.invoke(TransactionInterceptor.java:119)
	at org.springframework.aop.framework.ReflectiveMethodInvocation.proceed(ReflectiveMethodInvocation.java:184)
	at org.springframework.dao.support.PersistenceExceptionTranslationInterceptor.invoke(PersistenceExceptionTranslationInterceptor.java:138)
	at org.springframework.aop.framework.ReflectiveMethodInvocation.proceed(ReflectiveMethodInvocation.java:184)
	at org.springframework.data.jpa.repository.support.CrudMethodMetadataPostProcessor$CrudMethodMetadataPopulatingMethodInterceptor.invoke(CrudMethodMetadataPostProcessor.java:136)
	at org.springframework.aop.framework.ReflectiveMethodInvocation.proceed(ReflectiveMethodInvocation.java:184)
	at org.springframework.aop.framework.JdkDynamicAopProxy.invoke(JdkDynamicAopProxy.java:223)
	at jdk.proxy2/jdk.proxy2.$Proxy187.findByEmailAndOrganization_ApiKey(Unknown Source)
	at ink.yowyob.geofence.auth.AuthServiceImpl.loginEmail(AuthServiceImpl.java:134)
	at ink.yowyob.geofence.auth.AuthServiceImpl.login(AuthServiceImpl.java:111)
	at java.base/jdk.internal.reflect.DirectMethodHandleAccessor.invoke(DirectMethodHandleAccessor.java:103)
	at java.base/java.lang.reflect.Method.invoke(Method.java:580)
	at org.springframework.aop.support.AopUtils.invokeJoinpointUsingReflection(AopUtils.java:359)
	at org.springframework.aop.framework.ReflectiveMethodInvocation.invokeJoinpoint(ReflectiveMethodInvocation.java:196)
	at org.springframework.aop.framework.ReflectiveMethodInvocation.proceed(ReflectiveMethodInvocation.java:163)
	at org.springframework.transaction.interceptor.TransactionAspectSupport.invokeWithinTransaction(TransactionAspectSupport.java:380)
	at org.springframework.transaction.interceptor.TransactionInterceptor.invoke(TransactionInterceptor.java:119)
	at org.springframework.aop.framework.ReflectiveMethodInvocation.proceed(ReflectiveMethodInvocation.java:184)
	at org.springframework.aop.framework.CglibAopProxy$DynamicAdvisedInterceptor.intercept(CglibAopProxy.java:727)
	at ink.yowyob.geofence.auth.AuthServiceImpl$$SpringCGLIB$$0.login(<generated>)
	at ink.yowyob.geofence.auth.AuthController.lambda$login$2(AuthController.java:150)
	at reactor.core.publisher.MonoCallable.call(MonoCallable.java:72)
	at reactor.core.publisher.FluxSubscribeOnCallable$CallableSubscribeOnSubscription.run(FluxSubscribeOnCallable.java:228)
	at reactor.core.scheduler.SchedulerTask.call(SchedulerTask.java:68)
	at reactor.core.scheduler.SchedulerTask.call(SchedulerTask.java:28)
	at java.base/java.util.concurrent.FutureTask.run(FutureTask.java:317)
	at java.base/java.util.concurrent.ScheduledThreadPoolExecutor$ScheduledFutureTask.run(ScheduledThreadPoolExecutor.java:304)
	at java.base/java.util.concurrent.ThreadPoolExecutor.runWorker(ThreadPoolExecutor.java:1144)
	at java.base/java.util.concurrent.ThreadPoolExecutor$Worker.run(ThreadPoolExecutor.java:642)
	at java.base/java.lang.Thread.run(Thread.java:1583)
Caused by: java.lang.ClassNotFoundException: org.postgresql.jdbc.TimestampUtils$ParsedBinaryTimestamp
	... 73 common frames omitted

2026-03-20 19:48:39.162  INFO 1297738 [MessageBroker-1] [] o.s.w.s.c.WebSocketMessageBrokerStats    : WebSocketSession[0 current WS(0)-HttpStream(0)-HttpPoll(0), 0 total, 0 closed abnormally (0 connect failure, 0 send limit, 0 transport error)], stompSubProtocol[processed CONNECT(0)-CONNECTED(0)-DISCONNECT(0)], stompBrokerRelay[null], inboundChannel[pool size = 0, active threads = 0, queued tasks = 0, completed tasks = 0], outboundChannel[pool size = 0, active threads = 0, queued tasks = 0, completed tasks = 0], sockJsScheduler[pool size = 2, active threads = 1, queued tasks = 0, completed tasks = 1]
2026-03-20 20:18:39.171  INFO 1297738 [MessageBroker-2] [] o.s.w.s.c.WebSocketMessageBrokerStats    : WebSocketSession[0 current WS(0)-HttpStream(0)-HttpPoll(0), 0 total, 0 closed abnormally (0 connect failure, 0 send limit, 0 transport error)], stompSubProtocol[processed CONNECT(0)-CONNECTED(0)-DISCONNECT(0)], stompBrokerRelay[null], inboundChannel[pool size = 0, active threads = 0, queued tasks = 0, completed tasks = 0], outboundChannel[pool size = 0, active threads = 0, queued tasks = 0, completed tasks = 0], sockJsScheduler[pool size = 3, active threads = 1, queued tasks = 0, completed tasks = 2]
2026-03-20 20:46:22.799  WARN 1297738 [lettuce-epollEventLoop-4-1] [] i.n.c.AbstractChannelHandlerContext      : An exception 'java.lang.NoClassDefFoundError: io/netty/util/internal/logging/InternalLogLevel' [enable DEBUG level for full stacktrace] was thrown by a user handler's exceptionCaught() method while handling the following exception:

java.lang.NoClassDefFoundError: io/netty/channel/epoll/EpollDomainSocketChannelConfig
	at io.netty.channel.epoll.AbstractEpollChannel.isAllowHalfClosure(AbstractEpollChannel.java:243)
	at io.netty.channel.epoll.AbstractEpollChannel.access$000(AbstractEpollChannel.java:59)
	at io.netty.channel.epoll.AbstractEpollChannel$AbstractEpollUnsafe.shutdownInput(AbstractEpollChannel.java:507)
	at io.netty.channel.epoll.AbstractEpollStreamChannel$EpollStreamUnsafe.epollInReady(AbstractEpollStreamChannel.java:822)
	at io.netty.channel.epoll.EpollEventLoop.processReady(EpollEventLoop.java:501)
	at io.netty.channel.epoll.EpollEventLoop.run(EpollEventLoop.java:399)
	at io.netty.util.concurrent.SingleThreadEventExecutor$4.run(SingleThreadEventExecutor.java:998)
	at io.netty.util.internal.ThreadExecutorMap$2.run(ThreadExecutorMap.java:74)
	at io.netty.util.concurrent.FastThreadLocalRunnable.run(FastThreadLocalRunnable.java:30)
	at java.base/java.lang.Thread.run(Thread.java:1583)
Caused by: java.lang.ClassNotFoundException: io.netty.channel.epoll.EpollDomainSocketChannelConfig
	at java.base/java.net.URLClassLoader.findClass(URLClassLoader.java:445)
	at java.base/java.lang.ClassLoader.loadClass(ClassLoader.java:593)
	at org.springframework.boot.loader.net.protocol.jar.JarUrlClassLoader.loadClass(JarUrlClassLoader.java:107)
	at org.springframework.boot.loader.launch.LaunchedClassLoader.loadClass(LaunchedClassLoader.java:91)
	at java.base/java.lang.ClassLoader.loadClass(ClassLoader.java:526)
	... 10 common frames omitted

2026-03-20 20:46:22.814  WARN 1297738 [lettuce-epollEventLoop-4-1] [] i.n.u.c.SingleThreadEventExecutor        : Unexpected exception from an event executor: 

java.lang.NoClassDefFoundError: io/netty/channel/epoll/EpollDomainSocketChannelConfig
	at io.netty.channel.epoll.AbstractEpollChannel.isAllowHalfClosure(AbstractEpollChannel.java:243)
	at io.netty.channel.epoll.AbstractEpollChannel.access$000(AbstractEpollChannel.java:59)
	at io.netty.channel.epoll.AbstractEpollChannel$AbstractEpollUnsafe.shutdownInput(AbstractEpollChannel.java:507)
	at io.netty.channel.epoll.AbstractEpollStreamChannel$EpollStreamUnsafe.handleReadException(AbstractEpollStreamChannel.java:732)
	at io.netty.channel.epoll.AbstractEpollStreamChannel$EpollStreamUnsafe.epollInReady(AbstractEpollStreamChannel.java:825)
	at io.netty.channel.epoll.EpollEventLoop.processReady(EpollEventLoop.java:501)
	at io.netty.channel.epoll.EpollEventLoop.run(EpollEventLoop.java:399)
	at io.netty.util.concurrent.SingleThreadEventExecutor$4.run(SingleThreadEventExecutor.java:998)
	at io.netty.util.internal.ThreadExecutorMap$2.run(ThreadExecutorMap.java:74)
	at io.netty.util.concurrent.FastThreadLocalRunnable.run(FastThreadLocalRunnable.java:30)
	at java.base/java.lang.Thread.run(Thread.java:1583)
Caused by: java.lang.ClassNotFoundException: io.netty.channel.epoll.EpollDomainSocketChannelConfig
	... 11 common frames omitted

2026-03-20 20:48:39.180  INFO 1297738 [MessageBroker-1] [] o.s.w.s.c.WebSocketMessageBrokerStats    : WebSocketSession[0 current WS(0)-HttpStream(0)-HttpPoll(0), 0 total, 0 closed abnormally (0 connect failure, 0 send limit, 0 transport error)], stompSubProtocol[processed CONNECT(0)-CONNECTED(0)-DISCONNECT(0)], stompBrokerRelay[null], inboundChannel[pool size = 0, active threads = 0, queued tasks = 0, completed tasks = 0], outboundChannel[pool size = 0, active threads = 0, queued tasks = 0, completed tasks = 0], sockJsScheduler[pool size = 4, active threads = 1, queued tasks = 0, completed tasks = 3]
2026-03-20 21:18:39.197  INFO 1297738 [MessageBroker-1] [] o.s.w.s.c.WebSocketMessageBrokerStats    : WebSocketSession[0 current WS(0)-HttpStream(0)-HttpPoll(0), 0 total, 0 closed abnormally (0 connect failure, 0 send limit, 0 transport error)], stompSubProtocol[processed CONNECT(0)-CONNECTED(0)-DISCONNECT(0)], stompBrokerRelay[null], inboundChannel[pool size = 0, active threads = 0, queued tasks = 0, completed tasks = 0], outboundChannel[pool size = 0, active threads = 0, queued tasks = 0, completed tasks = 0], sockJsScheduler[pool size = 4, active threads = 1, queued tasks = 0, completed tasks = 4]
2026-03-20 21:44:28.653  WARN 1297738 [parallel-1] [] reactor.core.Exceptions                  : throwIfFatal detected a jvm fatal exception, which is thrown and logged below:

java.lang.NoClassDefFoundError: com/fasterxml/jackson/databind/util/TokenBuffer$Parser
	at com.fasterxml.jackson.databind.DeserializationContext.bufferForInputBuffering(DeserializationContext.java:562)
	at com.fasterxml.jackson.databind.jsontype.impl.AsPropertyTypeDeserializer.deserializeTypedFromObject(AsPropertyTypeDeserializer.java:140)
	at com.fasterxml.jackson.databind.deser.AbstractDeserializer.deserializeWithType(AbstractDeserializer.java:263)
	at com.fasterxml.jackson.databind.deser.impl.TypeWrappedDeserializer.deserialize(TypeWrappedDeserializer.java:74)
	at com.fasterxml.jackson.databind.deser.DefaultDeserializationContext.readRootValue(DefaultDeserializationContext.java:342)
	at com.fasterxml.jackson.databind.ObjectReader._bindAndClose(ObjectReader.java:2125)
	at com.fasterxml.jackson.databind.ObjectReader.readValue(ObjectReader.java:1501)
	at org.springframework.http.codec.json.AbstractJackson2Decoder.decode(AbstractJackson2Decoder.java:213)
	at org.springframework.http.codec.json.AbstractJackson2Decoder.lambda$decodeToMono$2(AbstractJackson2Decoder.java:198)
	at reactor.core.publisher.MonoFlatMap$FlatMapMain.onNext(MonoFlatMap.java:132)
	at reactor.core.publisher.FluxContextWrite$ContextWriteSubscriber.onNext(FluxContextWrite.java:107)
	at reactor.core.publisher.FluxMapFuseable$MapFuseableConditionalSubscriber.onNext(FluxMapFuseable.java:299)
	at reactor.core.publisher.FluxFilterFuseable$FilterFuseableConditionalSubscriber.onNext(FluxFilterFuseable.java:337)
	at reactor.core.publisher.Operators$BaseFluxToMonoOperator.completePossiblyEmpty(Operators.java:2097)
	at reactor.core.publisher.MonoCollect$CollectSubscriber.onComplete(MonoCollect.java:145)
	at org.springframework.http.server.reactive.AbstractListenerReadPublisher$State.onAllDataRead(AbstractListenerReadPublisher.java:501)
	at org.springframework.http.server.reactive.AbstractListenerReadPublisher.handlePendingCompletionOrError(AbstractListenerReadPublisher.java:249)
	at org.springframework.http.server.reactive.AbstractListenerReadPublisher$State$4.onDataAvailable(AbstractListenerReadPublisher.java:404)
	at org.springframework.http.server.reactive.AbstractListenerReadPublisher.onDataAvailable(AbstractListenerReadPublisher.java:125)
	at org.springframework.http.server.reactive.ServletServerHttpRequest$RequestBodyPublisher.checkOnDataAvailable(ServletServerHttpRequest.java:343)
	at org.springframework.http.server.reactive.AbstractListenerReadPublisher.changeToDemandState(AbstractListenerReadPublisher.java:239)
	at org.springframework.http.server.reactive.AbstractListenerReadPublisher$State$2.request(AbstractListenerReadPublisher.java:354)
	at org.springframework.http.server.reactive.AbstractListenerReadPublisher$ReadSubscription.request(AbstractListenerReadPublisher.java:280)
	at reactor.core.publisher.Operators$BaseFluxToMonoOperator.request(Operators.java:2067)
	at reactor.core.publisher.FluxFilterFuseable$FilterFuseableConditionalSubscriber.request(FluxFilterFuseable.java:411)
	at reactor.core.publisher.FluxMapFuseable$MapFuseableConditionalSubscriber.request(FluxMapFuseable.java:360)
	at reactor.core.publisher.FluxContextWrite$ContextWriteSubscriber.request(FluxContextWrite.java:136)
	at reactor.core.publisher.MonoFlatMap$FlatMapMain.request(MonoFlatMap.java:194)
	at reactor.core.publisher.Operators$MultiSubscriptionSubscriber.set(Operators.java:2367)
	at reactor.core.publisher.FluxOnErrorResume$ResumeSubscriber.onSubscribe(FluxOnErrorResume.java:74)
	at reactor.core.publisher.MonoFlatMap$FlatMapMain.onSubscribe(MonoFlatMap.java:117)
	at reactor.core.publisher.FluxContextWrite$ContextWriteSubscriber.onSubscribe(FluxContextWrite.java:101)
	at reactor.core.publisher.FluxMapFuseable$MapFuseableConditionalSubscriber.onSubscribe(FluxMapFuseable.java:265)
	at reactor.core.publisher.FluxFilterFuseable$FilterFuseableConditionalSubscriber.onSubscribe(FluxFilterFuseable.java:305)
	at reactor.core.publisher.Operators$BaseFluxToMonoOperator.onSubscribe(Operators.java:2051)
	at org.springframework.http.server.reactive.AbstractListenerReadPublisher$State$1.subscribe(AbstractListenerReadPublisher.java:322)
	at org.springframework.http.server.reactive.AbstractListenerReadPublisher.subscribe(AbstractListenerReadPublisher.java:112)
	at reactor.core.publisher.FluxSource.subscribe(FluxSource.java:71)
	at reactor.core.publisher.InternalMonoOperator.subscribe(InternalMonoOperator.java:76)
	at reactor.core.publisher.MonoDeferContextual.subscribe(MonoDeferContextual.java:55)
	at reactor.core.publisher.InternalMonoOperator.subscribe(InternalMonoOperator.java:76)
	at reactor.core.publisher.MonoZip$ZipCoordinator.request(MonoZip.java:220)
	at reactor.core.publisher.MonoFlatMap$FlatMapMain.request(MonoFlatMap.java:194)
	at reactor.core.publisher.MonoIgnoreThen$ThenIgnoreMain.onSubscribe(MonoIgnoreThen.java:135)
	at reactor.core.publisher.MonoFlatMap$FlatMapMain.onSubscribe(MonoFlatMap.java:117)
	at reactor.core.publisher.MonoZip.subscribe(MonoZip.java:129)
	at reactor.core.publisher.InternalMonoOperator.subscribe(InternalMonoOperator.java:76)
	at reactor.core.publisher.MonoDefer.subscribe(MonoDefer.java:53)
	at reactor.core.publisher.MonoIgnoreThen$ThenIgnoreMain.subscribeNext(MonoIgnoreThen.java:241)
	at reactor.core.publisher.MonoIgnoreThen$ThenIgnoreMain.onComplete(MonoIgnoreThen.java:204)
	at reactor.core.publisher.MonoFlatMap$FlatMapMain.onComplete(MonoFlatMap.java:189)
	at reactor.core.publisher.Operators.complete(Operators.java:137)
	at reactor.core.publisher.MonoZip.subscribe(MonoZip.java:121)
	at reactor.core.publisher.Mono.subscribe(Mono.java:4576)
	at reactor.core.publisher.MonoIgnoreThen$ThenIgnoreMain.subscribeNext(MonoIgnoreThen.java:265)
	at reactor.core.publisher.MonoIgnoreThen.subscribe(MonoIgnoreThen.java:51)
	at reactor.core.publisher.InternalMonoOperator.subscribe(InternalMonoOperator.java:76)
	at reactor.core.publisher.MonoFlatMap$FlatMapMain.onNext(MonoFlatMap.java:165)
	at reactor.core.publisher.FluxOnErrorResume$ResumeSubscriber.onNext(FluxOnErrorResume.java:79)
	at reactor.core.publisher.FluxSwitchIfEmpty$SwitchIfEmptySubscriber.onNext(FluxSwitchIfEmpty.java:74)
	at reactor.core.publisher.MonoNext$NextSubscriber.onNext(MonoNext.java:82)
	at reactor.core.publisher.FluxConcatMapNoPrefetch$FluxConcatMapNoPrefetchSubscriber.innerNext(FluxConcatMapNoPrefetch.java:259)
	at reactor.core.publisher.FluxConcatMap$ConcatMapInner.onNext(FluxConcatMap.java:865)
	at reactor.core.publisher.FluxMapFuseable$MapFuseableSubscriber.onNext(FluxMapFuseable.java:129)
	at reactor.core.publisher.MonoPeekTerminal$MonoTerminalPeekSubscriber.onNext(MonoPeekTerminal.java:180)
	at reactor.core.publisher.Operators$ScalarSubscription.request(Operators.java:2571)
	at reactor.core.publisher.MonoPeekTerminal$MonoTerminalPeekSubscriber.request(MonoPeekTerminal.java:139)
	at reactor.core.publisher.FluxMapFuseable$MapFuseableSubscriber.request(FluxMapFuseable.java:171)
	at reactor.core.publisher.Operators$MultiSubscriptionSubscriber.request(Operators.java:2331)
	at reactor.core.publisher.FluxConcatMapNoPrefetch$FluxConcatMapNoPrefetchSubscriber.request(FluxConcatMapNoPrefetch.java:339)
	at reactor.core.publisher.MonoNext$NextSubscriber.request(MonoNext.java:108)
	at reactor.core.publisher.Operators$MultiSubscriptionSubscriber.set(Operators.java:2367)
	at reactor.core.publisher.Operators$MultiSubscriptionSubscriber.onSubscribe(Operators.java:2241)
	at reactor.core.publisher.MonoNext$NextSubscriber.onSubscribe(MonoNext.java:70)
	at reactor.core.publisher.FluxConcatMapNoPrefetch$FluxConcatMapNoPrefetchSubscriber.onSubscribe(FluxConcatMapNoPrefetch.java:164)
	at reactor.core.publisher.FluxIterable.subscribe(FluxIterable.java:201)
	at reactor.core.publisher.FluxIterable.subscribe(FluxIterable.java:83)
	at reactor.core.publisher.InternalMonoOperator.subscribe(InternalMonoOperator.java:76)
	at reactor.core.publisher.MonoDefer.subscribe(MonoDefer.java:53)
	at reactor.core.publisher.InternalMonoOperator.subscribe(InternalMonoOperator.java:76)
	at reactor.core.publisher.MonoDefer.subscribe(MonoDefer.java:53)
	at reactor.core.publisher.InternalMonoOperator.subscribe(InternalMonoOperator.java:76)
	at reactor.core.publisher.MonoDeferContextual.subscribe(MonoDeferContextual.java:55)
	at reactor.core.publisher.MonoDefer.subscribe(MonoDefer.java:53)
	at reactor.core.publisher.Mono.subscribe(Mono.java:4576)
	at reactor.core.publisher.FluxSwitchIfEmpty$SwitchIfEmptySubscriber.onComplete(FluxSwitchIfEmpty.java:82)
	at reactor.core.publisher.MonoPeekTerminal$MonoTerminalPeekSubscriber.onComplete(MonoPeekTerminal.java:299)
	at reactor.core.publisher.MonoPeekTerminal$MonoTerminalPeekSubscriber.onComplete(MonoPeekTerminal.java:299)
	at reactor.core.publisher.MonoFlatMap$FlatMapMain.onNext(MonoFlatMap.java:155)
	at reactor.core.publisher.FluxSwitchIfEmpty$SwitchIfEmptySubscriber.onNext(FluxSwitchIfEmpty.java:74)
	at reactor.core.publisher.FluxFilter$FilterSubscriber.onNext(FluxFilter.java:113)
	at reactor.core.publisher.MonoPeekTerminal$MonoTerminalPeekSubscriber.onNext(MonoPeekTerminal.java:180)
	at reactor.core.publisher.FluxPeekFuseable$PeekFuseableConditionalSubscriber.onNext(FluxPeekFuseable.java:503)
	at reactor.core.publisher.MonoPeekTerminal$MonoTerminalPeekSubscriber.onNext(MonoPeekTerminal.java:180)
	at reactor.core.publisher.FluxDefaultIfEmpty$DefaultIfEmptySubscriber.onNext(FluxDefaultIfEmpty.java:122)
	at reactor.core.publisher.MonoNext$NextSubscriber.onNext(MonoNext.java:82)
	at reactor.core.publisher.FluxConcatMapNoPrefetch$FluxConcatMapNoPrefetchSubscriber.innerNext(FluxConcatMapNoPrefetch.java:259)
	at reactor.core.publisher.FluxConcatMap$ConcatMapInner.onNext(FluxConcatMap.java:865)
	at reactor.core.publisher.MonoFlatMap$FlatMapMain.onNext(MonoFlatMap.java:158)
	at reactor.core.publisher.FluxMap$MapSubscriber.onNext(FluxMap.java:122)
	at reactor.core.publisher.FluxFilter$FilterSubscriber.onNext(FluxFilter.java:113)
	at reactor.core.publisher.FluxPeekFuseable$PeekConditionalSubscriber.onNext(FluxPeekFuseable.java:854)
	at reactor.core.publisher.FluxSwitchIfEmpty$SwitchIfEmptySubscriber.onNext(FluxSwitchIfEmpty.java:74)
	at reactor.core.publisher.MonoNext$NextSubscriber.onNext(MonoNext.java:82)
	at reactor.core.publisher.FluxFilter$FilterSubscriber.onNext(FluxFilter.java:113)
	at reactor.core.publisher.FluxFlatMap$FlatMapMain.tryEmitScalar(FluxFlatMap.java:492)
	at reactor.core.publisher.FluxFlatMap$FlatMapMain.onNext(FluxFlatMap.java:424)
	at reactor.core.publisher.FluxPeekFuseable$PeekFuseableSubscriber.onNext(FluxPeekFuseable.java:210)
	at reactor.core.publisher.FluxIterable$IterableSubscription.slowPath(FluxIterable.java:335)
	at reactor.core.publisher.FluxIterable$IterableSubscription.request(FluxIterable.java:294)
	at reactor.core.publisher.FluxPeekFuseable$PeekFuseableSubscriber.request(FluxPeekFuseable.java:144)
	at reactor.core.publisher.FluxFlatMap$FlatMapMain.onSubscribe(FluxFlatMap.java:373)
	at reactor.core.publisher.FluxPeekFuseable$PeekFuseableSubscriber.onSubscribe(FluxPeekFuseable.java:178)
	at reactor.core.publisher.FluxIterable.subscribe(FluxIterable.java:201)
	at reactor.core.publisher.FluxIterable.subscribe(FluxIterable.java:83)
	at reactor.core.publisher.Mono.subscribe(Mono.java:4576)
	at reactor.core.publisher.FluxConcatMapNoPrefetch$FluxConcatMapNoPrefetchSubscriber.onNext(FluxConcatMapNoPrefetch.java:207)
	at reactor.core.publisher.FluxIterable$IterableSubscription.slowPath(FluxIterable.java:335)
	at reactor.core.publisher.FluxIterable$IterableSubscription.request(FluxIterable.java:294)
	at reactor.core.publisher.FluxConcatMapNoPrefetch$FluxConcatMapNoPrefetchSubscriber.innerComplete(FluxConcatMapNoPrefetch.java:275)
	at reactor.core.publisher.FluxConcatMap$ConcatMapInner.onComplete(FluxConcatMap.java:889)
	at reactor.core.publisher.MonoFlatMap$FlatMapMain.onComplete(MonoFlatMap.java:189)
	at reactor.core.publisher.FluxMap$MapSubscriber.onComplete(FluxMap.java:144)
	at reactor.core.publisher.FluxFilter$FilterSubscriber.onComplete(FluxFilter.java:166)
	at reactor.core.publisher.FluxPeekFuseable$PeekConditionalSubscriber.onComplete(FluxPeekFuseable.java:940)
	at reactor.core.publisher.FluxSwitchIfEmpty$SwitchIfEmptySubscriber.onComplete(FluxSwitchIfEmpty.java:85)
	at reactor.core.publisher.Operators$ScalarSubscription.request(Operators.java:2573)
	at reactor.core.publisher.Operators$MultiSubscriptionSubscriber.set(Operators.java:2367)
	at reactor.core.publisher.Operators$MultiSubscriptionSubscriber.onSubscribe(Operators.java:2241)
	at reactor.core.publisher.MonoJust.subscribe(MonoJust.java:55)
	at reactor.core.publisher.Mono.subscribe(Mono.java:4576)
	at reactor.core.publisher.FluxSwitchIfEmpty$SwitchIfEmptySubscriber.onComplete(FluxSwitchIfEmpty.java:82)
	at reactor.core.publisher.MonoNext$NextSubscriber.onComplete(MonoNext.java:102)
	at reactor.core.publisher.FluxFilter$FilterSubscriber.onComplete(FluxFilter.java:166)
	at reactor.core.publisher.FluxFlatMap$FlatMapMain.checkTerminated(FluxFlatMap.java:850)
	at reactor.core.publisher.FluxFlatMap$FlatMapMain.drainLoop(FluxFlatMap.java:612)
	at reactor.core.publisher.FluxFlatMap$FlatMapMain.drain(FluxFlatMap.java:592)
	at reactor.core.publisher.FluxFlatMap$FlatMapMain.request(FluxFlatMap.java:349)
	at reactor.core.publisher.FluxFilter$FilterSubscriber.request(FluxFilter.java:186)
	at reactor.core.publisher.MonoNext$NextSubscriber.request(MonoNext.java:108)
	at reactor.core.publisher.Operators$MultiSubscriptionSubscriber.request(Operators.java:2331)
	at reactor.core.publisher.FluxPeekFuseable$PeekConditionalSubscriber.request(FluxPeekFuseable.java:783)
	at reactor.core.publisher.FluxFilter$FilterSubscriber.request(FluxFilter.java:186)
	at reactor.core.publisher.FluxMap$MapSubscriber.request(FluxMap.java:164)
	at reactor.core.publisher.MonoFlatMap$FlatMapMain.request(MonoFlatMap.java:194)
	at reactor.core.publisher.Operators$MultiSubscriptionSubscriber.request(Operators.java:2331)
	at reactor.core.publisher.FluxConcatMapNoPrefetch$FluxConcatMapNoPrefetchSubscriber.request(FluxConcatMapNoPrefetch.java:339)
	at reactor.core.publisher.MonoNext$NextSubscriber.request(MonoNext.java:108)
	at reactor.core.publisher.FluxDefaultIfEmpty$DefaultIfEmptySubscriber.request(FluxDefaultIfEmpty.java:98)
	at reactor.core.publisher.MonoPeekTerminal$MonoTerminalPeekSubscriber.request(MonoPeekTerminal.java:139)
	at reactor.core.publisher.FluxPeekFuseable$PeekFuseableConditionalSubscriber.request(FluxPeekFuseable.java:437)
	at reactor.core.publisher.MonoPeekTerminal$MonoTerminalPeekSubscriber.request(MonoPeekTerminal.java:139)
	at reactor.core.publisher.FluxFilter$FilterSubscriber.request(FluxFilter.java:186)
	at reactor.core.publisher.Operators$MultiSubscriptionSubscriber.set(Operators.java:2367)
	at reactor.core.publisher.Operators$MultiSubscriptionSubscriber.onSubscribe(Operators.java:2241)
	at reactor.core.publisher.FluxFilter$FilterSubscriber.onSubscribe(FluxFilter.java:85)
	at reactor.core.publisher.MonoPeekTerminal$MonoTerminalPeekSubscriber.onSubscribe(MonoPeekTerminal.java:152)
	at reactor.core.publisher.FluxPeekFuseable$PeekFuseableConditionalSubscriber.onSubscribe(FluxPeekFuseable.java:471)
	at reactor.core.publisher.MonoPeekTerminal$MonoTerminalPeekSubscriber.onSubscribe(MonoPeekTerminal.java:152)
	at reactor.core.publisher.Operators$BaseFluxToMonoOperator.onSubscribe(Operators.java:2051)
	at reactor.core.publisher.MonoNext$NextSubscriber.onSubscribe(MonoNext.java:70)
	at reactor.core.publisher.FluxConcatMapNoPrefetch$FluxConcatMapNoPrefetchSubscriber.onSubscribe(FluxConcatMapNoPrefetch.java:164)
	at reactor.core.publisher.FluxIterable.subscribe(FluxIterable.java:201)
	at reactor.core.publisher.FluxIterable.subscribe(FluxIterable.java:83)
	at reactor.core.publisher.InternalMonoOperator.subscribe(InternalMonoOperator.java:76)
	at reactor.core.publisher.MonoDeferContextual.subscribe(MonoDeferContextual.java:55)
	at reactor.core.publisher.InternalMonoOperator.subscribe(InternalMonoOperator.java:76)
	at reactor.core.publisher.MonoDefer.subscribe(MonoDefer.java:53)
	at reactor.core.publisher.InternalMonoOperator.subscribe(InternalMonoOperator.java:76)
	at reactor.core.publisher.MonoDefer.subscribe(MonoDefer.java:53)
	at reactor.core.publisher.Mono.subscribe(Mono.java:4576)
	at reactor.core.publisher.MonoIgnoreThen$ThenIgnoreMain.subscribeNext(MonoIgnoreThen.java:265)
	at reactor.core.publisher.MonoIgnoreThen.subscribe(MonoIgnoreThen.java:51)
	at reactor.core.publisher.Mono.subscribe(Mono.java:4576)
	at reactor.core.publisher.FluxSwitchIfEmpty$SwitchIfEmptySubscriber.onComplete(FluxSwitchIfEmpty.java:82)
	at reactor.core.publisher.FluxFilter$FilterSubscriber.onComplete(FluxFilter.java:166)
	at reactor.core.publisher.FluxPeekFuseable$PeekConditionalSubscriber.onComplete(FluxPeekFuseable.java:940)
	at reactor.core.publisher.FluxSwitchIfEmpty$SwitchIfEmptySubscriber.onComplete(FluxSwitchIfEmpty.java:85)
	at reactor.core.publisher.Operators$ScalarSubscription.request(Operators.java:2573)
	at reactor.core.publisher.Operators$MultiSubscriptionSubscriber.set(Operators.java:2367)
	at reactor.core.publisher.Operators$MultiSubscriptionSubscriber.onSubscribe(Operators.java:2241)
	at reactor.core.publisher.MonoJust.subscribe(MonoJust.java:55)
	at reactor.core.publisher.Mono.subscribe(Mono.java:4576)
	at reactor.core.publisher.FluxSwitchIfEmpty$SwitchIfEmptySubscriber.onComplete(FluxSwitchIfEmpty.java:82)
	at reactor.core.publisher.MonoNext$NextSubscriber.onComplete(MonoNext.java:102)
	at reactor.core.publisher.FluxFilter$FilterSubscriber.onComplete(FluxFilter.java:166)
	at reactor.core.publisher.FluxFlatMap$FlatMapMain.checkTerminated(FluxFlatMap.java:850)
	at reactor.core.publisher.FluxFlatMap$FlatMapMain.drainLoop(FluxFlatMap.java:612)
	at reactor.core.publisher.FluxFlatMap$FlatMapMain.drain(FluxFlatMap.java:592)
	at reactor.core.publisher.FluxFlatMap$FlatMapMain.onComplete(FluxFlatMap.java:469)
	at reactor.core.publisher.FluxPeekFuseable$PeekFuseableSubscriber.onComplete(FluxPeekFuseable.java:277)
	at reactor.core.publisher.FluxIterable$IterableSubscription.slowPath(FluxIterable.java:357)
	at reactor.core.publisher.FluxIterable$IterableSubscription.request(FluxIterable.java:294)
	at reactor.core.publisher.FluxPeekFuseable$PeekFuseableSubscriber.request(FluxPeekFuseable.java:144)
	at reactor.core.publisher.FluxFlatMap$FlatMapMain.onSubscribe(FluxFlatMap.java:373)
	at reactor.core.publisher.FluxPeekFuseable$PeekFuseableSubscriber.onSubscribe(FluxPeekFuseable.java:178)
	at reactor.core.publisher.FluxIterable.subscribe(FluxIterable.java:201)
	at reactor.core.publisher.FluxIterable.subscribe(FluxIterable.java:83)
	at reactor.core.publisher.InternalMonoOperator.subscribe(InternalMonoOperator.java:76)
	at reactor.core.publisher.MonoDefer.subscribe(MonoDefer.java:53)
	at reactor.core.publisher.MonoFlatMap$FlatMapMain.onNext(MonoFlatMap.java:165)
	at reactor.core.publisher.Operators$BaseFluxToMonoOperator.completePossiblyEmpty(Operators.java:2097)
	at reactor.core.publisher.FluxDefaultIfEmpty$DefaultIfEmptySubscriber.onComplete(FluxDefaultIfEmpty.java:134)
	at reactor.core.publisher.FluxMap$MapSubscriber.onComplete(FluxMap.java:144)
	at reactor.core.publisher.FluxMap$MapSubscriber.onComplete(FluxMap.java:144)
	at reactor.core.publisher.FluxFilter$FilterSubscriber.onComplete(FluxFilter.java:166)
	at reactor.core.publisher.FluxMap$MapConditionalSubscriber.onComplete(FluxMap.java:275)
	at reactor.core.publisher.Operators$MonoSubscriber.complete(Operators.java:1866)
	at reactor.core.publisher.MonoCacheTime$CoordinatorSubscriber.signalCached(MonoCacheTime.java:337)
	at reactor.core.publisher.MonoCacheTime$CoordinatorSubscriber.onNext(MonoCacheTime.java:354)
	at reactor.core.publisher.FluxPeek$PeekSubscriber.onNext(FluxPeek.java:200)
	at reactor.core.publisher.FluxSwitchIfEmpty$SwitchIfEmptySubscriber.onNext(FluxSwitchIfEmpty.java:74)
	at reactor.core.publisher.MonoPeekTerminal$MonoTerminalPeekSubscriber.onNext(MonoPeekTerminal.java:180)
	at reactor.core.publisher.MonoPublishOn$PublishOnSubscriber.run(MonoPublishOn.java:181)
	at reactor.core.scheduler.SchedulerTask.call(SchedulerTask.java:68)
	at reactor.core.scheduler.SchedulerTask.call(SchedulerTask.java:28)
	at java.base/java.util.concurrent.FutureTask.run(FutureTask.java:317)
	at java.base/java.util.concurrent.ScheduledThreadPoolExecutor$ScheduledFutureTask.run(ScheduledThreadPoolExecutor.java:304)
	at java.base/java.util.concurrent.ThreadPoolExecutor.runWorker(ThreadPoolExecutor.java:1144)
	at java.base/java.util.concurrent.ThreadPoolExecutor$Worker.run(ThreadPoolExecutor.java:642)
	at java.base/java.lang.Thread.run(Thread.java:1583)
Caused by: java.lang.ClassNotFoundException: com.fasterxml.jackson.databind.util.TokenBuffer$Parser
	at java.base/java.net.URLClassLoader.findClass(URLClassLoader.java:445)
	at java.base/java.lang.ClassLoader.loadClass(ClassLoader.java:593)
	at org.springframework.boot.loader.net.protocol.jar.JarUrlClassLoader.loadClass(JarUrlClassLoader.java:107)
	at org.springframework.boot.loader.launch.LaunchedClassLoader.loadClass(LaunchedClassLoader.java:91)
	at java.base/java.lang.ClassLoader.loadClass(ClassLoader.java:526)
	... 221 common frames omitted

2026-03-20 21:44:28.657  WARN 1297738 [parallel-1] [] reactor.core.Exceptions                  : throwIfFatal detected a jvm fatal exception, which is thrown and logged below:

java.lang.NoClassDefFoundError: com/fasterxml/jackson/databind/util/TokenBuffer$Parser
	at com.fasterxml.jackson.databind.DeserializationContext.bufferForInputBuffering(DeserializationContext.java:562)
	at com.fasterxml.jackson.databind.jsontype.impl.AsPropertyTypeDeserializer.deserializeTypedFromObject(AsPropertyTypeDeserializer.java:140)
	at com.fasterxml.jackson.databind.deser.AbstractDeserializer.deserializeWithType(AbstractDeserializer.java:263)
	at com.fasterxml.jackson.databind.deser.impl.TypeWrappedDeserializer.deserialize(TypeWrappedDeserializer.java:74)
	at com.fasterxml.jackson.databind.deser.DefaultDeserializationContext.readRootValue(DefaultDeserializationContext.java:342)
	at com.fasterxml.jackson.databind.ObjectReader._bindAndClose(ObjectReader.java:2125)
	at com.fasterxml.jackson.databind.ObjectReader.readValue(ObjectReader.java:1501)
	at org.springframework.http.codec.json.AbstractJackson2Decoder.decode(AbstractJackson2Decoder.java:213)
	at org.springframework.http.codec.json.AbstractJackson2Decoder.lambda$decodeToMono$2(AbstractJackson2Decoder.java:198)
	at reactor.core.publisher.MonoFlatMap$FlatMapMain.onNext(MonoFlatMap.java:132)
	at reactor.core.publisher.FluxContextWrite$ContextWriteSubscriber.onNext(FluxContextWrite.java:107)
	at reactor.core.publisher.FluxMapFuseable$MapFuseableConditionalSubscriber.onNext(FluxMapFuseable.java:299)
	at reactor.core.publisher.FluxFilterFuseable$FilterFuseableConditionalSubscriber.onNext(FluxFilterFuseable.java:337)
	at reactor.core.publisher.Operators$BaseFluxToMonoOperator.completePossiblyEmpty(Operators.java:2097)
	at reactor.core.publisher.MonoCollect$CollectSubscriber.onComplete(MonoCollect.java:145)
	at org.springframework.http.server.reactive.AbstractListenerReadPublisher$State.onAllDataRead(AbstractListenerReadPublisher.java:501)
	at org.springframework.http.server.reactive.AbstractListenerReadPublisher.handlePendingCompletionOrError(AbstractListenerReadPublisher.java:249)
	at org.springframework.http.server.reactive.AbstractListenerReadPublisher$State$4.onDataAvailable(AbstractListenerReadPublisher.java:404)
	at org.springframework.http.server.reactive.AbstractListenerReadPublisher.onDataAvailable(AbstractListenerReadPublisher.java:125)
	at org.springframework.http.server.reactive.ServletServerHttpRequest$RequestBodyPublisher.checkOnDataAvailable(ServletServerHttpRequest.java:343)
	at org.springframework.http.server.reactive.AbstractListenerReadPublisher.changeToDemandState(AbstractListenerReadPublisher.java:239)
	at org.springframework.http.server.reactive.AbstractListenerReadPublisher$State$2.request(AbstractListenerReadPublisher.java:354)
	at org.springframework.http.server.reactive.AbstractListenerReadPublisher$ReadSubscription.request(AbstractListenerReadPublisher.java:280)
	at reactor.core.publisher.Operators$BaseFluxToMonoOperator.request(Operators.java:2067)
	at reactor.core.publisher.FluxFilterFuseable$FilterFuseableConditionalSubscriber.request(FluxFilterFuseable.java:411)
	at reactor.core.publisher.FluxMapFuseable$MapFuseableConditionalSubscriber.request(FluxMapFuseable.java:360)
	at reactor.core.publisher.FluxContextWrite$ContextWriteSubscriber.request(FluxContextWrite.java:136)
	at reactor.core.publisher.MonoFlatMap$FlatMapMain.request(MonoFlatMap.java:194)
	at reactor.core.publisher.Operators$MultiSubscriptionSubscriber.set(Operators.java:2367)
	at reactor.core.publisher.FluxOnErrorResume$ResumeSubscriber.onSubscribe(FluxOnErrorResume.java:74)
	at reactor.core.publisher.MonoFlatMap$FlatMapMain.onSubscribe(MonoFlatMap.java:117)
	at reactor.core.publisher.FluxContextWrite$ContextWriteSubscriber.onSubscribe(FluxContextWrite.java:101)
	at reactor.core.publisher.FluxMapFuseable$MapFuseableConditionalSubscriber.onSubscribe(FluxMapFuseable.java:265)
	at reactor.core.publisher.FluxFilterFuseable$FilterFuseableConditionalSubscriber.onSubscribe(FluxFilterFuseable.java:305)
	at reactor.core.publisher.Operators$BaseFluxToMonoOperator.onSubscribe(Operators.java:2051)
	at org.springframework.http.server.reactive.AbstractListenerReadPublisher$State$1.subscribe(AbstractListenerReadPublisher.java:322)
	at org.springframework.http.server.reactive.AbstractListenerReadPublisher.subscribe(AbstractListenerReadPublisher.java:112)
	at reactor.core.publisher.FluxSource.subscribe(FluxSource.java:71)
	at reactor.core.publisher.InternalMonoOperator.subscribe(InternalMonoOperator.java:76)
	at reactor.core.publisher.MonoDeferContextual.subscribe(MonoDeferContextual.java:55)
	at reactor.core.publisher.InternalMonoOperator.subscribe(InternalMonoOperator.java:76)
	at reactor.core.publisher.MonoZip$ZipCoordinator.request(MonoZip.java:220)
	at reactor.core.publisher.MonoFlatMap$FlatMapMain.request(MonoFlatMap.java:194)
	at reactor.core.publisher.MonoIgnoreThen$ThenIgnoreMain.onSubscribe(MonoIgnoreThen.java:135)
	at reactor.core.publisher.MonoFlatMap$FlatMapMain.onSubscribe(MonoFlatMap.java:117)
	at reactor.core.publisher.MonoZip.subscribe(MonoZip.java:129)
	at reactor.core.publisher.InternalMonoOperator.subscribe(InternalMonoOperator.java:76)
	at reactor.core.publisher.MonoDefer.subscribe(MonoDefer.java:53)
	at reactor.core.publisher.MonoIgnoreThen$ThenIgnoreMain.subscribeNext(MonoIgnoreThen.java:241)
	at reactor.core.publisher.MonoIgnoreThen$ThenIgnoreMain.onComplete(MonoIgnoreThen.java:204)
	at reactor.core.publisher.MonoFlatMap$FlatMapMain.onComplete(MonoFlatMap.java:189)
	at reactor.core.publisher.Operators.complete(Operators.java:137)
	at reactor.core.publisher.MonoZip.subscribe(MonoZip.java:121)
	at reactor.core.publisher.Mono.subscribe(Mono.java:4576)
	at reactor.core.publisher.MonoIgnoreThen$ThenIgnoreMain.subscribeNext(MonoIgnoreThen.java:265)
	at reactor.core.publisher.MonoIgnoreThen.subscribe(MonoIgnoreThen.java:51)
	at reactor.core.publisher.InternalMonoOperator.subscribe(InternalMonoOperator.java:76)
	at reactor.core.publisher.MonoFlatMap$FlatMapMain.onNext(MonoFlatMap.java:165)
	at reactor.core.publisher.FluxOnErrorResume$ResumeSubscriber.onNext(FluxOnErrorResume.java:79)
	at reactor.core.publisher.FluxSwitchIfEmpty$SwitchIfEmptySubscriber.onNext(FluxSwitchIfEmpty.java:74)
	at reactor.core.publisher.MonoNext$NextSubscriber.onNext(MonoNext.java:82)
	at reactor.core.publisher.FluxConcatMapNoPrefetch$FluxConcatMapNoPrefetchSubscriber.innerNext(FluxConcatMapNoPrefetch.java:259)
	at reactor.core.publisher.FluxConcatMap$ConcatMapInner.onNext(FluxConcatMap.java:865)
	at reactor.core.publisher.FluxMapFuseable$MapFuseableSubscriber.onNext(FluxMapFuseable.java:129)
	at reactor.core.publisher.MonoPeekTerminal$MonoTerminalPeekSubscriber.onNext(MonoPeekTerminal.java:180)
	at reactor.core.publisher.Operators$ScalarSubscription.request(Operators.java:2571)
	at reactor.core.publisher.MonoPeekTerminal$MonoTerminalPeekSubscriber.request(MonoPeekTerminal.java:139)
	at reactor.core.publisher.FluxMapFuseable$MapFuseableSubscriber.request(FluxMapFuseable.java:171)
	at reactor.core.publisher.Operators$MultiSubscriptionSubscriber.request(Operators.java:2331)
	at reactor.core.publisher.FluxConcatMapNoPrefetch$FluxConcatMapNoPrefetchSubscriber.request(FluxConcatMapNoPrefetch.java:339)
	at reactor.core.publisher.MonoNext$NextSubscriber.request(MonoNext.java:108)
	at reactor.core.publisher.Operators$MultiSubscriptionSubscriber.set(Operators.java:2367)
	at reactor.core.publisher.Operators$MultiSubscriptionSubscriber.onSubscribe(Operators.java:2241)
	at reactor.core.publisher.MonoNext$NextSubscriber.onSubscribe(MonoNext.java:70)
	at reactor.core.publisher.FluxConcatMapNoPrefetch$FluxConcatMapNoPrefetchSubscriber.onSubscribe(FluxConcatMapNoPrefetch.java:164)
	at reactor.core.publisher.FluxIterable.subscribe(FluxIterable.java:201)
	at reactor.core.publisher.FluxIterable.subscribe(FluxIterable.java:83)
	at reactor.core.publisher.InternalMonoOperator.subscribe(InternalMonoOperator.java:76)
	at reactor.core.publisher.MonoDefer.subscribe(MonoDefer.java:53)
	at reactor.core.publisher.InternalMonoOperator.subscribe(InternalMonoOperator.java:76)
	at reactor.core.publisher.MonoDefer.subscribe(MonoDefer.java:53)
	at reactor.core.publisher.InternalMonoOperator.subscribe(InternalMonoOperator.java:76)
	at reactor.core.publisher.MonoDeferContextual.subscribe(MonoDeferContextual.java:55)
	at reactor.core.publisher.MonoDefer.subscribe(MonoDefer.java:53)
	at reactor.core.publisher.Mono.subscribe(Mono.java:4576)
	at reactor.core.publisher.FluxSwitchIfEmpty$SwitchIfEmptySubscriber.onComplete(FluxSwitchIfEmpty.java:82)
	at reactor.core.publisher.MonoPeekTerminal$MonoTerminalPeekSubscriber.onComplete(MonoPeekTerminal.java:299)
	at reactor.core.publisher.MonoPeekTerminal$MonoTerminalPeekSubscriber.onComplete(MonoPeekTerminal.java:299)
	at reactor.core.publisher.MonoFlatMap$FlatMapMain.onNext(MonoFlatMap.java:155)
	at reactor.core.publisher.FluxSwitchIfEmpty$SwitchIfEmptySubscriber.onNext(FluxSwitchIfEmpty.java:74)
	at reactor.core.publisher.FluxFilter$FilterSubscriber.onNext(FluxFilter.java:113)
	at reactor.core.publisher.MonoPeekTerminal$MonoTerminalPeekSubscriber.onNext(MonoPeekTerminal.java:180)
	at reactor.core.publisher.FluxPeekFuseable$PeekFuseableConditionalSubscriber.onNext(FluxPeekFuseable.java:503)
	at reactor.core.publisher.MonoPeekTerminal$MonoTerminalPeekSubscriber.onNext(MonoPeekTerminal.java:180)
	at reactor.core.publisher.FluxDefaultIfEmpty$DefaultIfEmptySubscriber.onNext(FluxDefaultIfEmpty.java:122)
	at reactor.core.publisher.MonoNext$NextSubscriber.onNext(MonoNext.java:82)
	at reactor.core.publisher.FluxConcatMapNoPrefetch$FluxConcatMapNoPrefetchSubscriber.innerNext(FluxConcatMapNoPrefetch.java:259)
	at reactor.core.publisher.FluxConcatMap$ConcatMapInner.onNext(FluxConcatMap.java:865)
	at reactor.core.publisher.MonoFlatMap$FlatMapMain.onNext(MonoFlatMap.java:158)
	at reactor.core.publisher.FluxMap$MapSubscriber.onNext(FluxMap.java:122)
	at reactor.core.publisher.FluxFilter$FilterSubscriber.onNext(FluxFilter.java:113)
	at reactor.core.publisher.FluxPeekFuseable$PeekConditionalSubscriber.onNext(FluxPeekFuseable.java:854)
	at reactor.core.publisher.FluxSwitchIfEmpty$SwitchIfEmptySubscriber.onNext(FluxSwitchIfEmpty.java:74)
	at reactor.core.publisher.MonoNext$NextSubscriber.onNext(MonoNext.java:82)
	at reactor.core.publisher.FluxFilter$FilterSubscriber.onNext(FluxFilter.java:113)
	at reactor.core.publisher.FluxFlatMap$FlatMapMain.tryEmitScalar(FluxFlatMap.java:492)
	at reactor.core.publisher.FluxFlatMap$FlatMapMain.onNext(FluxFlatMap.java:424)
	at reactor.core.publisher.FluxPeekFuseable$PeekFuseableSubscriber.onNext(FluxPeekFuseable.java:210)
	at reactor.core.publisher.FluxIterable$IterableSubscription.slowPath(FluxIterable.java:335)
	at reactor.core.publisher.FluxIterable$IterableSubscription.request(FluxIterable.java:294)
	at reactor.core.publisher.FluxPeekFuseable$PeekFuseableSubscriber.request(FluxPeekFuseable.java:144)
	at reactor.core.publisher.FluxFlatMap$FlatMapMain.onSubscribe(FluxFlatMap.java:373)
	at reactor.core.publisher.FluxPeekFuseable$PeekFuseableSubscriber.onSubscribe(FluxPeekFuseable.java:178)
	at reactor.core.publisher.FluxIterable.subscribe(FluxIterable.java:201)
	at reactor.core.publisher.FluxIterable.subscribe(FluxIterable.java:83)
	at reactor.core.publisher.Mono.subscribe(Mono.java:4576)
	at reactor.core.publisher.FluxConcatMapNoPrefetch$FluxConcatMapNoPrefetchSubscriber.onNext(FluxConcatMapNoPrefetch.java:207)
	at reactor.core.publisher.FluxIterable$IterableSubscription.slowPath(FluxIterable.java:335)
	at reactor.core.publisher.FluxIterable$IterableSubscription.request(FluxIterable.java:294)
	at reactor.core.publisher.FluxConcatMapNoPrefetch$FluxConcatMapNoPrefetchSubscriber.innerComplete(FluxConcatMapNoPrefetch.java:275)
	at reactor.core.publisher.FluxConcatMap$ConcatMapInner.onComplete(FluxConcatMap.java:889)
	at reactor.core.publisher.MonoFlatMap$FlatMapMain.onComplete(MonoFlatMap.java:189)
	at reactor.core.publisher.FluxMap$MapSubscriber.onComplete(FluxMap.java:144)
	at reactor.core.publisher.FluxFilter$FilterSubscriber.onComplete(FluxFilter.java:166)
	at reactor.core.publisher.FluxPeekFuseable$PeekConditionalSubscriber.onComplete(FluxPeekFuseable.java:940)
	at reactor.core.publisher.FluxSwitchIfEmpty$SwitchIfEmptySubscriber.onComplete(FluxSwitchIfEmpty.java:85)
	at reactor.core.publisher.Operators$ScalarSubscription.request(Operators.java:2573)
	at reactor.core.publisher.Operators$MultiSubscriptionSubscriber.set(Operators.java:2367)
	at reactor.core.publisher.Operators$MultiSubscriptionSubscriber.onSubscribe(Operators.java:2241)
	at reactor.core.publisher.MonoJust.subscribe(MonoJust.java:55)
	at reactor.core.publisher.Mono.subscribe(Mono.java:4576)
	at reactor.core.publisher.FluxSwitchIfEmpty$SwitchIfEmptySubscriber.onComplete(FluxSwitchIfEmpty.java:82)
	at reactor.core.publisher.MonoNext$NextSubscriber.onComplete(MonoNext.java:102)
	at reactor.core.publisher.FluxFilter$FilterSubscriber.onComplete(FluxFilter.java:166)
	at reactor.core.publisher.FluxFlatMap$FlatMapMain.checkTerminated(FluxFlatMap.java:850)
	at reactor.core.publisher.FluxFlatMap$FlatMapMain.drainLoop(FluxFlatMap.java:612)
	at reactor.core.publisher.FluxFlatMap$FlatMapMain.drain(FluxFlatMap.java:592)
	at reactor.core.publisher.FluxFlatMap$FlatMapMain.request(FluxFlatMap.java:349)
	at reactor.core.publisher.FluxFilter$FilterSubscriber.request(FluxFilter.java:186)
	at reactor.core.publisher.MonoNext$NextSubscriber.request(MonoNext.java:108)
	at reactor.core.publisher.Operators$MultiSubscriptionSubscriber.request(Operators.java:2331)
	at reactor.core.publisher.FluxPeekFuseable$PeekConditionalSubscriber.request(FluxPeekFuseable.java:783)
	at reactor.core.publisher.FluxFilter$FilterSubscriber.request(FluxFilter.java:186)
	at reactor.core.publisher.FluxMap$MapSubscriber.request(FluxMap.java:164)
	at reactor.core.publisher.MonoFlatMap$FlatMapMain.request(MonoFlatMap.java:194)
	at reactor.core.publisher.Operators$MultiSubscriptionSubscriber.request(Operators.java:2331)
	at reactor.core.publisher.FluxConcatMapNoPrefetch$FluxConcatMapNoPrefetchSubscriber.request(FluxConcatMapNoPrefetch.java:339)
	at reactor.core.publisher.MonoNext$NextSubscriber.request(MonoNext.java:108)
	at reactor.core.publisher.FluxDefaultIfEmpty$DefaultIfEmptySubscriber.request(FluxDefaultIfEmpty.java:98)
	at reactor.core.publisher.MonoPeekTerminal$MonoTerminalPeekSubscriber.request(MonoPeekTerminal.java:139)
	at reactor.core.publisher.FluxPeekFuseable$PeekFuseableConditionalSubscriber.request(FluxPeekFuseable.java:437)
	at reactor.core.publisher.MonoPeekTerminal$MonoTerminalPeekSubscriber.request(MonoPeekTerminal.java:139)
	at reactor.core.publisher.FluxFilter$FilterSubscriber.request(FluxFilter.java:186)
	at reactor.core.publisher.Operators$MultiSubscriptionSubscriber.set(Operators.java:2367)
	at reactor.core.publisher.Operators$MultiSubscriptionSubscriber.onSubscribe(Operators.java:2241)
	at reactor.core.publisher.FluxFilter$FilterSubscriber.onSubscribe(FluxFilter.java:85)
	at reactor.core.publisher.MonoPeekTerminal$MonoTerminalPeekSubscriber.onSubscribe(MonoPeekTerminal.java:152)
	at reactor.core.publisher.FluxPeekFuseable$PeekFuseableConditionalSubscriber.onSubscribe(FluxPeekFuseable.java:471)
	at reactor.core.publisher.MonoPeekTerminal$MonoTerminalPeekSubscriber.onSubscribe(MonoPeekTerminal.java:152)
	at reactor.core.publisher.Operators$BaseFluxToMonoOperator.onSubscribe(Operators.java:2051)
	at reactor.core.publisher.MonoNext$NextSubscriber.onSubscribe(MonoNext.java:70)
	at reactor.core.publisher.FluxConcatMapNoPrefetch$FluxConcatMapNoPrefetchSubscriber.onSubscribe(FluxConcatMapNoPrefetch.java:164)
	at reactor.core.publisher.FluxIterable.subscribe(FluxIterable.java:201)
	at reactor.core.publisher.FluxIterable.subscribe(FluxIterable.java:83)
	at reactor.core.publisher.InternalMonoOperator.subscribe(InternalMonoOperator.java:76)
	at reactor.core.publisher.MonoDeferContextual.subscribe(MonoDeferContextual.java:55)
	at reactor.core.publisher.InternalMonoOperator.subscribe(InternalMonoOperator.java:76)
	at reactor.core.publisher.MonoDefer.subscribe(MonoDefer.java:53)
	at reactor.core.publisher.InternalMonoOperator.subscribe(InternalMonoOperator.java:76)
	at reactor.core.publisher.MonoDefer.subscribe(MonoDefer.java:53)
	at reactor.core.publisher.Mono.subscribe(Mono.java:4576)
	at reactor.core.publisher.MonoIgnoreThen$ThenIgnoreMain.subscribeNext(MonoIgnoreThen.java:265)
	at reactor.core.publisher.MonoIgnoreThen.subscribe(MonoIgnoreThen.java:51)
	at reactor.core.publisher.Mono.subscribe(Mono.java:4576)
	at reactor.core.publisher.FluxSwitchIfEmpty$SwitchIfEmptySubscriber.onComplete(FluxSwitchIfEmpty.java:82)
	at reactor.core.publisher.FluxFilter$FilterSubscriber.onComplete(FluxFilter.java:166)
	at reactor.core.publisher.FluxPeekFuseable$PeekConditionalSubscriber.onComplete(FluxPeekFuseable.java:940)
	at reactor.core.publisher.FluxSwitchIfEmpty$SwitchIfEmptySubscriber.onComplete(FluxSwitchIfEmpty.java:85)
	at reactor.core.publisher.Operators$ScalarSubscription.request(Operators.java:2573)
	at reactor.core.publisher.Operators$MultiSubscriptionSubscriber.set(Operators.java:2367)
	at reactor.core.publisher.Operators$MultiSubscriptionSubscriber.onSubscribe(Operators.java:2241)
	at reactor.core.publisher.MonoJust.subscribe(MonoJust.java:55)
	at reactor.core.publisher.Mono.subscribe(Mono.java:4576)
	at reactor.core.publisher.FluxSwitchIfEmpty$SwitchIfEmptySubscriber.onComplete(FluxSwitchIfEmpty.java:82)
	at reactor.core.publisher.MonoNext$NextSubscriber.onComplete(MonoNext.java:102)
	at reactor.core.publisher.FluxFilter$FilterSubscriber.onComplete(FluxFilter.java:166)
	at reactor.core.publisher.FluxFlatMap$FlatMapMain.checkTerminated(FluxFlatMap.java:850)
	at reactor.core.publisher.FluxFlatMap$FlatMapMain.drainLoop(FluxFlatMap.java:612)
	at reactor.core.publisher.FluxFlatMap$FlatMapMain.drain(FluxFlatMap.java:592)
	at reactor.core.publisher.FluxFlatMap$FlatMapMain.onComplete(FluxFlatMap.java:469)
	at reactor.core.publisher.FluxPeekFuseable$PeekFuseableSubscriber.onComplete(FluxPeekFuseable.java:277)
	at reactor.core.publisher.FluxIterable$IterableSubscription.slowPath(FluxIterable.java:357)
	at reactor.core.publisher.FluxIterable$IterableSubscription.request(FluxIterable.java:294)
	at reactor.core.publisher.FluxPeekFuseable$PeekFuseableSubscriber.request(FluxPeekFuseable.java:144)
	at reactor.core.publisher.FluxFlatMap$FlatMapMain.onSubscribe(FluxFlatMap.java:373)
	at reactor.core.publisher.FluxPeekFuseable$PeekFuseableSubscriber.onSubscribe(FluxPeekFuseable.java:178)
	at reactor.core.publisher.FluxIterable.subscribe(FluxIterable.java:201)
	at reactor.core.publisher.FluxIterable.subscribe(FluxIterable.java:83)
	at reactor.core.publisher.InternalMonoOperator.subscribe(InternalMonoOperator.java:76)
	at reactor.core.publisher.MonoDefer.subscribe(MonoDefer.java:53)
	at reactor.core.publisher.MonoFlatMap$FlatMapMain.onNext(MonoFlatMap.java:165)
	at reactor.core.publisher.Operators$BaseFluxToMonoOperator.completePossiblyEmpty(Operators.java:2097)
	at reactor.core.publisher.FluxDefaultIfEmpty$DefaultIfEmptySubscriber.onComplete(FluxDefaultIfEmpty.java:134)
	at reactor.core.publisher.FluxMap$MapSubscriber.onComplete(FluxMap.java:144)
	at reactor.core.publisher.FluxMap$MapSubscriber.onComplete(FluxMap.java:144)
	at reactor.core.publisher.FluxFilter$FilterSubscriber.onComplete(FluxFilter.java:166)
	at reactor.core.publisher.FluxMap$MapConditionalSubscriber.onComplete(FluxMap.java:275)
	at reactor.core.publisher.Operators$MonoSubscriber.complete(Operators.java:1866)
	at reactor.core.publisher.MonoCacheTime$CoordinatorSubscriber.signalCached(MonoCacheTime.java:337)
	at reactor.core.publisher.MonoCacheTime$CoordinatorSubscriber.onNext(MonoCacheTime.java:354)
	at reactor.core.publisher.FluxPeek$PeekSubscriber.onNext(FluxPeek.java:200)
	at reactor.core.publisher.FluxSwitchIfEmpty$SwitchIfEmptySubscriber.onNext(FluxSwitchIfEmpty.java:74)
	at reactor.core.publisher.MonoPeekTerminal$MonoTerminalPeekSubscriber.onNext(MonoPeekTerminal.java:180)
	at reactor.core.publisher.MonoPublishOn$PublishOnSubscriber.run(MonoPublishOn.java:181)
	at reactor.core.scheduler.SchedulerTask.call(SchedulerTask.java:68)
	at reactor.core.scheduler.SchedulerTask.call(SchedulerTask.java:28)
	at java.base/java.util.concurrent.FutureTask.run(FutureTask.java:317)
	at java.base/java.util.concurrent.ScheduledThreadPoolExecutor$ScheduledFutureTask.run(ScheduledThreadPoolExecutor.java:304)
	at java.base/java.util.concurrent.ThreadPoolExecutor.runWorker(ThreadPoolExecutor.java:1144)
	at java.base/java.util.concurrent.ThreadPoolExecutor$Worker.run(ThreadPoolExecutor.java:642)
	at java.base/java.lang.Thread.run(Thread.java:1583)
Caused by: java.lang.ClassNotFoundException: com.fasterxml.jackson.databind.util.TokenBuffer$Parser
	at java.base/java.net.URLClassLoader.findClass(URLClassLoader.java:445)
	at java.base/java.lang.ClassLoader.loadClass(ClassLoader.java:593)
	at org.springframework.boot.loader.net.protocol.jar.JarUrlClassLoader.loadClass(JarUrlClassLoader.java:107)
	at org.springframework.boot.loader.launch.LaunchedClassLoader.loadClass(LaunchedClassLoader.java:91)
	at java.base/java.lang.ClassLoader.loadClass(ClassLoader.java:526)
	... 221 common frames omitted

2026-03-20 21:44:28.658  WARN 1297738 [parallel-1] [] reactor.core.Exceptions                  : throwIfFatal detected a jvm fatal exception, which is thrown and logged below:

java.lang.NoClassDefFoundError: com/fasterxml/jackson/databind/util/TokenBuffer$Parser
	at com.fasterxml.jackson.databind.DeserializationContext.bufferForInputBuffering(DeserializationContext.java:562)
	at com.fasterxml.jackson.databind.jsontype.impl.AsPropertyTypeDeserializer.deserializeTypedFromObject(AsPropertyTypeDeserializer.java:140)
	at com.fasterxml.jackson.databind.deser.AbstractDeserializer.deserializeWithType(AbstractDeserializer.java:263)
	at com.fasterxml.jackson.databind.deser.impl.TypeWrappedDeserializer.deserialize(TypeWrappedDeserializer.java:74)
	at com.fasterxml.jackson.databind.deser.DefaultDeserializationContext.readRootValue(DefaultDeserializationContext.java:342)
	at com.fasterxml.jackson.databind.ObjectReader._bindAndClose(ObjectReader.java:2125)
	at com.fasterxml.jackson.databind.ObjectReader.readValue(ObjectReader.java:1501)
	at org.springframework.http.codec.json.AbstractJackson2Decoder.decode(AbstractJackson2Decoder.java:213)
	at org.springframework.http.codec.json.AbstractJackson2Decoder.lambda$decodeToMono$2(AbstractJackson2Decoder.java:198)
	at reactor.core.publisher.MonoFlatMap$FlatMapMain.onNext(MonoFlatMap.java:132)
	at reactor.core.publisher.FluxContextWrite$ContextWriteSubscriber.onNext(FluxContextWrite.java:107)
	at reactor.core.publisher.FluxMapFuseable$MapFuseableConditionalSubscriber.onNext(FluxMapFuseable.java:299)
	at reactor.core.publisher.FluxFilterFuseable$FilterFuseableConditionalSubscriber.onNext(FluxFilterFuseable.java:337)
	at reactor.core.publisher.Operators$BaseFluxToMonoOperator.completePossiblyEmpty(Operators.java:2097)
	at reactor.core.publisher.MonoCollect$CollectSubscriber.onComplete(MonoCollect.java:145)
	at org.springframework.http.server.reactive.AbstractListenerReadPublisher$State.onAllDataRead(AbstractListenerReadPublisher.java:501)
	at org.springframework.http.server.reactive.AbstractListenerReadPublisher.handlePendingCompletionOrError(AbstractListenerReadPublisher.java:249)
	at org.springframework.http.server.reactive.AbstractListenerReadPublisher$State$4.onDataAvailable(AbstractListenerReadPublisher.java:404)
	at org.springframework.http.server.reactive.AbstractListenerReadPublisher.onDataAvailable(AbstractListenerReadPublisher.java:125)
	at org.springframework.http.server.reactive.ServletServerHttpRequest$RequestBodyPublisher.checkOnDataAvailable(ServletServerHttpRequest.java:343)
	at org.springframework.http.server.reactive.AbstractListenerReadPublisher.changeToDemandState(AbstractListenerReadPublisher.java:239)
	at org.springframework.http.server.reactive.AbstractListenerReadPublisher$State$2.request(AbstractListenerReadPublisher.java:354)
	at org.springframework.http.server.reactive.AbstractListenerReadPublisher$ReadSubscription.request(AbstractListenerReadPublisher.java:280)
	at reactor.core.publisher.Operators$BaseFluxToMonoOperator.request(Operators.java:2067)
	at reactor.core.publisher.FluxFilterFuseable$FilterFuseableConditionalSubscriber.request(FluxFilterFuseable.java:411)
	at reactor.core.publisher.FluxMapFuseable$MapFuseableConditionalSubscriber.request(FluxMapFuseable.java:360)
	at reactor.core.publisher.FluxContextWrite$ContextWriteSubscriber.request(FluxContextWrite.java:136)
	at reactor.core.publisher.MonoFlatMap$FlatMapMain.request(MonoFlatMap.java:194)
	at reactor.core.publisher.Operators$MultiSubscriptionSubscriber.set(Operators.java:2367)
	at reactor.core.publisher.FluxOnErrorResume$ResumeSubscriber.onSubscribe(FluxOnErrorResume.java:74)
	at reactor.core.publisher.MonoFlatMap$FlatMapMain.onSubscribe(MonoFlatMap.java:117)
	at reactor.core.publisher.FluxContextWrite$ContextWriteSubscriber.onSubscribe(FluxContextWrite.java:101)
	at reactor.core.publisher.FluxMapFuseable$MapFuseableConditionalSubscriber.onSubscribe(FluxMapFuseable.java:265)
	at reactor.core.publisher.FluxFilterFuseable$FilterFuseableConditionalSubscriber.onSubscribe(FluxFilterFuseable.java:305)
	at reactor.core.publisher.Operators$BaseFluxToMonoOperator.onSubscribe(Operators.java:2051)
	at org.springframework.http.server.reactive.AbstractListenerReadPublisher$State$1.subscribe(AbstractListenerReadPublisher.java:322)
	at org.springframework.http.server.reactive.AbstractListenerReadPublisher.subscribe(AbstractListenerReadPublisher.java:112)
	at reactor.core.publisher.FluxSource.subscribe(FluxSource.java:71)
	at reactor.core.publisher.InternalMonoOperator.subscribe(InternalMonoOperator.java:76)
	at reactor.core.publisher.MonoDeferContextual.subscribe(MonoDeferContextual.java:55)
	at reactor.core.publisher.InternalMonoOperator.subscribe(InternalMonoOperator.java:76)
	at reactor.core.publisher.MonoZip$ZipCoordinator.request(MonoZip.java:220)
	at reactor.core.publisher.MonoFlatMap$FlatMapMain.request(MonoFlatMap.java:194)
	at reactor.core.publisher.MonoIgnoreThen$ThenIgnoreMain.onSubscribe(MonoIgnoreThen.java:135)
	at reactor.core.publisher.MonoFlatMap$FlatMapMain.onSubscribe(MonoFlatMap.java:117)
	at reactor.core.publisher.MonoZip.subscribe(MonoZip.java:129)
	at reactor.core.publisher.InternalMonoOperator.subscribe(InternalMonoOperator.java:76)
	at reactor.core.publisher.MonoDefer.subscribe(MonoDefer.java:53)
	at reactor.core.publisher.MonoIgnoreThen$ThenIgnoreMain.subscribeNext(MonoIgnoreThen.java:241)
	at reactor.core.publisher.MonoIgnoreThen$ThenIgnoreMain.onComplete(MonoIgnoreThen.java:204)
	at reactor.core.publisher.MonoFlatMap$FlatMapMain.onComplete(MonoFlatMap.java:189)
	at reactor.core.publisher.Operators.complete(Operators.java:137)
	at reactor.core.publisher.MonoZip.subscribe(MonoZip.java:121)
	at reactor.core.publisher.Mono.subscribe(Mono.java:4576)
	at reactor.core.publisher.MonoIgnoreThen$ThenIgnoreMain.subscribeNext(MonoIgnoreThen.java:265)
	at reactor.core.publisher.MonoIgnoreThen.subscribe(MonoIgnoreThen.java:51)
	at reactor.core.publisher.InternalMonoOperator.subscribe(InternalMonoOperator.java:76)
	at reactor.core.publisher.MonoFlatMap$FlatMapMain.onNext(MonoFlatMap.java:165)
	at reactor.core.publisher.FluxOnErrorResume$ResumeSubscriber.onNext(FluxOnErrorResume.java:79)
	at reactor.core.publisher.FluxSwitchIfEmpty$SwitchIfEmptySubscriber.onNext(FluxSwitchIfEmpty.java:74)
	at reactor.core.publisher.MonoNext$NextSubscriber.onNext(MonoNext.java:82)
	at reactor.core.publisher.FluxConcatMapNoPrefetch$FluxConcatMapNoPrefetchSubscriber.innerNext(FluxConcatMapNoPrefetch.java:259)
	at reactor.core.publisher.FluxConcatMap$ConcatMapInner.onNext(FluxConcatMap.java:865)
	at reactor.core.publisher.FluxMapFuseable$MapFuseableSubscriber.onNext(FluxMapFuseable.java:129)
	at reactor.core.publisher.MonoPeekTerminal$MonoTerminalPeekSubscriber.onNext(MonoPeekTerminal.java:180)
	at reactor.core.publisher.Operators$ScalarSubscription.request(Operators.java:2571)
	at reactor.core.publisher.MonoPeekTerminal$MonoTerminalPeekSubscriber.request(MonoPeekTerminal.java:139)
	at reactor.core.publisher.FluxMapFuseable$MapFuseableSubscriber.request(FluxMapFuseable.java:171)
	at reactor.core.publisher.Operators$MultiSubscriptionSubscriber.request(Operators.java:2331)
	at reactor.core.publisher.FluxConcatMapNoPrefetch$FluxConcatMapNoPrefetchSubscriber.request(FluxConcatMapNoPrefetch.java:339)
	at reactor.core.publisher.MonoNext$NextSubscriber.request(MonoNext.java:108)
	at reactor.core.publisher.Operators$MultiSubscriptionSubscriber.set(Operators.java:2367)
	at reactor.core.publisher.Operators$MultiSubscriptionSubscriber.onSubscribe(Operators.java:2241)
	at reactor.core.publisher.MonoNext$NextSubscriber.onSubscribe(MonoNext.java:70)
	at reactor.core.publisher.FluxConcatMapNoPrefetch$FluxConcatMapNoPrefetchSubscriber.onSubscribe(FluxConcatMapNoPrefetch.java:164)
	at reactor.core.publisher.FluxIterable.subscribe(FluxIterable.java:201)
	at reactor.core.publisher.FluxIterable.subscribe(FluxIterable.java:83)
	at reactor.core.publisher.InternalMonoOperator.subscribe(InternalMonoOperator.java:76)
	at reactor.core.publisher.MonoDefer.subscribe(MonoDefer.java:53)
	at reactor.core.publisher.InternalMonoOperator.subscribe(InternalMonoOperator.java:76)
	at reactor.core.publisher.MonoDefer.subscribe(MonoDefer.java:53)
	at reactor.core.publisher.InternalMonoOperator.subscribe(InternalMonoOperator.java:76)
	at reactor.core.publisher.MonoDeferContextual.subscribe(MonoDeferContextual.java:55)
	at reactor.core.publisher.MonoDefer.subscribe(MonoDefer.java:53)
	at reactor.core.publisher.Mono.subscribe(Mono.java:4576)
	at reactor.core.publisher.FluxSwitchIfEmpty$SwitchIfEmptySubscriber.onComplete(FluxSwitchIfEmpty.java:82)
	at reactor.core.publisher.MonoPeekTerminal$MonoTerminalPeekSubscriber.onComplete(MonoPeekTerminal.java:299)
	at reactor.core.publisher.MonoPeekTerminal$MonoTerminalPeekSubscriber.onComplete(MonoPeekTerminal.java:299)
	at reactor.core.publisher.MonoFlatMap$FlatMapMain.onNext(MonoFlatMap.java:155)
	at reactor.core.publisher.FluxSwitchIfEmpty$SwitchIfEmptySubscriber.onNext(FluxSwitchIfEmpty.java:74)
	at reactor.core.publisher.FluxFilter$FilterSubscriber.onNext(FluxFilter.java:113)
	at reactor.core.publisher.MonoPeekTerminal$MonoTerminalPeekSubscriber.onNext(MonoPeekTerminal.java:180)
	at reactor.core.publisher.FluxPeekFuseable$PeekFuseableConditionalSubscriber.onNext(FluxPeekFuseable.java:503)
	at reactor.core.publisher.MonoPeekTerminal$MonoTerminalPeekSubscriber.onNext(MonoPeekTerminal.java:180)
	at reactor.core.publisher.FluxDefaultIfEmpty$DefaultIfEmptySubscriber.onNext(FluxDefaultIfEmpty.java:122)
	at reactor.core.publisher.MonoNext$NextSubscriber.onNext(MonoNext.java:82)
	at reactor.core.publisher.FluxConcatMapNoPrefetch$FluxConcatMapNoPrefetchSubscriber.innerNext(FluxConcatMapNoPrefetch.java:259)
	at reactor.core.publisher.FluxConcatMap$ConcatMapInner.onNext(FluxConcatMap.java:865)
	at reactor.core.publisher.MonoFlatMap$FlatMapMain.onNext(MonoFlatMap.java:158)
	at reactor.core.publisher.FluxMap$MapSubscriber.onNext(FluxMap.java:122)
	at reactor.core.publisher.FluxFilter$FilterSubscriber.onNext(FluxFilter.java:113)
	at reactor.core.publisher.FluxPeekFuseable$PeekConditionalSubscriber.onNext(FluxPeekFuseable.java:854)
	at reactor.core.publisher.FluxSwitchIfEmpty$SwitchIfEmptySubscriber.onNext(FluxSwitchIfEmpty.java:74)
	at reactor.core.publisher.MonoNext$NextSubscriber.onNext(MonoNext.java:82)
	at reactor.core.publisher.FluxFilter$FilterSubscriber.onNext(FluxFilter.java:113)
	at reactor.core.publisher.FluxFlatMap$FlatMapMain.tryEmitScalar(FluxFlatMap.java:492)
	at reactor.core.publisher.FluxFlatMap$FlatMapMain.onNext(FluxFlatMap.java:424)
	at reactor.core.publisher.FluxPeekFuseable$PeekFuseableSubscriber.onNext(FluxPeekFuseable.java:210)
	at reactor.core.publisher.FluxIterable$IterableSubscription.slowPath(FluxIterable.java:335)
	at reactor.core.publisher.FluxIterable$IterableSubscription.request(FluxIterable.java:294)
	at reactor.core.publisher.FluxPeekFuseable$PeekFuseableSubscriber.request(FluxPeekFuseable.java:144)
	at reactor.core.publisher.FluxFlatMap$FlatMapMain.onSubscribe(FluxFlatMap.java:373)
	at reactor.core.publisher.FluxPeekFuseable$PeekFuseableSubscriber.onSubscribe(FluxPeekFuseable.java:178)
	at reactor.core.publisher.FluxIterable.subscribe(FluxIterable.java:201)
	at reactor.core.publisher.FluxIterable.subscribe(FluxIterable.java:83)
	at reactor.core.publisher.Mono.subscribe(Mono.java:4576)
	at reactor.core.publisher.FluxConcatMapNoPrefetch$FluxConcatMapNoPrefetchSubscriber.onNext(FluxConcatMapNoPrefetch.java:207)
	at reactor.core.publisher.FluxIterable$IterableSubscription.slowPath(FluxIterable.java:335)
	at reactor.core.publisher.FluxIterable$IterableSubscription.request(FluxIterable.java:294)
	at reactor.core.publisher.FluxConcatMapNoPrefetch$FluxConcatMapNoPrefetchSubscriber.innerComplete(FluxConcatMapNoPrefetch.java:275)
	at reactor.core.publisher.FluxConcatMap$ConcatMapInner.onComplete(FluxConcatMap.java:889)
	at reactor.core.publisher.MonoFlatMap$FlatMapMain.onComplete(MonoFlatMap.java:189)
	at reactor.core.publisher.FluxMap$MapSubscriber.onComplete(FluxMap.java:144)
	at reactor.core.publisher.FluxFilter$FilterSubscriber.onComplete(FluxFilter.java:166)
	at reactor.core.publisher.FluxPeekFuseable$PeekConditionalSubscriber.onComplete(FluxPeekFuseable.java:940)
	at reactor.core.publisher.FluxSwitchIfEmpty$SwitchIfEmptySubscriber.onComplete(FluxSwitchIfEmpty.java:85)
	at reactor.core.publisher.Operators$ScalarSubscription.request(Operators.java:2573)
	at reactor.core.publisher.Operators$MultiSubscriptionSubscriber.set(Operators.java:2367)
	at reactor.core.publisher.Operators$MultiSubscriptionSubscriber.onSubscribe(Operators.java:2241)
	at reactor.core.publisher.MonoJust.subscribe(MonoJust.java:55)
	at reactor.core.publisher.Mono.subscribe(Mono.java:4576)
	at reactor.core.publisher.FluxSwitchIfEmpty$SwitchIfEmptySubscriber.onComplete(FluxSwitchIfEmpty.java:82)
	at reactor.core.publisher.MonoNext$NextSubscriber.onComplete(MonoNext.java:102)
	at reactor.core.publisher.FluxFilter$FilterSubscriber.onComplete(FluxFilter.java:166)
	at reactor.core.publisher.FluxFlatMap$FlatMapMain.checkTerminated(FluxFlatMap.java:850)
	at reactor.core.publisher.FluxFlatMap$FlatMapMain.drainLoop(FluxFlatMap.java:612)
	at reactor.core.publisher.FluxFlatMap$FlatMapMain.drain(FluxFlatMap.java:592)
	at reactor.core.publisher.FluxFlatMap$FlatMapMain.request(FluxFlatMap.java:349)
	at reactor.core.publisher.FluxFilter$FilterSubscriber.request(FluxFilter.java:186)
	at reactor.core.publisher.MonoNext$NextSubscriber.request(MonoNext.java:108)
	at reactor.core.publisher.Operators$MultiSubscriptionSubscriber.request(Operators.java:2331)
	at reactor.core.publisher.FluxPeekFuseable$PeekConditionalSubscriber.request(FluxPeekFuseable.java:783)
	at reactor.core.publisher.FluxFilter$FilterSubscriber.request(FluxFilter.java:186)
	at reactor.core.publisher.FluxMap$MapSubscriber.request(FluxMap.java:164)
	at reactor.core.publisher.MonoFlatMap$FlatMapMain.request(MonoFlatMap.java:194)
	at reactor.core.publisher.Operators$MultiSubscriptionSubscriber.request(Operators.java:2331)
	at reactor.core.publisher.FluxConcatMapNoPrefetch$FluxConcatMapNoPrefetchSubscriber.request(FluxConcatMapNoPrefetch.java:339)
	at reactor.core.publisher.MonoNext$NextSubscriber.request(MonoNext.java:108)
	at reactor.core.publisher.FluxDefaultIfEmpty$DefaultIfEmptySubscriber.request(FluxDefaultIfEmpty.java:98)
	at reactor.core.publisher.MonoPeekTerminal$MonoTerminalPeekSubscriber.request(MonoPeekTerminal.java:139)
	at reactor.core.publisher.FluxPeekFuseable$PeekFuseableConditionalSubscriber.request(FluxPeekFuseable.java:437)
	at reactor.core.publisher.MonoPeekTerminal$MonoTerminalPeekSubscriber.request(MonoPeekTerminal.java:139)
	at reactor.core.publisher.FluxFilter$FilterSubscriber.request(FluxFilter.java:186)
	at reactor.core.publisher.Operators$MultiSubscriptionSubscriber.set(Operators.java:2367)
	at reactor.core.publisher.Operators$MultiSubscriptionSubscriber.onSubscribe(Operators.java:2241)
	at reactor.core.publisher.FluxFilter$FilterSubscriber.onSubscribe(FluxFilter.java:85)
	at reactor.core.publisher.MonoPeekTerminal$MonoTerminalPeekSubscriber.onSubscribe(MonoPeekTerminal.java:152)
	at reactor.core.publisher.FluxPeekFuseable$PeekFuseableConditionalSubscriber.onSubscribe(FluxPeekFuseable.java:471)
	at reactor.core.publisher.MonoPeekTerminal$MonoTerminalPeekSubscriber.onSubscribe(MonoPeekTerminal.java:152)
	at reactor.core.publisher.Operators$BaseFluxToMonoOperator.onSubscribe(Operators.java:2051)
	at reactor.core.publisher.MonoNext$NextSubscriber.onSubscribe(MonoNext.java:70)
	at reactor.core.publisher.FluxConcatMapNoPrefetch$FluxConcatMapNoPrefetchSubscriber.onSubscribe(FluxConcatMapNoPrefetch.java:164)
	at reactor.core.publisher.FluxIterable.subscribe(FluxIterable.java:201)
	at reactor.core.publisher.FluxIterable.subscribe(FluxIterable.java:83)
	at reactor.core.publisher.InternalMonoOperator.subscribe(InternalMonoOperator.java:76)
	at reactor.core.publisher.MonoDeferContextual.subscribe(MonoDeferContextual.java:55)
	at reactor.core.publisher.InternalMonoOperator.subscribe(InternalMonoOperator.java:76)
	at reactor.core.publisher.MonoDefer.subscribe(MonoDefer.java:53)
	at reactor.core.publisher.InternalMonoOperator.subscribe(InternalMonoOperator.java:76)
	at reactor.core.publisher.MonoDefer.subscribe(MonoDefer.java:53)
	at reactor.core.publisher.Mono.subscribe(Mono.java:4576)
	at reactor.core.publisher.MonoIgnoreThen$ThenIgnoreMain.subscribeNext(MonoIgnoreThen.java:265)
	at reactor.core.publisher.MonoIgnoreThen.subscribe(MonoIgnoreThen.java:51)
	at reactor.core.publisher.Mono.subscribe(Mono.java:4576)
	at reactor.core.publisher.FluxSwitchIfEmpty$SwitchIfEmptySubscriber.onComplete(FluxSwitchIfEmpty.java:82)
	at reactor.core.publisher.FluxFilter$FilterSubscriber.onComplete(FluxFilter.java:166)
	at reactor.core.publisher.FluxPeekFuseable$PeekConditionalSubscriber.onComplete(FluxPeekFuseable.java:940)
	at reactor.core.publisher.FluxSwitchIfEmpty$SwitchIfEmptySubscriber.onComplete(FluxSwitchIfEmpty.java:85)
	at reactor.core.publisher.Operators$ScalarSubscription.request(Operators.java:2573)
	at reactor.core.publisher.Operators$MultiSubscriptionSubscriber.set(Operators.java:2367)
	at reactor.core.publisher.Operators$MultiSubscriptionSubscriber.onSubscribe(Operators.java:2241)
	at reactor.core.publisher.MonoJust.subscribe(MonoJust.java:55)
	at reactor.core.publisher.Mono.subscribe(Mono.java:4576)
	at reactor.core.publisher.FluxSwitchIfEmpty$SwitchIfEmptySubscriber.onComplete(FluxSwitchIfEmpty.java:82)
	at reactor.core.publisher.MonoNext$NextSubscriber.onComplete(MonoNext.java:102)
	at reactor.core.publisher.FluxFilter$FilterSubscriber.onComplete(FluxFilter.java:166)
	at reactor.core.publisher.FluxFlatMap$FlatMapMain.checkTerminated(FluxFlatMap.java:850)
	at reactor.core.publisher.FluxFlatMap$FlatMapMain.drainLoop(FluxFlatMap.java:612)
	at reactor.core.publisher.FluxFlatMap$FlatMapMain.drain(FluxFlatMap.java:592)
	at reactor.core.publisher.FluxFlatMap$FlatMapMain.onComplete(FluxFlatMap.java:469)
	at reactor.core.publisher.FluxPeekFuseable$PeekFuseableSubscriber.onComplete(FluxPeekFuseable.java:277)
	at reactor.core.publisher.FluxIterable$IterableSubscription.slowPath(FluxIterable.java:357)
	at reactor.core.publisher.FluxIterable$IterableSubscription.request(FluxIterable.java:294)
	at reactor.core.publisher.FluxPeekFuseable$PeekFuseableSubscriber.request(FluxPeekFuseable.java:144)
	at reactor.core.publisher.FluxFlatMap$FlatMapMain.onSubscribe(FluxFlatMap.java:373)
	at reactor.core.publisher.FluxPeekFuseable$PeekFuseableSubscriber.onSubscribe(FluxPeekFuseable.java:178)
	at reactor.core.publisher.FluxIterable.subscribe(FluxIterable.java:201)
	at reactor.core.publisher.FluxIterable.subscribe(FluxIterable.java:83)
	at reactor.core.publisher.InternalMonoOperator.subscribe(InternalMonoOperator.java:76)
	at reactor.core.publisher.MonoDefer.subscribe(MonoDefer.java:53)
	at reactor.core.publisher.MonoFlatMap$FlatMapMain.onNext(MonoFlatMap.java:165)
	at reactor.core.publisher.Operators$BaseFluxToMonoOperator.completePossiblyEmpty(Operators.java:2097)
	at reactor.core.publisher.FluxDefaultIfEmpty$DefaultIfEmptySubscriber.onComplete(FluxDefaultIfEmpty.java:134)
	at reactor.core.publisher.FluxMap$MapSubscriber.onComplete(FluxMap.java:144)
	at reactor.core.publisher.FluxMap$MapSubscriber.onComplete(FluxMap.java:144)
	at reactor.core.publisher.FluxFilter$FilterSubscriber.onComplete(FluxFilter.java:166)
	at reactor.core.publisher.FluxMap$MapConditionalSubscriber.onComplete(FluxMap.java:275)
	at reactor.core.publisher.Operators$MonoSubscriber.complete(Operators.java:1866)
	at reactor.core.publisher.MonoCacheTime$CoordinatorSubscriber.signalCached(MonoCacheTime.java:337)
	at reactor.core.publisher.MonoCacheTime$CoordinatorSubscriber.onNext(MonoCacheTime.java:354)
	at reactor.core.publisher.FluxPeek$PeekSubscriber.onNext(FluxPeek.java:200)
	at reactor.core.publisher.FluxSwitchIfEmpty$SwitchIfEmptySubscriber.onNext(FluxSwitchIfEmpty.java:74)
	at reactor.core.publisher.MonoPeekTerminal$MonoTerminalPeekSubscriber.onNext(MonoPeekTerminal.java:180)
	at reactor.core.publisher.MonoPublishOn$PublishOnSubscriber.run(MonoPublishOn.java:181)
	at reactor.core.scheduler.SchedulerTask.call(SchedulerTask.java:68)
	at reactor.core.scheduler.SchedulerTask.call(SchedulerTask.java:28)
	at java.base/java.util.concurrent.FutureTask.run(FutureTask.java:317)
	at java.base/java.util.concurrent.ScheduledThreadPoolExecutor$ScheduledFutureTask.run(ScheduledThreadPoolExecutor.java:304)
	at java.base/java.util.concurrent.ThreadPoolExecutor.runWorker(ThreadPoolExecutor.java:1144)
	at java.base/java.util.concurrent.ThreadPoolExecutor$Worker.run(ThreadPoolExecutor.java:642)
	at java.base/java.lang.Thread.run(Thread.java:1583)
Caused by: java.lang.ClassNotFoundException: com.fasterxml.jackson.databind.util.TokenBuffer$Parser
	at java.base/java.net.URLClassLoader.findClass(URLClassLoader.java:445)
	at java.base/java.lang.ClassLoader.loadClass(ClassLoader.java:593)
	at org.springframework.boot.loader.net.protocol.jar.JarUrlClassLoader.loadClass(JarUrlClassLoader.java:107)
	at org.springframework.boot.loader.launch.LaunchedClassLoader.loadClass(LaunchedClassLoader.java:91)
	at java.base/java.lang.ClassLoader.loadClass(ClassLoader.java:526)
	... 221 common frames omitted

2026-03-20 21:44:28.659  WARN 1297738 [parallel-1] [] reactor.core.Exceptions                  : throwIfFatal detected a jvm fatal exception, which is thrown and logged below:

java.lang.NoClassDefFoundError: com/fasterxml/jackson/databind/util/TokenBuffer$Parser
	at com.fasterxml.jackson.databind.DeserializationContext.bufferForInputBuffering(DeserializationContext.java:562)
	at com.fasterxml.jackson.databind.jsontype.impl.AsPropertyTypeDeserializer.deserializeTypedFromObject(AsPropertyTypeDeserializer.java:140)
	at com.fasterxml.jackson.databind.deser.AbstractDeserializer.deserializeWithType(AbstractDeserializer.java:263)
	at com.fasterxml.jackson.databind.deser.impl.TypeWrappedDeserializer.deserialize(TypeWrappedDeserializer.java:74)
	at com.fasterxml.jackson.databind.deser.DefaultDeserializationContext.readRootValue(DefaultDeserializationContext.java:342)
	at com.fasterxml.jackson.databind.ObjectReader._bindAndClose(ObjectReader.java:2125)
	at com.fasterxml.jackson.databind.ObjectReader.readValue(ObjectReader.java:1501)
	at org.springframework.http.codec.json.AbstractJackson2Decoder.decode(AbstractJackson2Decoder.java:213)
	at org.springframework.http.codec.json.AbstractJackson2Decoder.lambda$decodeToMono$2(AbstractJackson2Decoder.java:198)
	at reactor.core.publisher.MonoFlatMap$FlatMapMain.onNext(MonoFlatMap.java:132)
	at reactor.core.publisher.FluxContextWrite$ContextWriteSubscriber.onNext(FluxContextWrite.java:107)
	at reactor.core.publisher.FluxMapFuseable$MapFuseableConditionalSubscriber.onNext(FluxMapFuseable.java:299)
	at reactor.core.publisher.FluxFilterFuseable$FilterFuseableConditionalSubscriber.onNext(FluxFilterFuseable.java:337)
	at reactor.core.publisher.Operators$BaseFluxToMonoOperator.completePossiblyEmpty(Operators.java:2097)
	at reactor.core.publisher.MonoCollect$CollectSubscriber.onComplete(MonoCollect.java:145)
	at org.springframework.http.server.reactive.AbstractListenerReadPublisher$State.onAllDataRead(AbstractListenerReadPublisher.java:501)
	at org.springframework.http.server.reactive.AbstractListenerReadPublisher.handlePendingCompletionOrError(AbstractListenerReadPublisher.java:249)
	at org.springframework.http.server.reactive.AbstractListenerReadPublisher$State$4.onDataAvailable(AbstractListenerReadPublisher.java:404)
	at org.springframework.http.server.reactive.AbstractListenerReadPublisher.onDataAvailable(AbstractListenerReadPublisher.java:125)
	at org.springframework.http.server.reactive.ServletServerHttpRequest$RequestBodyPublisher.checkOnDataAvailable(ServletServerHttpRequest.java:343)
	at org.springframework.http.server.reactive.AbstractListenerReadPublisher.changeToDemandState(AbstractListenerReadPublisher.java:239)
	at org.springframework.http.server.reactive.AbstractListenerReadPublisher$State$2.request(AbstractListenerReadPublisher.java:354)
	at org.springframework.http.server.reactive.AbstractListenerReadPublisher$ReadSubscription.request(AbstractListenerReadPublisher.java:280)
	at reactor.core.publisher.Operators$BaseFluxToMonoOperator.request(Operators.java:2067)
	at reactor.core.publisher.FluxFilterFuseable$FilterFuseableConditionalSubscriber.request(FluxFilterFuseable.java:411)
	at reactor.core.publisher.FluxMapFuseable$MapFuseableConditionalSubscriber.request(FluxMapFuseable.java:360)
	at reactor.core.publisher.FluxContextWrite$ContextWriteSubscriber.request(FluxContextWrite.java:136)
	at reactor.core.publisher.MonoFlatMap$FlatMapMain.request(MonoFlatMap.java:194)
	at reactor.core.publisher.Operators$MultiSubscriptionSubscriber.set(Operators.java:2367)
	at reactor.core.publisher.FluxOnErrorResume$ResumeSubscriber.onSubscribe(FluxOnErrorResume.java:74)
	at reactor.core.publisher.MonoFlatMap$FlatMapMain.onSubscribe(MonoFlatMap.java:117)
	at reactor.core.publisher.FluxContextWrite$ContextWriteSubscriber.onSubscribe(FluxContextWrite.java:101)
	at reactor.core.publisher.FluxMapFuseable$MapFuseableConditionalSubscriber.onSubscribe(FluxMapFuseable.java:265)
	at reactor.core.publisher.FluxFilterFuseable$FilterFuseableConditionalSubscriber.onSubscribe(FluxFilterFuseable.java:305)
	at reactor.core.publisher.Operators$BaseFluxToMonoOperator.onSubscribe(Operators.java:2051)
	at org.springframework.http.server.reactive.AbstractListenerReadPublisher$State$1.subscribe(AbstractListenerReadPublisher.java:322)
	at org.springframework.http.server.reactive.AbstractListenerReadPublisher.subscribe(AbstractListenerReadPublisher.java:112)
	at reactor.core.publisher.FluxSource.subscribe(FluxSource.java:71)
	at reactor.core.publisher.InternalMonoOperator.subscribe(InternalMonoOperator.java:76)
	at reactor.core.publisher.MonoDeferContextual.subscribe(MonoDeferContextual.java:55)
	at reactor.core.publisher.InternalMonoOperator.subscribe(InternalMonoOperator.java:76)
	at reactor.core.publisher.MonoZip$ZipCoordinator.request(MonoZip.java:220)
	at reactor.core.publisher.MonoFlatMap$FlatMapMain.request(MonoFlatMap.java:194)
	at reactor.core.publisher.MonoIgnoreThen$ThenIgnoreMain.onSubscribe(MonoIgnoreThen.java:135)
	at reactor.core.publisher.MonoFlatMap$FlatMapMain.onSubscribe(MonoFlatMap.java:117)
	at reactor.core.publisher.MonoZip.subscribe(MonoZip.java:129)
	at reactor.core.publisher.InternalMonoOperator.subscribe(InternalMonoOperator.java:76)
	at reactor.core.publisher.MonoDefer.subscribe(MonoDefer.java:53)
	at reactor.core.publisher.MonoIgnoreThen$ThenIgnoreMain.subscribeNext(MonoIgnoreThen.java:241)
	at reactor.core.publisher.MonoIgnoreThen$ThenIgnoreMain.onComplete(MonoIgnoreThen.java:204)
	at reactor.core.publisher.MonoFlatMap$FlatMapMain.onComplete(MonoFlatMap.java:189)
	at reactor.core.publisher.Operators.complete(Operators.java:137)
	at reactor.core.publisher.MonoZip.subscribe(MonoZip.java:121)
	at reactor.core.publisher.Mono.subscribe(Mono.java:4576)
	at reactor.core.publisher.MonoIgnoreThen$ThenIgnoreMain.subscribeNext(MonoIgnoreThen.java:265)
	at reactor.core.publisher.MonoIgnoreThen.subscribe(MonoIgnoreThen.java:51)
	at reactor.core.publisher.InternalMonoOperator.subscribe(InternalMonoOperator.java:76)
	at reactor.core.publisher.MonoFlatMap$FlatMapMain.onNext(MonoFlatMap.java:165)
	at reactor.core.publisher.FluxOnErrorResume$ResumeSubscriber.onNext(FluxOnErrorResume.java:79)
	at reactor.core.publisher.FluxSwitchIfEmpty$SwitchIfEmptySubscriber.onNext(FluxSwitchIfEmpty.java:74)
	at reactor.core.publisher.MonoNext$NextSubscriber.onNext(MonoNext.java:82)
	at reactor.core.publisher.FluxConcatMapNoPrefetch$FluxConcatMapNoPrefetchSubscriber.innerNext(FluxConcatMapNoPrefetch.java:259)
	at reactor.core.publisher.FluxConcatMap$ConcatMapInner.onNext(FluxConcatMap.java:865)
	at reactor.core.publisher.FluxMapFuseable$MapFuseableSubscriber.onNext(FluxMapFuseable.java:129)
	at reactor.core.publisher.MonoPeekTerminal$MonoTerminalPeekSubscriber.onNext(MonoPeekTerminal.java:180)
	at reactor.core.publisher.Operators$ScalarSubscription.request(Operators.java:2571)
	at reactor.core.publisher.MonoPeekTerminal$MonoTerminalPeekSubscriber.request(MonoPeekTerminal.java:139)
	at reactor.core.publisher.FluxMapFuseable$MapFuseableSubscriber.request(FluxMapFuseable.java:171)
	at reactor.core.publisher.Operators$MultiSubscriptionSubscriber.request(Operators.java:2331)
	at reactor.core.publisher.FluxConcatMapNoPrefetch$FluxConcatMapNoPrefetchSubscriber.request(FluxConcatMapNoPrefetch.java:339)
	at reactor.core.publisher.MonoNext$NextSubscriber.request(MonoNext.java:108)
	at reactor.core.publisher.Operators$MultiSubscriptionSubscriber.set(Operators.java:2367)
	at reactor.core.publisher.Operators$MultiSubscriptionSubscriber.onSubscribe(Operators.java:2241)
	at reactor.core.publisher.MonoNext$NextSubscriber.onSubscribe(MonoNext.java:70)
	at reactor.core.publisher.FluxConcatMapNoPrefetch$FluxConcatMapNoPrefetchSubscriber.onSubscribe(FluxConcatMapNoPrefetch.java:164)
	at reactor.core.publisher.FluxIterable.subscribe(FluxIterable.java:201)
	at reactor.core.publisher.FluxIterable.subscribe(FluxIterable.java:83)
	at reactor.core.publisher.InternalMonoOperator.subscribe(InternalMonoOperator.java:76)
	at reactor.core.publisher.MonoDefer.subscribe(MonoDefer.java:53)
	at reactor.core.publisher.InternalMonoOperator.subscribe(InternalMonoOperator.java:76)
	at reactor.core.publisher.MonoDefer.subscribe(MonoDefer.java:53)
	at reactor.core.publisher.InternalMonoOperator.subscribe(InternalMonoOperator.java:76)
	at reactor.core.publisher.MonoDeferContextual.subscribe(MonoDeferContextual.java:55)
	at reactor.core.publisher.MonoDefer.subscribe(MonoDefer.java:53)
	at reactor.core.publisher.Mono.subscribe(Mono.java:4576)
	at reactor.core.publisher.FluxSwitchIfEmpty$SwitchIfEmptySubscriber.onComplete(FluxSwitchIfEmpty.java:82)
	at reactor.core.publisher.MonoPeekTerminal$MonoTerminalPeekSubscriber.onComplete(MonoPeekTerminal.java:299)
	at reactor.core.publisher.MonoPeekTerminal$MonoTerminalPeekSubscriber.onComplete(MonoPeekTerminal.java:299)
	at reactor.core.publisher.MonoFlatMap$FlatMapMain.onNext(MonoFlatMap.java:155)
	at reactor.core.publisher.FluxSwitchIfEmpty$SwitchIfEmptySubscriber.onNext(FluxSwitchIfEmpty.java:74)
	at reactor.core.publisher.FluxFilter$FilterSubscriber.onNext(FluxFilter.java:113)
	at reactor.core.publisher.MonoPeekTerminal$MonoTerminalPeekSubscriber.onNext(MonoPeekTerminal.java:180)
	at reactor.core.publisher.FluxPeekFuseable$PeekFuseableConditionalSubscriber.onNext(FluxPeekFuseable.java:503)
	at reactor.core.publisher.MonoPeekTerminal$MonoTerminalPeekSubscriber.onNext(MonoPeekTerminal.java:180)
	at reactor.core.publisher.FluxDefaultIfEmpty$DefaultIfEmptySubscriber.onNext(FluxDefaultIfEmpty.java:122)
	at reactor.core.publisher.MonoNext$NextSubscriber.onNext(MonoNext.java:82)
	at reactor.core.publisher.FluxConcatMapNoPrefetch$FluxConcatMapNoPrefetchSubscriber.innerNext(FluxConcatMapNoPrefetch.java:259)
	at reactor.core.publisher.FluxConcatMap$ConcatMapInner.onNext(FluxConcatMap.java:865)
	at reactor.core.publisher.MonoFlatMap$FlatMapMain.onNext(MonoFlatMap.java:158)
	at reactor.core.publisher.FluxMap$MapSubscriber.onNext(FluxMap.java:122)
	at reactor.core.publisher.FluxFilter$FilterSubscriber.onNext(FluxFilter.java:113)
	at reactor.core.publisher.FluxPeekFuseable$PeekConditionalSubscriber.onNext(FluxPeekFuseable.java:854)
	at reactor.core.publisher.FluxSwitchIfEmpty$SwitchIfEmptySubscriber.onNext(FluxSwitchIfEmpty.java:74)
	at reactor.core.publisher.MonoNext$NextSubscriber.onNext(MonoNext.java:82)
	at reactor.core.publisher.FluxFilter$FilterSubscriber.onNext(FluxFilter.java:113)
	at reactor.core.publisher.FluxFlatMap$FlatMapMain.tryEmitScalar(FluxFlatMap.java:492)
	at reactor.core.publisher.FluxFlatMap$FlatMapMain.onNext(FluxFlatMap.java:424)
	at reactor.core.publisher.FluxPeekFuseable$PeekFuseableSubscriber.onNext(FluxPeekFuseable.java:210)
	at reactor.core.publisher.FluxIterable$IterableSubscription.slowPath(FluxIterable.java:335)
	at reactor.core.publisher.FluxIterable$IterableSubscription.request(FluxIterable.java:294)
	at reactor.core.publisher.FluxPeekFuseable$PeekFuseableSubscriber.request(FluxPeekFuseable.java:144)
	at reactor.core.publisher.FluxFlatMap$FlatMapMain.onSubscribe(FluxFlatMap.java:373)
	at reactor.core.publisher.FluxPeekFuseable$PeekFuseableSubscriber.onSubscribe(FluxPeekFuseable.java:178)
	at reactor.core.publisher.FluxIterable.subscribe(FluxIterable.java:201)
	at reactor.core.publisher.FluxIterable.subscribe(FluxIterable.java:83)
	at reactor.core.publisher.Mono.subscribe(Mono.java:4576)
	at reactor.core.publisher.FluxConcatMapNoPrefetch$FluxConcatMapNoPrefetchSubscriber.onNext(FluxConcatMapNoPrefetch.java:207)
	at reactor.core.publisher.FluxIterable$IterableSubscription.slowPath(FluxIterable.java:335)
	at reactor.core.publisher.FluxIterable$IterableSubscription.request(FluxIterable.java:294)
	at reactor.core.publisher.FluxConcatMapNoPrefetch$FluxConcatMapNoPrefetchSubscriber.innerComplete(FluxConcatMapNoPrefetch.java:275)
	at reactor.core.publisher.FluxConcatMap$ConcatMapInner.onComplete(FluxConcatMap.java:889)
	at reactor.core.publisher.MonoFlatMap$FlatMapMain.onComplete(MonoFlatMap.java:189)
	at reactor.core.publisher.FluxMap$MapSubscriber.onComplete(FluxMap.java:144)
	at reactor.core.publisher.FluxFilter$FilterSubscriber.onComplete(FluxFilter.java:166)
	at reactor.core.publisher.FluxPeekFuseable$PeekConditionalSubscriber.onComplete(FluxPeekFuseable.java:940)
	at reactor.core.publisher.FluxSwitchIfEmpty$SwitchIfEmptySubscriber.onComplete(FluxSwitchIfEmpty.java:85)
	at reactor.core.publisher.Operators$ScalarSubscription.request(Operators.java:2573)
	at reactor.core.publisher.Operators$MultiSubscriptionSubscriber.set(Operators.java:2367)
	at reactor.core.publisher.Operators$MultiSubscriptionSubscriber.onSubscribe(Operators.java:2241)
	at reactor.core.publisher.MonoJust.subscribe(MonoJust.java:55)
	at reactor.core.publisher.Mono.subscribe(Mono.java:4576)
	at reactor.core.publisher.FluxSwitchIfEmpty$SwitchIfEmptySubscriber.onComplete(FluxSwitchIfEmpty.java:82)
	at reactor.core.publisher.MonoNext$NextSubscriber.onComplete(MonoNext.java:102)
	at reactor.core.publisher.FluxFilter$FilterSubscriber.onComplete(FluxFilter.java:166)
	at reactor.core.publisher.FluxFlatMap$FlatMapMain.checkTerminated(FluxFlatMap.java:850)
	at reactor.core.publisher.FluxFlatMap$FlatMapMain.drainLoop(FluxFlatMap.java:612)
	at reactor.core.publisher.FluxFlatMap$FlatMapMain.drain(FluxFlatMap.java:592)
	at reactor.core.publisher.FluxFlatMap$FlatMapMain.request(FluxFlatMap.java:349)
	at reactor.core.publisher.FluxFilter$FilterSubscriber.request(FluxFilter.java:186)
	at reactor.core.publisher.MonoNext$NextSubscriber.request(MonoNext.java:108)
	at reactor.core.publisher.Operators$MultiSubscriptionSubscriber.request(Operators.java:2331)
	at reactor.core.publisher.FluxPeekFuseable$PeekConditionalSubscriber.request(FluxPeekFuseable.java:783)
	at reactor.core.publisher.FluxFilter$FilterSubscriber.request(FluxFilter.java:186)
	at reactor.core.publisher.FluxMap$MapSubscriber.request(FluxMap.java:164)
	at reactor.core.publisher.MonoFlatMap$FlatMapMain.request(MonoFlatMap.java:194)
	at reactor.core.publisher.Operators$MultiSubscriptionSubscriber.request(Operators.java:2331)
	at reactor.core.publisher.FluxConcatMapNoPrefetch$FluxConcatMapNoPrefetchSubscriber.request(FluxConcatMapNoPrefetch.java:339)
	at reactor.core.publisher.MonoNext$NextSubscriber.request(MonoNext.java:108)
	at reactor.core.publisher.FluxDefaultIfEmpty$DefaultIfEmptySubscriber.request(FluxDefaultIfEmpty.java:98)
	at reactor.core.publisher.MonoPeekTerminal$MonoTerminalPeekSubscriber.request(MonoPeekTerminal.java:139)
	at reactor.core.publisher.FluxPeekFuseable$PeekFuseableConditionalSubscriber.request(FluxPeekFuseable.java:437)
	at reactor.core.publisher.MonoPeekTerminal$MonoTerminalPeekSubscriber.request(MonoPeekTerminal.java:139)
	at reactor.core.publisher.FluxFilter$FilterSubscriber.request(FluxFilter.java:186)
	at reactor.core.publisher.Operators$MultiSubscriptionSubscriber.set(Operators.java:2367)
	at reactor.core.publisher.Operators$MultiSubscriptionSubscriber.onSubscribe(Operators.java:2241)
	at reactor.core.publisher.FluxFilter$FilterSubscriber.onSubscribe(FluxFilter.java:85)
	at reactor.core.publisher.MonoPeekTerminal$MonoTerminalPeekSubscriber.onSubscribe(MonoPeekTerminal.java:152)
	at reactor.core.publisher.FluxPeekFuseable$PeekFuseableConditionalSubscriber.onSubscribe(FluxPeekFuseable.java:471)
	at reactor.core.publisher.MonoPeekTerminal$MonoTerminalPeekSubscriber.onSubscribe(MonoPeekTerminal.java:152)
	at reactor.core.publisher.Operators$BaseFluxToMonoOperator.onSubscribe(Operators.java:2051)
	at reactor.core.publisher.MonoNext$NextSubscriber.onSubscribe(MonoNext.java:70)
	at reactor.core.publisher.FluxConcatMapNoPrefetch$FluxConcatMapNoPrefetchSubscriber.onSubscribe(FluxConcatMapNoPrefetch.java:164)
	at reactor.core.publisher.FluxIterable.subscribe(FluxIterable.java:201)
	at reactor.core.publisher.FluxIterable.subscribe(FluxIterable.java:83)
	at reactor.core.publisher.InternalMonoOperator.subscribe(InternalMonoOperator.java:76)
	at reactor.core.publisher.MonoDeferContextual.subscribe(MonoDeferContextual.java:55)
	at reactor.core.publisher.InternalMonoOperator.subscribe(InternalMonoOperator.java:76)
	at reactor.core.publisher.MonoDefer.subscribe(MonoDefer.java:53)
	at reactor.core.publisher.InternalMonoOperator.subscribe(InternalMonoOperator.java:76)
	at reactor.core.publisher.MonoDefer.subscribe(MonoDefer.java:53)
	at reactor.core.publisher.Mono.subscribe(Mono.java:4576)
	at reactor.core.publisher.MonoIgnoreThen$ThenIgnoreMain.subscribeNext(MonoIgnoreThen.java:265)
	at reactor.core.publisher.MonoIgnoreThen.subscribe(MonoIgnoreThen.java:51)
	at reactor.core.publisher.Mono.subscribe(Mono.java:4576)
	at reactor.core.publisher.FluxSwitchIfEmpty$SwitchIfEmptySubscriber.onComplete(FluxSwitchIfEmpty.java:82)
	at reactor.core.publisher.FluxFilter$FilterSubscriber.onComplete(FluxFilter.java:166)
	at reactor.core.publisher.FluxPeekFuseable$PeekConditionalSubscriber.onComplete(FluxPeekFuseable.java:940)
	at reactor.core.publisher.FluxSwitchIfEmpty$SwitchIfEmptySubscriber.onComplete(FluxSwitchIfEmpty.java:85)
	at reactor.core.publisher.Operators$ScalarSubscription.request(Operators.java:2573)
	at reactor.core.publisher.Operators$MultiSubscriptionSubscriber.set(Operators.java:2367)
	at reactor.core.publisher.Operators$MultiSubscriptionSubscriber.onSubscribe(Operators.java:2241)
	at reactor.core.publisher.MonoJust.subscribe(MonoJust.java:55)
	at reactor.core.publisher.Mono.subscribe(Mono.java:4576)
	at reactor.core.publisher.FluxSwitchIfEmpty$SwitchIfEmptySubscriber.onComplete(FluxSwitchIfEmpty.java:82)
	at reactor.core.publisher.MonoNext$NextSubscriber.onComplete(MonoNext.java:102)
	at reactor.core.publisher.FluxFilter$FilterSubscriber.onComplete(FluxFilter.java:166)
	at reactor.core.publisher.FluxFlatMap$FlatMapMain.checkTerminated(FluxFlatMap.java:850)
	at reactor.core.publisher.FluxFlatMap$FlatMapMain.drainLoop(FluxFlatMap.java:612)
	at reactor.core.publisher.FluxFlatMap$FlatMapMain.drain(FluxFlatMap.java:592)
	at reactor.core.publisher.FluxFlatMap$FlatMapMain.onComplete(FluxFlatMap.java:469)
	at reactor.core.publisher.FluxPeekFuseable$PeekFuseableSubscriber.onComplete(FluxPeekFuseable.java:277)
	at reactor.core.publisher.FluxIterable$IterableSubscription.slowPath(FluxIterable.java:357)
	at reactor.core.publisher.FluxIterable$IterableSubscription.request(FluxIterable.java:294)
	at reactor.core.publisher.FluxPeekFuseable$PeekFuseableSubscriber.request(FluxPeekFuseable.java:144)
	at reactor.core.publisher.FluxFlatMap$FlatMapMain.onSubscribe(FluxFlatMap.java:373)
	at reactor.core.publisher.FluxPeekFuseable$PeekFuseableSubscriber.onSubscribe(FluxPeekFuseable.java:178)
	at reactor.core.publisher.FluxIterable.subscribe(FluxIterable.java:201)
	at reactor.core.publisher.FluxIterable.subscribe(FluxIterable.java:83)
	at reactor.core.publisher.InternalMonoOperator.subscribe(InternalMonoOperator.java:76)
	at reactor.core.publisher.MonoDefer.subscribe(MonoDefer.java:53)
	at reactor.core.publisher.MonoFlatMap$FlatMapMain.onNext(MonoFlatMap.java:165)
	at reactor.core.publisher.Operators$BaseFluxToMonoOperator.completePossiblyEmpty(Operators.java:2097)
	at reactor.core.publisher.FluxDefaultIfEmpty$DefaultIfEmptySubscriber.onComplete(FluxDefaultIfEmpty.java:134)
	at reactor.core.publisher.FluxMap$MapSubscriber.onComplete(FluxMap.java:144)
	at reactor.core.publisher.FluxMap$MapSubscriber.onComplete(FluxMap.java:144)
	at reactor.core.publisher.FluxFilter$FilterSubscriber.onComplete(FluxFilter.java:166)
	at reactor.core.publisher.FluxMap$MapConditionalSubscriber.onComplete(FluxMap.java:275)
	at reactor.core.publisher.Operators$MonoSubscriber.complete(Operators.java:1866)
	at reactor.core.publisher.MonoCacheTime$CoordinatorSubscriber.signalCached(MonoCacheTime.java:337)
	at reactor.core.publisher.MonoCacheTime$CoordinatorSubscriber.onNext(MonoCacheTime.java:354)
	at reactor.core.publisher.FluxPeek$PeekSubscriber.onNext(FluxPeek.java:200)
	at reactor.core.publisher.FluxSwitchIfEmpty$SwitchIfEmptySubscriber.onNext(FluxSwitchIfEmpty.java:74)
	at reactor.core.publisher.MonoPeekTerminal$MonoTerminalPeekSubscriber.onNext(MonoPeekTerminal.java:180)
	at reactor.core.publisher.MonoPublishOn$PublishOnSubscriber.run(MonoPublishOn.java:181)
	at reactor.core.scheduler.SchedulerTask.call(SchedulerTask.java:68)
	at reactor.core.scheduler.SchedulerTask.call(SchedulerTask.java:28)
	at java.base/java.util.concurrent.FutureTask.run(FutureTask.java:317)
	at java.base/java.util.concurrent.ScheduledThreadPoolExecutor$ScheduledFutureTask.run(ScheduledThreadPoolExecutor.java:304)
	at java.base/java.util.concurrent.ThreadPoolExecutor.runWorker(ThreadPoolExecutor.java:1144)
	at java.base/java.util.concurrent.ThreadPoolExecutor$Worker.run(ThreadPoolExecutor.java:642)
	at java.base/java.lang.Thread.run(Thread.java:1583)
Caused by: java.lang.ClassNotFoundException: com.fasterxml.jackson.databind.util.TokenBuffer$Parser
	at java.base/java.net.URLClassLoader.findClass(URLClassLoader.java:445)
	at java.base/java.lang.ClassLoader.loadClass(ClassLoader.java:593)
	at org.springframework.boot.loader.net.protocol.jar.JarUrlClassLoader.loadClass(JarUrlClassLoader.java:107)
	at org.springframework.boot.loader.launch.LaunchedClassLoader.loadClass(LaunchedClassLoader.java:91)
	at java.base/java.lang.ClassLoader.loadClass(ClassLoader.java:526)
	... 221 common frames omitted

2026-03-20 21:44:28.660  WARN 1297738 [parallel-1] [] reactor.core.Exceptions                  : throwIfFatal detected a jvm fatal exception, which is thrown and logged below:

java.lang.NoClassDefFoundError: com/fasterxml/jackson/databind/util/TokenBuffer$Parser
	at com.fasterxml.jackson.databind.DeserializationContext.bufferForInputBuffering(DeserializationContext.java:562)
	at com.fasterxml.jackson.databind.jsontype.impl.AsPropertyTypeDeserializer.deserializeTypedFromObject(AsPropertyTypeDeserializer.java:140)
	at com.fasterxml.jackson.databind.deser.AbstractDeserializer.deserializeWithType(AbstractDeserializer.java:263)
	at com.fasterxml.jackson.databind.deser.impl.TypeWrappedDeserializer.deserialize(TypeWrappedDeserializer.java:74)
	at com.fasterxml.jackson.databind.deser.DefaultDeserializationContext.readRootValue(DefaultDeserializationContext.java:342)
	at com.fasterxml.jackson.databind.ObjectReader._bindAndClose(ObjectReader.java:2125)
	at com.fasterxml.jackson.databind.ObjectReader.readValue(ObjectReader.java:1501)
	at org.springframework.http.codec.json.AbstractJackson2Decoder.decode(AbstractJackson2Decoder.java:213)
	at org.springframework.http.codec.json.AbstractJackson2Decoder.lambda$decodeToMono$2(AbstractJackson2Decoder.java:198)
	at reactor.core.publisher.MonoFlatMap$FlatMapMain.onNext(MonoFlatMap.java:132)
	at reactor.core.publisher.FluxContextWrite$ContextWriteSubscriber.onNext(FluxContextWrite.java:107)
	at reactor.core.publisher.FluxMapFuseable$MapFuseableConditionalSubscriber.onNext(FluxMapFuseable.java:299)
	at reactor.core.publisher.FluxFilterFuseable$FilterFuseableConditionalSubscriber.onNext(FluxFilterFuseable.java:337)
	at reactor.core.publisher.Operators$BaseFluxToMonoOperator.completePossiblyEmpty(Operators.java:2097)
	at reactor.core.publisher.MonoCollect$CollectSubscriber.onComplete(MonoCollect.java:145)
	at org.springframework.http.server.reactive.AbstractListenerReadPublisher$State.onAllDataRead(AbstractListenerReadPublisher.java:501)
	at org.springframework.http.server.reactive.AbstractListenerReadPublisher.handlePendingCompletionOrError(AbstractListenerReadPublisher.java:249)
	at org.springframework.http.server.reactive.AbstractListenerReadPublisher$State$4.onDataAvailable(AbstractListenerReadPublisher.java:404)
	at org.springframework.http.server.reactive.AbstractListenerReadPublisher.onDataAvailable(AbstractListenerReadPublisher.java:125)
	at org.springframework.http.server.reactive.ServletServerHttpRequest$RequestBodyPublisher.checkOnDataAvailable(ServletServerHttpRequest.java:343)
	at org.springframework.http.server.reactive.AbstractListenerReadPublisher.changeToDemandState(AbstractListenerReadPublisher.java:239)
	at org.springframework.http.server.reactive.AbstractListenerReadPublisher$State$2.request(AbstractListenerReadPublisher.java:354)
	at org.springframework.http.server.reactive.AbstractListenerReadPublisher$ReadSubscription.request(AbstractListenerReadPublisher.java:280)
	at reactor.core.publisher.Operators$BaseFluxToMonoOperator.request(Operators.java:2067)
	at reactor.core.publisher.FluxFilterFuseable$FilterFuseableConditionalSubscriber.request(FluxFilterFuseable.java:411)
	at reactor.core.publisher.FluxMapFuseable$MapFuseableConditionalSubscriber.request(FluxMapFuseable.java:360)
	at reactor.core.publisher.FluxContextWrite$ContextWriteSubscriber.request(FluxContextWrite.java:136)
	at reactor.core.publisher.MonoFlatMap$FlatMapMain.request(MonoFlatMap.java:194)
	at reactor.core.publisher.Operators$MultiSubscriptionSubscriber.set(Operators.java:2367)
	at reactor.core.publisher.FluxOnErrorResume$ResumeSubscriber.onSubscribe(FluxOnErrorResume.java:74)
	at reactor.core.publisher.MonoFlatMap$FlatMapMain.onSubscribe(MonoFlatMap.java:117)
	at reactor.core.publisher.FluxContextWrite$ContextWriteSubscriber.onSubscribe(FluxContextWrite.java:101)
	at reactor.core.publisher.FluxMapFuseable$MapFuseableConditionalSubscriber.onSubscribe(FluxMapFuseable.java:265)
	at reactor.core.publisher.FluxFilterFuseable$FilterFuseableConditionalSubscriber.onSubscribe(FluxFilterFuseable.java:305)
	at reactor.core.publisher.Operators$BaseFluxToMonoOperator.onSubscribe(Operators.java:2051)
	at org.springframework.http.server.reactive.AbstractListenerReadPublisher$State$1.subscribe(AbstractListenerReadPublisher.java:322)
	at org.springframework.http.server.reactive.AbstractListenerReadPublisher.subscribe(AbstractListenerReadPublisher.java:112)
	at reactor.core.publisher.FluxSource.subscribe(FluxSource.java:71)
	at reactor.core.publisher.InternalMonoOperator.subscribe(InternalMonoOperator.java:76)
	at reactor.core.publisher.MonoDeferContextual.subscribe(MonoDeferContextual.java:55)
	at reactor.core.publisher.InternalMonoOperator.subscribe(InternalMonoOperator.java:76)
	at reactor.core.publisher.MonoZip$ZipCoordinator.request(MonoZip.java:220)
	at reactor.core.publisher.MonoFlatMap$FlatMapMain.request(MonoFlatMap.java:194)
	at reactor.core.publisher.MonoIgnoreThen$ThenIgnoreMain.onSubscribe(MonoIgnoreThen.java:135)
	at reactor.core.publisher.MonoFlatMap$FlatMapMain.onSubscribe(MonoFlatMap.java:117)
	at reactor.core.publisher.MonoZip.subscribe(MonoZip.java:129)
	at reactor.core.publisher.InternalMonoOperator.subscribe(InternalMonoOperator.java:76)
	at reactor.core.publisher.MonoDefer.subscribe(MonoDefer.java:53)
	at reactor.core.publisher.MonoIgnoreThen$ThenIgnoreMain.subscribeNext(MonoIgnoreThen.java:241)
	at reactor.core.publisher.MonoIgnoreThen$ThenIgnoreMain.onComplete(MonoIgnoreThen.java:204)
	at reactor.core.publisher.MonoFlatMap$FlatMapMain.onComplete(MonoFlatMap.java:189)
	at reactor.core.publisher.Operators.complete(Operators.java:137)
	at reactor.core.publisher.MonoZip.subscribe(MonoZip.java:121)
	at reactor.core.publisher.Mono.subscribe(Mono.java:4576)
	at reactor.core.publisher.MonoIgnoreThen$ThenIgnoreMain.subscribeNext(MonoIgnoreThen.java:265)
	at reactor.core.publisher.MonoIgnoreThen.subscribe(MonoIgnoreThen.java:51)
	at reactor.core.publisher.InternalMonoOperator.subscribe(InternalMonoOperator.java:76)
	at reactor.core.publisher.MonoFlatMap$FlatMapMain.onNext(MonoFlatMap.java:165)
	at reactor.core.publisher.FluxOnErrorResume$ResumeSubscriber.onNext(FluxOnErrorResume.java:79)
	at reactor.core.publisher.FluxSwitchIfEmpty$SwitchIfEmptySubscriber.onNext(FluxSwitchIfEmpty.java:74)
	at reactor.core.publisher.MonoNext$NextSubscriber.onNext(MonoNext.java:82)
	at reactor.core.publisher.FluxConcatMapNoPrefetch$FluxConcatMapNoPrefetchSubscriber.innerNext(FluxConcatMapNoPrefetch.java:259)
	at reactor.core.publisher.FluxConcatMap$ConcatMapInner.onNext(FluxConcatMap.java:865)
	at reactor.core.publisher.FluxMapFuseable$MapFuseableSubscriber.onNext(FluxMapFuseable.java:129)
	at reactor.core.publisher.MonoPeekTerminal$MonoTerminalPeekSubscriber.onNext(MonoPeekTerminal.java:180)
	at reactor.core.publisher.Operators$ScalarSubscription.request(Operators.java:2571)
	at reactor.core.publisher.MonoPeekTerminal$MonoTerminalPeekSubscriber.request(MonoPeekTerminal.java:139)
	at reactor.core.publisher.FluxMapFuseable$MapFuseableSubscriber.request(FluxMapFuseable.java:171)
	at reactor.core.publisher.Operators$MultiSubscriptionSubscriber.request(Operators.java:2331)
	at reactor.core.publisher.FluxConcatMapNoPrefetch$FluxConcatMapNoPrefetchSubscriber.request(FluxConcatMapNoPrefetch.java:339)
	at reactor.core.publisher.MonoNext$NextSubscriber.request(MonoNext.java:108)
	at reactor.core.publisher.Operators$MultiSubscriptionSubscriber.set(Operators.java:2367)
	at reactor.core.publisher.Operators$MultiSubscriptionSubscriber.onSubscribe(Operators.java:2241)
	at reactor.core.publisher.MonoNext$NextSubscriber.onSubscribe(MonoNext.java:70)
	at reactor.core.publisher.FluxConcatMapNoPrefetch$FluxConcatMapNoPrefetchSubscriber.onSubscribe(FluxConcatMapNoPrefetch.java:164)
	at reactor.core.publisher.FluxIterable.subscribe(FluxIterable.java:201)
	at reactor.core.publisher.FluxIterable.subscribe(FluxIterable.java:83)
	at reactor.core.publisher.InternalMonoOperator.subscribe(InternalMonoOperator.java:76)
	at reactor.core.publisher.MonoDefer.subscribe(MonoDefer.java:53)
	at reactor.core.publisher.InternalMonoOperator.subscribe(InternalMonoOperator.java:76)
	at reactor.core.publisher.MonoDefer.subscribe(MonoDefer.java:53)
	at reactor.core.publisher.InternalMonoOperator.subscribe(InternalMonoOperator.java:76)
	at reactor.core.publisher.MonoDeferContextual.subscribe(MonoDeferContextual.java:55)
	at reactor.core.publisher.MonoDefer.subscribe(MonoDefer.java:53)
	at reactor.core.publisher.Mono.subscribe(Mono.java:4576)
	at reactor.core.publisher.FluxSwitchIfEmpty$SwitchIfEmptySubscriber.onComplete(FluxSwitchIfEmpty.java:82)
	at reactor.core.publisher.MonoPeekTerminal$MonoTerminalPeekSubscriber.onComplete(MonoPeekTerminal.java:299)
	at reactor.core.publisher.MonoPeekTerminal$MonoTerminalPeekSubscriber.onComplete(MonoPeekTerminal.java:299)
	at reactor.core.publisher.MonoFlatMap$FlatMapMain.onNext(MonoFlatMap.java:155)
	at reactor.core.publisher.FluxSwitchIfEmpty$SwitchIfEmptySubscriber.onNext(FluxSwitchIfEmpty.java:74)
	at reactor.core.publisher.FluxFilter$FilterSubscriber.onNext(FluxFilter.java:113)
	at reactor.core.publisher.MonoPeekTerminal$MonoTerminalPeekSubscriber.onNext(MonoPeekTerminal.java:180)
	at reactor.core.publisher.FluxPeekFuseable$PeekFuseableConditionalSubscriber.onNext(FluxPeekFuseable.java:503)
	at reactor.core.publisher.MonoPeekTerminal$MonoTerminalPeekSubscriber.onNext(MonoPeekTerminal.java:180)
	at reactor.core.publisher.FluxDefaultIfEmpty$DefaultIfEmptySubscriber.onNext(FluxDefaultIfEmpty.java:122)
	at reactor.core.publisher.MonoNext$NextSubscriber.onNext(MonoNext.java:82)
	at reactor.core.publisher.FluxConcatMapNoPrefetch$FluxConcatMapNoPrefetchSubscriber.innerNext(FluxConcatMapNoPrefetch.java:259)
	at reactor.core.publisher.FluxConcatMap$ConcatMapInner.onNext(FluxConcatMap.java:865)
	at reactor.core.publisher.MonoFlatMap$FlatMapMain.onNext(MonoFlatMap.java:158)
	at reactor.core.publisher.FluxMap$MapSubscriber.onNext(FluxMap.java:122)
	at reactor.core.publisher.FluxFilter$FilterSubscriber.onNext(FluxFilter.java:113)
	at reactor.core.publisher.FluxPeekFuseable$PeekConditionalSubscriber.onNext(FluxPeekFuseable.java:854)
	at reactor.core.publisher.FluxSwitchIfEmpty$SwitchIfEmptySubscriber.onNext(FluxSwitchIfEmpty.java:74)
	at reactor.core.publisher.MonoNext$NextSubscriber.onNext(MonoNext.java:82)
	at reactor.core.publisher.FluxFilter$FilterSubscriber.onNext(FluxFilter.java:113)
	at reactor.core.publisher.FluxFlatMap$FlatMapMain.tryEmitScalar(FluxFlatMap.java:492)
	at reactor.core.publisher.FluxFlatMap$FlatMapMain.onNext(FluxFlatMap.java:424)
	at reactor.core.publisher.FluxPeekFuseable$PeekFuseableSubscriber.onNext(FluxPeekFuseable.java:210)
	at reactor.core.publisher.FluxIterable$IterableSubscription.slowPath(FluxIterable.java:335)
	at reactor.core.publisher.FluxIterable$IterableSubscription.request(FluxIterable.java:294)
	at reactor.core.publisher.FluxPeekFuseable$PeekFuseableSubscriber.request(FluxPeekFuseable.java:144)
	at reactor.core.publisher.FluxFlatMap$FlatMapMain.onSubscribe(FluxFlatMap.java:373)
	at reactor.core.publisher.FluxPeekFuseable$PeekFuseableSubscriber.onSubscribe(FluxPeekFuseable.java:178)
	at reactor.core.publisher.FluxIterable.subscribe(FluxIterable.java:201)
	at reactor.core.publisher.FluxIterable.subscribe(FluxIterable.java:83)
	at reactor.core.publisher.Mono.subscribe(Mono.java:4576)
	at reactor.core.publisher.FluxConcatMapNoPrefetch$FluxConcatMapNoPrefetchSubscriber.onNext(FluxConcatMapNoPrefetch.java:207)
	at reactor.core.publisher.FluxIterable$IterableSubscription.slowPath(FluxIterable.java:335)
	at reactor.core.publisher.FluxIterable$IterableSubscription.request(FluxIterable.java:294)
	at reactor.core.publisher.FluxConcatMapNoPrefetch$FluxConcatMapNoPrefetchSubscriber.innerComplete(FluxConcatMapNoPrefetch.java:275)
	at reactor.core.publisher.FluxConcatMap$ConcatMapInner.onComplete(FluxConcatMap.java:889)
	at reactor.core.publisher.MonoFlatMap$FlatMapMain.onComplete(MonoFlatMap.java:189)
	at reactor.core.publisher.FluxMap$MapSubscriber.onComplete(FluxMap.java:144)
	at reactor.core.publisher.FluxFilter$FilterSubscriber.onComplete(FluxFilter.java:166)
	at reactor.core.publisher.FluxPeekFuseable$PeekConditionalSubscriber.onComplete(FluxPeekFuseable.java:940)
	at reactor.core.publisher.FluxSwitchIfEmpty$SwitchIfEmptySubscriber.onComplete(FluxSwitchIfEmpty.java:85)
	at reactor.core.publisher.Operators$ScalarSubscription.request(Operators.java:2573)
	at reactor.core.publisher.Operators$MultiSubscriptionSubscriber.set(Operators.java:2367)
	at reactor.core.publisher.Operators$MultiSubscriptionSubscriber.onSubscribe(Operators.java:2241)
	at reactor.core.publisher.MonoJust.subscribe(MonoJust.java:55)
	at reactor.core.publisher.Mono.subscribe(Mono.java:4576)
	at reactor.core.publisher.FluxSwitchIfEmpty$SwitchIfEmptySubscriber.onComplete(FluxSwitchIfEmpty.java:82)
	at reactor.core.publisher.MonoNext$NextSubscriber.onComplete(MonoNext.java:102)
	at reactor.core.publisher.FluxFilter$FilterSubscriber.onComplete(FluxFilter.java:166)
	at reactor.core.publisher.FluxFlatMap$FlatMapMain.checkTerminated(FluxFlatMap.java:850)
	at reactor.core.publisher.FluxFlatMap$FlatMapMain.drainLoop(FluxFlatMap.java:612)
	at reactor.core.publisher.FluxFlatMap$FlatMapMain.drain(FluxFlatMap.java:592)
	at reactor.core.publisher.FluxFlatMap$FlatMapMain.request(FluxFlatMap.java:349)
	at reactor.core.publisher.FluxFilter$FilterSubscriber.request(FluxFilter.java:186)
	at reactor.core.publisher.MonoNext$NextSubscriber.request(MonoNext.java:108)
	at reactor.core.publisher.Operators$MultiSubscriptionSubscriber.request(Operators.java:2331)
	at reactor.core.publisher.FluxPeekFuseable$PeekConditionalSubscriber.request(FluxPeekFuseable.java:783)
	at reactor.core.publisher.FluxFilter$FilterSubscriber.request(FluxFilter.java:186)
	at reactor.core.publisher.FluxMap$MapSubscriber.request(FluxMap.java:164)
	at reactor.core.publisher.MonoFlatMap$FlatMapMain.request(MonoFlatMap.java:194)
	at reactor.core.publisher.Operators$MultiSubscriptionSubscriber.request(Operators.java:2331)
	at reactor.core.publisher.FluxConcatMapNoPrefetch$FluxConcatMapNoPrefetchSubscriber.request(FluxConcatMapNoPrefetch.java:339)
	at reactor.core.publisher.MonoNext$NextSubscriber.request(MonoNext.java:108)
	at reactor.core.publisher.FluxDefaultIfEmpty$DefaultIfEmptySubscriber.request(FluxDefaultIfEmpty.java:98)
	at reactor.core.publisher.MonoPeekTerminal$MonoTerminalPeekSubscriber.request(MonoPeekTerminal.java:139)
	at reactor.core.publisher.FluxPeekFuseable$PeekFuseableConditionalSubscriber.request(FluxPeekFuseable.java:437)
	at reactor.core.publisher.MonoPeekTerminal$MonoTerminalPeekSubscriber.request(MonoPeekTerminal.java:139)
	at reactor.core.publisher.FluxFilter$FilterSubscriber.request(FluxFilter.java:186)
	at reactor.core.publisher.Operators$MultiSubscriptionSubscriber.set(Operators.java:2367)
	at reactor.core.publisher.Operators$MultiSubscriptionSubscriber.onSubscribe(Operators.java:2241)
	at reactor.core.publisher.FluxFilter$FilterSubscriber.onSubscribe(FluxFilter.java:85)
	at reactor.core.publisher.MonoPeekTerminal$MonoTerminalPeekSubscriber.onSubscribe(MonoPeekTerminal.java:152)
	at reactor.core.publisher.FluxPeekFuseable$PeekFuseableConditionalSubscriber.onSubscribe(FluxPeekFuseable.java:471)
	at reactor.core.publisher.MonoPeekTerminal$MonoTerminalPeekSubscriber.onSubscribe(MonoPeekTerminal.java:152)
	at reactor.core.publisher.Operators$BaseFluxToMonoOperator.onSubscribe(Operators.java:2051)
	at reactor.core.publisher.MonoNext$NextSubscriber.onSubscribe(MonoNext.java:70)
	at reactor.core.publisher.FluxConcatMapNoPrefetch$FluxConcatMapNoPrefetchSubscriber.onSubscribe(FluxConcatMapNoPrefetch.java:164)
	at reactor.core.publisher.FluxIterable.subscribe(FluxIterable.java:201)
	at reactor.core.publisher.FluxIterable.subscribe(FluxIterable.java:83)
	at reactor.core.publisher.InternalMonoOperator.subscribe(InternalMonoOperator.java:76)
	at reactor.core.publisher.MonoDeferContextual.subscribe(MonoDeferContextual.java:55)
	at reactor.core.publisher.InternalMonoOperator.subscribe(InternalMonoOperator.java:76)
	at reactor.core.publisher.MonoDefer.subscribe(MonoDefer.java:53)
	at reactor.core.publisher.InternalMonoOperator.subscribe(InternalMonoOperator.java:76)
	at reactor.core.publisher.MonoDefer.subscribe(MonoDefer.java:53)
	at reactor.core.publisher.Mono.subscribe(Mono.java:4576)
	at reactor.core.publisher.MonoIgnoreThen$ThenIgnoreMain.subscribeNext(MonoIgnoreThen.java:265)
	at reactor.core.publisher.MonoIgnoreThen.subscribe(MonoIgnoreThen.java:51)
	at reactor.core.publisher.Mono.subscribe(Mono.java:4576)
	at reactor.core.publisher.FluxSwitchIfEmpty$SwitchIfEmptySubscriber.onComplete(FluxSwitchIfEmpty.java:82)
	at reactor.core.publisher.FluxFilter$FilterSubscriber.onComplete(FluxFilter.java:166)
	at reactor.core.publisher.FluxPeekFuseable$PeekConditionalSubscriber.onComplete(FluxPeekFuseable.java:940)
	at reactor.core.publisher.FluxSwitchIfEmpty$SwitchIfEmptySubscriber.onComplete(FluxSwitchIfEmpty.java:85)
	at reactor.core.publisher.Operators$ScalarSubscription.request(Operators.java:2573)
	at reactor.core.publisher.Operators$MultiSubscriptionSubscriber.set(Operators.java:2367)
	at reactor.core.publisher.Operators$MultiSubscriptionSubscriber.onSubscribe(Operators.java:2241)
	at reactor.core.publisher.MonoJust.subscribe(MonoJust.java:55)
	at reactor.core.publisher.Mono.subscribe(Mono.java:4576)
	at reactor.core.publisher.FluxSwitchIfEmpty$SwitchIfEmptySubscriber.onComplete(FluxSwitchIfEmpty.java:82)
	at reactor.core.publisher.MonoNext$NextSubscriber.onComplete(MonoNext.java:102)
	at reactor.core.publisher.FluxFilter$FilterSubscriber.onComplete(FluxFilter.java:166)
	at reactor.core.publisher.FluxFlatMap$FlatMapMain.checkTerminated(FluxFlatMap.java:850)
	at reactor.core.publisher.FluxFlatMap$FlatMapMain.drainLoop(FluxFlatMap.java:612)
	at reactor.core.publisher.FluxFlatMap$FlatMapMain.drain(FluxFlatMap.java:592)
	at reactor.core.publisher.FluxFlatMap$FlatMapMain.onComplete(FluxFlatMap.java:469)
	at reactor.core.publisher.FluxPeekFuseable$PeekFuseableSubscriber.onComplete(FluxPeekFuseable.java:277)
	at reactor.core.publisher.FluxIterable$IterableSubscription.slowPath(FluxIterable.java:357)
	at reactor.core.publisher.FluxIterable$IterableSubscription.request(FluxIterable.java:294)
	at reactor.core.publisher.FluxPeekFuseable$PeekFuseableSubscriber.request(FluxPeekFuseable.java:144)
	at reactor.core.publisher.FluxFlatMap$FlatMapMain.onSubscribe(FluxFlatMap.java:373)
	at reactor.core.publisher.FluxPeekFuseable$PeekFuseableSubscriber.onSubscribe(FluxPeekFuseable.java:178)
	at reactor.core.publisher.FluxIterable.subscribe(FluxIterable.java:201)
	at reactor.core.publisher.FluxIterable.subscribe(FluxIterable.java:83)
	at reactor.core.publisher.InternalMonoOperator.subscribe(InternalMonoOperator.java:76)
	at reactor.core.publisher.MonoDefer.subscribe(MonoDefer.java:53)
	at reactor.core.publisher.MonoFlatMap$FlatMapMain.onNext(MonoFlatMap.java:165)
	at reactor.core.publisher.Operators$BaseFluxToMonoOperator.completePossiblyEmpty(Operators.java:2097)
	at reactor.core.publisher.FluxDefaultIfEmpty$DefaultIfEmptySubscriber.onComplete(FluxDefaultIfEmpty.java:134)
	at reactor.core.publisher.FluxMap$MapSubscriber.onComplete(FluxMap.java:144)
	at reactor.core.publisher.FluxMap$MapSubscriber.onComplete(FluxMap.java:144)
	at reactor.core.publisher.FluxFilter$FilterSubscriber.onComplete(FluxFilter.java:166)
	at reactor.core.publisher.FluxMap$MapConditionalSubscriber.onComplete(FluxMap.java:275)
	at reactor.core.publisher.Operators$MonoSubscriber.complete(Operators.java:1866)
	at reactor.core.publisher.MonoCacheTime$CoordinatorSubscriber.signalCached(MonoCacheTime.java:337)
	at reactor.core.publisher.MonoCacheTime$CoordinatorSubscriber.onNext(MonoCacheTime.java:354)
	at reactor.core.publisher.FluxPeek$PeekSubscriber.onNext(FluxPeek.java:200)
	at reactor.core.publisher.FluxSwitchIfEmpty$SwitchIfEmptySubscriber.onNext(FluxSwitchIfEmpty.java:74)
	at reactor.core.publisher.MonoPeekTerminal$MonoTerminalPeekSubscriber.onNext(MonoPeekTerminal.java:180)
	at reactor.core.publisher.MonoPublishOn$PublishOnSubscriber.run(MonoPublishOn.java:181)
	at reactor.core.scheduler.SchedulerTask.call(SchedulerTask.java:68)
	at reactor.core.scheduler.SchedulerTask.call(SchedulerTask.java:28)
	at java.base/java.util.concurrent.FutureTask.run(FutureTask.java:317)
	at java.base/java.util.concurrent.ScheduledThreadPoolExecutor$ScheduledFutureTask.run(ScheduledThreadPoolExecutor.java:304)
	at java.base/java.util.concurrent.ThreadPoolExecutor.runWorker(ThreadPoolExecutor.java:1144)
	at java.base/java.util.concurrent.ThreadPoolExecutor$Worker.run(ThreadPoolExecutor.java:642)
	at java.base/java.lang.Thread.run(Thread.java:1583)
Caused by: java.lang.ClassNotFoundException: com.fasterxml.jackson.databind.util.TokenBuffer$Parser
	at java.base/java.net.URLClassLoader.findClass(URLClassLoader.java:445)
	at java.base/java.lang.ClassLoader.loadClass(ClassLoader.java:593)
	at org.springframework.boot.loader.net.protocol.jar.JarUrlClassLoader.loadClass(JarUrlClassLoader.java:107)
	at org.springframework.boot.loader.launch.LaunchedClassLoader.loadClass(LaunchedClassLoader.java:91)
	at java.base/java.lang.ClassLoader.loadClass(ClassLoader.java:526)
	... 221 common frames omitted

2026-03-20 21:44:28.661  WARN 1297738 [parallel-1] [] reactor.core.Exceptions                  : throwIfFatal detected a jvm fatal exception, which is thrown and logged below:

java.lang.NoClassDefFoundError: com/fasterxml/jackson/databind/util/TokenBuffer$Parser
	at com.fasterxml.jackson.databind.DeserializationContext.bufferForInputBuffering(DeserializationContext.java:562)
	at com.fasterxml.jackson.databind.jsontype.impl.AsPropertyTypeDeserializer.deserializeTypedFromObject(AsPropertyTypeDeserializer.java:140)
	at com.fasterxml.jackson.databind.deser.AbstractDeserializer.deserializeWithType(AbstractDeserializer.java:263)
	at com.fasterxml.jackson.databind.deser.impl.TypeWrappedDeserializer.deserialize(TypeWrappedDeserializer.java:74)
	at com.fasterxml.jackson.databind.deser.DefaultDeserializationContext.readRootValue(DefaultDeserializationContext.java:342)
	at com.fasterxml.jackson.databind.ObjectReader._bindAndClose(ObjectReader.java:2125)
	at com.fasterxml.jackson.databind.ObjectReader.readValue(ObjectReader.java:1501)
	at org.springframework.http.codec.json.AbstractJackson2Decoder.decode(AbstractJackson2Decoder.java:213)
	at org.springframework.http.codec.json.AbstractJackson2Decoder.lambda$decodeToMono$2(AbstractJackson2Decoder.java:198)
	at reactor.core.publisher.MonoFlatMap$FlatMapMain.onNext(MonoFlatMap.java:132)
	at reactor.core.publisher.FluxContextWrite$ContextWriteSubscriber.onNext(FluxContextWrite.java:107)
	at reactor.core.publisher.FluxMapFuseable$MapFuseableConditionalSubscriber.onNext(FluxMapFuseable.java:299)
	at reactor.core.publisher.FluxFilterFuseable$FilterFuseableConditionalSubscriber.onNext(FluxFilterFuseable.java:337)
	at reactor.core.publisher.Operators$BaseFluxToMonoOperator.completePossiblyEmpty(Operators.java:2097)
	at reactor.core.publisher.MonoCollect$CollectSubscriber.onComplete(MonoCollect.java:145)
	at org.springframework.http.server.reactive.AbstractListenerReadPublisher$State.onAllDataRead(AbstractListenerReadPublisher.java:501)
	at org.springframework.http.server.reactive.AbstractListenerReadPublisher.handlePendingCompletionOrError(AbstractListenerReadPublisher.java:249)
	at org.springframework.http.server.reactive.AbstractListenerReadPublisher$State$4.onDataAvailable(AbstractListenerReadPublisher.java:404)
	at org.springframework.http.server.reactive.AbstractListenerReadPublisher.onDataAvailable(AbstractListenerReadPublisher.java:125)
	at org.springframework.http.server.reactive.ServletServerHttpRequest$RequestBodyPublisher.checkOnDataAvailable(ServletServerHttpRequest.java:343)
	at org.springframework.http.server.reactive.AbstractListenerReadPublisher.changeToDemandState(AbstractListenerReadPublisher.java:239)
	at org.springframework.http.server.reactive.AbstractListenerReadPublisher$State$2.request(AbstractListenerReadPublisher.java:354)
	at org.springframework.http.server.reactive.AbstractListenerReadPublisher$ReadSubscription.request(AbstractListenerReadPublisher.java:280)
	at reactor.core.publisher.Operators$BaseFluxToMonoOperator.request(Operators.java:2067)
	at reactor.core.publisher.FluxFilterFuseable$FilterFuseableConditionalSubscriber.request(FluxFilterFuseable.java:411)
	at reactor.core.publisher.FluxMapFuseable$MapFuseableConditionalSubscriber.request(FluxMapFuseable.java:360)
	at reactor.core.publisher.FluxContextWrite$ContextWriteSubscriber.request(FluxContextWrite.java:136)
	at reactor.core.publisher.MonoFlatMap$FlatMapMain.request(MonoFlatMap.java:194)
	at reactor.core.publisher.Operators$MultiSubscriptionSubscriber.set(Operators.java:2367)
	at reactor.core.publisher.FluxOnErrorResume$ResumeSubscriber.onSubscribe(FluxOnErrorResume.java:74)
	at reactor.core.publisher.MonoFlatMap$FlatMapMain.onSubscribe(MonoFlatMap.java:117)
	at reactor.core.publisher.FluxContextWrite$ContextWriteSubscriber.onSubscribe(FluxContextWrite.java:101)
	at reactor.core.publisher.FluxMapFuseable$MapFuseableConditionalSubscriber.onSubscribe(FluxMapFuseable.java:265)
	at reactor.core.publisher.FluxFilterFuseable$FilterFuseableConditionalSubscriber.onSubscribe(FluxFilterFuseable.java:305)
	at reactor.core.publisher.Operators$BaseFluxToMonoOperator.onSubscribe(Operators.java:2051)
	at org.springframework.http.server.reactive.AbstractListenerReadPublisher$State$1.subscribe(AbstractListenerReadPublisher.java:322)
	at org.springframework.http.server.reactive.AbstractListenerReadPublisher.subscribe(AbstractListenerReadPublisher.java:112)
	at reactor.core.publisher.FluxSource.subscribe(FluxSource.java:71)
	at reactor.core.publisher.InternalMonoOperator.subscribe(InternalMonoOperator.java:76)
	at reactor.core.publisher.MonoDeferContextual.subscribe(MonoDeferContextual.java:55)
	at reactor.core.publisher.InternalMonoOperator.subscribe(InternalMonoOperator.java:76)
	at reactor.core.publisher.MonoZip$ZipCoordinator.request(MonoZip.java:220)
	at reactor.core.publisher.MonoFlatMap$FlatMapMain.request(MonoFlatMap.java:194)
	at reactor.core.publisher.MonoIgnoreThen$ThenIgnoreMain.onSubscribe(MonoIgnoreThen.java:135)
	at reactor.core.publisher.MonoFlatMap$FlatMapMain.onSubscribe(MonoFlatMap.java:117)
	at reactor.core.publisher.MonoZip.subscribe(MonoZip.java:129)
	at reactor.core.publisher.InternalMonoOperator.subscribe(InternalMonoOperator.java:76)
	at reactor.core.publisher.MonoDefer.subscribe(MonoDefer.java:53)
	at reactor.core.publisher.MonoIgnoreThen$ThenIgnoreMain.subscribeNext(MonoIgnoreThen.java:241)
	at reactor.core.publisher.MonoIgnoreThen$ThenIgnoreMain.onComplete(MonoIgnoreThen.java:204)
	at reactor.core.publisher.MonoFlatMap$FlatMapMain.onComplete(MonoFlatMap.java:189)
	at reactor.core.publisher.Operators.complete(Operators.java:137)
	at reactor.core.publisher.MonoZip.subscribe(MonoZip.java:121)
	at reactor.core.publisher.Mono.subscribe(Mono.java:4576)
	at reactor.core.publisher.MonoIgnoreThen$ThenIgnoreMain.subscribeNext(MonoIgnoreThen.java:265)
	at reactor.core.publisher.MonoIgnoreThen.subscribe(MonoIgnoreThen.java:51)
	at reactor.core.publisher.InternalMonoOperator.subscribe(InternalMonoOperator.java:76)
	at reactor.core.publisher.MonoFlatMap$FlatMapMain.onNext(MonoFlatMap.java:165)
	at reactor.core.publisher.FluxOnErrorResume$ResumeSubscriber.onNext(FluxOnErrorResume.java:79)
	at reactor.core.publisher.FluxSwitchIfEmpty$SwitchIfEmptySubscriber.onNext(FluxSwitchIfEmpty.java:74)
	at reactor.core.publisher.MonoNext$NextSubscriber.onNext(MonoNext.java:82)
	at reactor.core.publisher.FluxConcatMapNoPrefetch$FluxConcatMapNoPrefetchSubscriber.innerNext(FluxConcatMapNoPrefetch.java:259)
	at reactor.core.publisher.FluxConcatMap$ConcatMapInner.onNext(FluxConcatMap.java:865)
	at reactor.core.publisher.FluxMapFuseable$MapFuseableSubscriber.onNext(FluxMapFuseable.java:129)
	at reactor.core.publisher.MonoPeekTerminal$MonoTerminalPeekSubscriber.onNext(MonoPeekTerminal.java:180)
	at reactor.core.publisher.Operators$ScalarSubscription.request(Operators.java:2571)
	at reactor.core.publisher.MonoPeekTerminal$MonoTerminalPeekSubscriber.request(MonoPeekTerminal.java:139)
	at reactor.core.publisher.FluxMapFuseable$MapFuseableSubscriber.request(FluxMapFuseable.java:171)
	at reactor.core.publisher.Operators$MultiSubscriptionSubscriber.request(Operators.java:2331)
	at reactor.core.publisher.FluxConcatMapNoPrefetch$FluxConcatMapNoPrefetchSubscriber.request(FluxConcatMapNoPrefetch.java:339)
	at reactor.core.publisher.MonoNext$NextSubscriber.request(MonoNext.java:108)
	at reactor.core.publisher.Operators$MultiSubscriptionSubscriber.set(Operators.java:2367)
	at reactor.core.publisher.Operators$MultiSubscriptionSubscriber.onSubscribe(Operators.java:2241)
	at reactor.core.publisher.MonoNext$NextSubscriber.onSubscribe(MonoNext.java:70)
	at reactor.core.publisher.FluxConcatMapNoPrefetch$FluxConcatMapNoPrefetchSubscriber.onSubscribe(FluxConcatMapNoPrefetch.java:164)
	at reactor.core.publisher.FluxIterable.subscribe(FluxIterable.java:201)
	at reactor.core.publisher.FluxIterable.subscribe(FluxIterable.java:83)
	at reactor.core.publisher.InternalMonoOperator.subscribe(InternalMonoOperator.java:76)
	at reactor.core.publisher.MonoDefer.subscribe(MonoDefer.java:53)
	at reactor.core.publisher.InternalMonoOperator.subscribe(InternalMonoOperator.java:76)
	at reactor.core.publisher.MonoDefer.subscribe(MonoDefer.java:53)
	at reactor.core.publisher.InternalMonoOperator.subscribe(InternalMonoOperator.java:76)
	at reactor.core.publisher.MonoDeferContextual.subscribe(MonoDeferContextual.java:55)
	at reactor.core.publisher.MonoDefer.subscribe(MonoDefer.java:53)
	at reactor.core.publisher.Mono.subscribe(Mono.java:4576)
	at reactor.core.publisher.FluxSwitchIfEmpty$SwitchIfEmptySubscriber.onComplete(FluxSwitchIfEmpty.java:82)
	at reactor.core.publisher.MonoPeekTerminal$MonoTerminalPeekSubscriber.onComplete(MonoPeekTerminal.java:299)
	at reactor.core.publisher.MonoPeekTerminal$MonoTerminalPeekSubscriber.onComplete(MonoPeekTerminal.java:299)
	at reactor.core.publisher.MonoFlatMap$FlatMapMain.onNext(MonoFlatMap.java:155)
	at reactor.core.publisher.FluxSwitchIfEmpty$SwitchIfEmptySubscriber.onNext(FluxSwitchIfEmpty.java:74)
	at reactor.core.publisher.FluxFilter$FilterSubscriber.onNext(FluxFilter.java:113)
	at reactor.core.publisher.MonoPeekTerminal$MonoTerminalPeekSubscriber.onNext(MonoPeekTerminal.java:180)
	at reactor.core.publisher.FluxPeekFuseable$PeekFuseableConditionalSubscriber.onNext(FluxPeekFuseable.java:503)
	at reactor.core.publisher.MonoPeekTerminal$MonoTerminalPeekSubscriber.onNext(MonoPeekTerminal.java:180)
	at reactor.core.publisher.FluxDefaultIfEmpty$DefaultIfEmptySubscriber.onNext(FluxDefaultIfEmpty.java:122)
	at reactor.core.publisher.MonoNext$NextSubscriber.onNext(MonoNext.java:82)
	at reactor.core.publisher.FluxConcatMapNoPrefetch$FluxConcatMapNoPrefetchSubscriber.innerNext(FluxConcatMapNoPrefetch.java:259)
	at reactor.core.publisher.FluxConcatMap$ConcatMapInner.onNext(FluxConcatMap.java:865)
	at reactor.core.publisher.MonoFlatMap$FlatMapMain.onNext(MonoFlatMap.java:158)
	at reactor.core.publisher.FluxMap$MapSubscriber.onNext(FluxMap.java:122)
	at reactor.core.publisher.FluxFilter$FilterSubscriber.onNext(FluxFilter.java:113)
	at reactor.core.publisher.FluxPeekFuseable$PeekConditionalSubscriber.onNext(FluxPeekFuseable.java:854)
	at reactor.core.publisher.FluxSwitchIfEmpty$SwitchIfEmptySubscriber.onNext(FluxSwitchIfEmpty.java:74)
	at reactor.core.publisher.MonoNext$NextSubscriber.onNext(MonoNext.java:82)
	at reactor.core.publisher.FluxFilter$FilterSubscriber.onNext(FluxFilter.java:113)
	at reactor.core.publisher.FluxFlatMap$FlatMapMain.tryEmitScalar(FluxFlatMap.java:492)
	at reactor.core.publisher.FluxFlatMap$FlatMapMain.onNext(FluxFlatMap.java:424)
	at reactor.core.publisher.FluxPeekFuseable$PeekFuseableSubscriber.onNext(FluxPeekFuseable.java:210)
	at reactor.core.publisher.FluxIterable$IterableSubscription.slowPath(FluxIterable.java:335)
	at reactor.core.publisher.FluxIterable$IterableSubscription.request(FluxIterable.java:294)
	at reactor.core.publisher.FluxPeekFuseable$PeekFuseableSubscriber.request(FluxPeekFuseable.java:144)
	at reactor.core.publisher.FluxFlatMap$FlatMapMain.onSubscribe(FluxFlatMap.java:373)
	at reactor.core.publisher.FluxPeekFuseable$PeekFuseableSubscriber.onSubscribe(FluxPeekFuseable.java:178)
	at reactor.core.publisher.FluxIterable.subscribe(FluxIterable.java:201)
	at reactor.core.publisher.FluxIterable.subscribe(FluxIterable.java:83)
	at reactor.core.publisher.Mono.subscribe(Mono.java:4576)
	at reactor.core.publisher.FluxConcatMapNoPrefetch$FluxConcatMapNoPrefetchSubscriber.onNext(FluxConcatMapNoPrefetch.java:207)
	at reactor.core.publisher.FluxIterable$IterableSubscription.slowPath(FluxIterable.java:335)
	at reactor.core.publisher.FluxIterable$IterableSubscription.request(FluxIterable.java:294)
	at reactor.core.publisher.FluxConcatMapNoPrefetch$FluxConcatMapNoPrefetchSubscriber.innerComplete(FluxConcatMapNoPrefetch.java:275)
	at reactor.core.publisher.FluxConcatMap$ConcatMapInner.onComplete(FluxConcatMap.java:889)
	at reactor.core.publisher.MonoFlatMap$FlatMapMain.onComplete(MonoFlatMap.java:189)
	at reactor.core.publisher.FluxMap$MapSubscriber.onComplete(FluxMap.java:144)
	at reactor.core.publisher.FluxFilter$FilterSubscriber.onComplete(FluxFilter.java:166)
	at reactor.core.publisher.FluxPeekFuseable$PeekConditionalSubscriber.onComplete(FluxPeekFuseable.java:940)
	at reactor.core.publisher.FluxSwitchIfEmpty$SwitchIfEmptySubscriber.onComplete(FluxSwitchIfEmpty.java:85)
	at reactor.core.publisher.Operators$ScalarSubscription.request(Operators.java:2573)
	at reactor.core.publisher.Operators$MultiSubscriptionSubscriber.set(Operators.java:2367)
	at reactor.core.publisher.Operators$MultiSubscriptionSubscriber.onSubscribe(Operators.java:2241)
	at reactor.core.publisher.MonoJust.subscribe(MonoJust.java:55)
	at reactor.core.publisher.Mono.subscribe(Mono.java:4576)
	at reactor.core.publisher.FluxSwitchIfEmpty$SwitchIfEmptySubscriber.onComplete(FluxSwitchIfEmpty.java:82)
	at reactor.core.publisher.MonoNext$NextSubscriber.onComplete(MonoNext.java:102)
	at reactor.core.publisher.FluxFilter$FilterSubscriber.onComplete(FluxFilter.java:166)
	at reactor.core.publisher.FluxFlatMap$FlatMapMain.checkTerminated(FluxFlatMap.java:850)
	at reactor.core.publisher.FluxFlatMap$FlatMapMain.drainLoop(FluxFlatMap.java:612)
	at reactor.core.publisher.FluxFlatMap$FlatMapMain.drain(FluxFlatMap.java:592)
	at reactor.core.publisher.FluxFlatMap$FlatMapMain.request(FluxFlatMap.java:349)
	at reactor.core.publisher.FluxFilter$FilterSubscriber.request(FluxFilter.java:186)
	at reactor.core.publisher.MonoNext$NextSubscriber.request(MonoNext.java:108)
	at reactor.core.publisher.Operators$MultiSubscriptionSubscriber.request(Operators.java:2331)
	at reactor.core.publisher.FluxPeekFuseable$PeekConditionalSubscriber.request(FluxPeekFuseable.java:783)
	at reactor.core.publisher.FluxFilter$FilterSubscriber.request(FluxFilter.java:186)
	at reactor.core.publisher.FluxMap$MapSubscriber.request(FluxMap.java:164)
	at reactor.core.publisher.MonoFlatMap$FlatMapMain.request(MonoFlatMap.java:194)
	at reactor.core.publisher.Operators$MultiSubscriptionSubscriber.request(Operators.java:2331)
	at reactor.core.publisher.FluxConcatMapNoPrefetch$FluxConcatMapNoPrefetchSubscriber.request(FluxConcatMapNoPrefetch.java:339)
	at reactor.core.publisher.MonoNext$NextSubscriber.request(MonoNext.java:108)
	at reactor.core.publisher.FluxDefaultIfEmpty$DefaultIfEmptySubscriber.request(FluxDefaultIfEmpty.java:98)
	at reactor.core.publisher.MonoPeekTerminal$MonoTerminalPeekSubscriber.request(MonoPeekTerminal.java:139)
	at reactor.core.publisher.FluxPeekFuseable$PeekFuseableConditionalSubscriber.request(FluxPeekFuseable.java:437)
	at reactor.core.publisher.MonoPeekTerminal$MonoTerminalPeekSubscriber.request(MonoPeekTerminal.java:139)
	at reactor.core.publisher.FluxFilter$FilterSubscriber.request(FluxFilter.java:186)
	at reactor.core.publisher.Operators$MultiSubscriptionSubscriber.set(Operators.java:2367)
	at reactor.core.publisher.Operators$MultiSubscriptionSubscriber.onSubscribe(Operators.java:2241)
	at reactor.core.publisher.FluxFilter$FilterSubscriber.onSubscribe(FluxFilter.java:85)
	at reactor.core.publisher.MonoPeekTerminal$MonoTerminalPeekSubscriber.onSubscribe(MonoPeekTerminal.java:152)
	at reactor.core.publisher.FluxPeekFuseable$PeekFuseableConditionalSubscriber.onSubscribe(FluxPeekFuseable.java:471)
	at reactor.core.publisher.MonoPeekTerminal$MonoTerminalPeekSubscriber.onSubscribe(MonoPeekTerminal.java:152)
	at reactor.core.publisher.Operators$BaseFluxToMonoOperator.onSubscribe(Operators.java:2051)
	at reactor.core.publisher.MonoNext$NextSubscriber.onSubscribe(MonoNext.java:70)
	at reactor.core.publisher.FluxConcatMapNoPrefetch$FluxConcatMapNoPrefetchSubscriber.onSubscribe(FluxConcatMapNoPrefetch.java:164)
	at reactor.core.publisher.FluxIterable.subscribe(FluxIterable.java:201)
	at reactor.core.publisher.FluxIterable.subscribe(FluxIterable.java:83)
	at reactor.core.publisher.InternalMonoOperator.subscribe(InternalMonoOperator.java:76)
	at reactor.core.publisher.MonoDeferContextual.subscribe(MonoDeferContextual.java:55)
	at reactor.core.publisher.InternalMonoOperator.subscribe(InternalMonoOperator.java:76)
	at reactor.core.publisher.MonoDefer.subscribe(MonoDefer.java:53)
	at reactor.core.publisher.InternalMonoOperator.subscribe(InternalMonoOperator.java:76)
	at reactor.core.publisher.MonoDefer.subscribe(MonoDefer.java:53)
	at reactor.core.publisher.Mono.subscribe(Mono.java:4576)
	at reactor.core.publisher.MonoIgnoreThen$ThenIgnoreMain.subscribeNext(MonoIgnoreThen.java:265)
	at reactor.core.publisher.MonoIgnoreThen.subscribe(MonoIgnoreThen.java:51)
	at reactor.core.publisher.Mono.subscribe(Mono.java:4576)
	at reactor.core.publisher.FluxSwitchIfEmpty$SwitchIfEmptySubscriber.onComplete(FluxSwitchIfEmpty.java:82)
	at reactor.core.publisher.FluxFilter$FilterSubscriber.onComplete(FluxFilter.java:166)
	at reactor.core.publisher.FluxPeekFuseable$PeekConditionalSubscriber.onComplete(FluxPeekFuseable.java:940)
	at reactor.core.publisher.FluxSwitchIfEmpty$SwitchIfEmptySubscriber.onComplete(FluxSwitchIfEmpty.java:85)
	at reactor.core.publisher.Operators$ScalarSubscription.request(Operators.java:2573)
	at reactor.core.publisher.Operators$MultiSubscriptionSubscriber.set(Operators.java:2367)
	at reactor.core.publisher.Operators$MultiSubscriptionSubscriber.onSubscribe(Operators.java:2241)
	at reactor.core.publisher.MonoJust.subscribe(MonoJust.java:55)
	at reactor.core.publisher.Mono.subscribe(Mono.java:4576)
	at reactor.core.publisher.FluxSwitchIfEmpty$SwitchIfEmptySubscriber.onComplete(FluxSwitchIfEmpty.java:82)
	at reactor.core.publisher.MonoNext$NextSubscriber.onComplete(MonoNext.java:102)
	at reactor.core.publisher.FluxFilter$FilterSubscriber.onComplete(FluxFilter.java:166)
	at reactor.core.publisher.FluxFlatMap$FlatMapMain.checkTerminated(FluxFlatMap.java:850)
	at reactor.core.publisher.FluxFlatMap$FlatMapMain.drainLoop(FluxFlatMap.java:612)
	at reactor.core.publisher.FluxFlatMap$FlatMapMain.drain(FluxFlatMap.java:592)
	at reactor.core.publisher.FluxFlatMap$FlatMapMain.onComplete(FluxFlatMap.java:469)
	at reactor.core.publisher.FluxPeekFuseable$PeekFuseableSubscriber.onComplete(FluxPeekFuseable.java:277)
	at reactor.core.publisher.FluxIterable$IterableSubscription.slowPath(FluxIterable.java:357)
	at reactor.core.publisher.FluxIterable$IterableSubscription.request(FluxIterable.java:294)
	at reactor.core.publisher.FluxPeekFuseable$PeekFuseableSubscriber.request(FluxPeekFuseable.java:144)
	at reactor.core.publisher.FluxFlatMap$FlatMapMain.onSubscribe(FluxFlatMap.java:373)
	at reactor.core.publisher.FluxPeekFuseable$PeekFuseableSubscriber.onSubscribe(FluxPeekFuseable.java:178)
	at reactor.core.publisher.FluxIterable.subscribe(FluxIterable.java:201)
	at reactor.core.publisher.FluxIterable.subscribe(FluxIterable.java:83)
	at reactor.core.publisher.InternalMonoOperator.subscribe(InternalMonoOperator.java:76)
	at reactor.core.publisher.MonoDefer.subscribe(MonoDefer.java:53)
	at reactor.core.publisher.MonoFlatMap$FlatMapMain.onNext(MonoFlatMap.java:165)
	at reactor.core.publisher.Operators$BaseFluxToMonoOperator.completePossiblyEmpty(Operators.java:2097)
	at reactor.core.publisher.FluxDefaultIfEmpty$DefaultIfEmptySubscriber.onComplete(FluxDefaultIfEmpty.java:134)
	at reactor.core.publisher.FluxMap$MapSubscriber.onComplete(FluxMap.java:144)
	at reactor.core.publisher.FluxMap$MapSubscriber.onComplete(FluxMap.java:144)
	at reactor.core.publisher.FluxFilter$FilterSubscriber.onComplete(FluxFilter.java:166)
	at reactor.core.publisher.FluxMap$MapConditionalSubscriber.onComplete(FluxMap.java:275)
	at reactor.core.publisher.Operators$MonoSubscriber.complete(Operators.java:1866)
	at reactor.core.publisher.MonoCacheTime$CoordinatorSubscriber.signalCached(MonoCacheTime.java:337)
	at reactor.core.publisher.MonoCacheTime$CoordinatorSubscriber.onNext(MonoCacheTime.java:354)
	at reactor.core.publisher.FluxPeek$PeekSubscriber.onNext(FluxPeek.java:200)
	at reactor.core.publisher.FluxSwitchIfEmpty$SwitchIfEmptySubscriber.onNext(FluxSwitchIfEmpty.java:74)
	at reactor.core.publisher.MonoPeekTerminal$MonoTerminalPeekSubscriber.onNext(MonoPeekTerminal.java:180)
	at reactor.core.publisher.MonoPublishOn$PublishOnSubscriber.run(MonoPublishOn.java:181)
	at reactor.core.scheduler.SchedulerTask.call(SchedulerTask.java:68)
	at reactor.core.scheduler.SchedulerTask.call(SchedulerTask.java:28)
	at java.base/java.util.concurrent.FutureTask.run(FutureTask.java:317)
	at java.base/java.util.concurrent.ScheduledThreadPoolExecutor$ScheduledFutureTask.run(ScheduledThreadPoolExecutor.java:304)
	at java.base/java.util.concurrent.ThreadPoolExecutor.runWorker(ThreadPoolExecutor.java:1144)
	at java.base/java.util.concurrent.ThreadPoolExecutor$Worker.run(ThreadPoolExecutor.java:642)
	at java.base/java.lang.Thread.run(Thread.java:1583)
Caused by: java.lang.ClassNotFoundException: com.fasterxml.jackson.databind.util.TokenBuffer$Parser
	at java.base/java.net.URLClassLoader.findClass(URLClassLoader.java:445)
	at java.base/java.lang.ClassLoader.loadClass(ClassLoader.java:593)
	at org.springframework.boot.loader.net.protocol.jar.JarUrlClassLoader.loadClass(JarUrlClassLoader.java:107)
	at org.springframework.boot.loader.launch.LaunchedClassLoader.loadClass(LaunchedClassLoader.java:91)
	at java.base/java.lang.ClassLoader.loadClass(ClassLoader.java:526)
	... 221 common frames omitted

2026-03-20 21:44:28.664  WARN 1297738 [parallel-1] [] reactor.core.Exceptions                  : throwIfFatal detected a jvm fatal exception, which is thrown and logged below:

java.lang.NoClassDefFoundError: com/fasterxml/jackson/databind/util/TokenBuffer$Parser
	at com.fasterxml.jackson.databind.DeserializationContext.bufferForInputBuffering(DeserializationContext.java:562)
	at com.fasterxml.jackson.databind.jsontype.impl.AsPropertyTypeDeserializer.deserializeTypedFromObject(AsPropertyTypeDeserializer.java:140)
	at com.fasterxml.jackson.databind.deser.AbstractDeserializer.deserializeWithType(AbstractDeserializer.java:263)
	at com.fasterxml.jackson.databind.deser.impl.TypeWrappedDeserializer.deserialize(TypeWrappedDeserializer.java:74)
	at com.fasterxml.jackson.databind.deser.DefaultDeserializationContext.readRootValue(DefaultDeserializationContext.java:342)
	at com.fasterxml.jackson.databind.ObjectReader._bindAndClose(ObjectReader.java:2125)
	at com.fasterxml.jackson.databind.ObjectReader.readValue(ObjectReader.java:1501)
	at org.springframework.http.codec.json.AbstractJackson2Decoder.decode(AbstractJackson2Decoder.java:213)
	at org.springframework.http.codec.json.AbstractJackson2Decoder.lambda$decodeToMono$2(AbstractJackson2Decoder.java:198)
	at reactor.core.publisher.MonoFlatMap$FlatMapMain.onNext(MonoFlatMap.java:132)
	at reactor.core.publisher.FluxContextWrite$ContextWriteSubscriber.onNext(FluxContextWrite.java:107)
	at reactor.core.publisher.FluxMapFuseable$MapFuseableConditionalSubscriber.onNext(FluxMapFuseable.java:299)
	at reactor.core.publisher.FluxFilterFuseable$FilterFuseableConditionalSubscriber.onNext(FluxFilterFuseable.java:337)
	at reactor.core.publisher.Operators$BaseFluxToMonoOperator.completePossiblyEmpty(Operators.java:2097)
	at reactor.core.publisher.MonoCollect$CollectSubscriber.onComplete(MonoCollect.java:145)
	at org.springframework.http.server.reactive.AbstractListenerReadPublisher$State.onAllDataRead(AbstractListenerReadPublisher.java:501)
	at org.springframework.http.server.reactive.AbstractListenerReadPublisher.handlePendingCompletionOrError(AbstractListenerReadPublisher.java:249)
	at org.springframework.http.server.reactive.AbstractListenerReadPublisher$State$4.onDataAvailable(AbstractListenerReadPublisher.java:404)
	at org.springframework.http.server.reactive.AbstractListenerReadPublisher.onDataAvailable(AbstractListenerReadPublisher.java:125)
	at org.springframework.http.server.reactive.ServletServerHttpRequest$RequestBodyPublisher.checkOnDataAvailable(ServletServerHttpRequest.java:343)
	at org.springframework.http.server.reactive.AbstractListenerReadPublisher.changeToDemandState(AbstractListenerReadPublisher.java:239)
	at org.springframework.http.server.reactive.AbstractListenerReadPublisher$State$2.request(AbstractListenerReadPublisher.java:354)
	at org.springframework.http.server.reactive.AbstractListenerReadPublisher$ReadSubscription.request(AbstractListenerReadPublisher.java:280)
	at reactor.core.publisher.Operators$BaseFluxToMonoOperator.request(Operators.java:2067)
	at reactor.core.publisher.FluxFilterFuseable$FilterFuseableConditionalSubscriber.request(FluxFilterFuseable.java:411)
	at reactor.core.publisher.FluxMapFuseable$MapFuseableConditionalSubscriber.request(FluxMapFuseable.java:360)
	at reactor.core.publisher.FluxContextWrite$ContextWriteSubscriber.request(FluxContextWrite.java:136)
	at reactor.core.publisher.MonoFlatMap$FlatMapMain.request(MonoFlatMap.java:194)
	at reactor.core.publisher.Operators$MultiSubscriptionSubscriber.set(Operators.java:2367)
	at reactor.core.publisher.FluxOnErrorResume$ResumeSubscriber.onSubscribe(FluxOnErrorResume.java:74)
	at reactor.core.publisher.MonoFlatMap$FlatMapMain.onSubscribe(MonoFlatMap.java:117)
	at reactor.core.publisher.FluxContextWrite$ContextWriteSubscriber.onSubscribe(FluxContextWrite.java:101)
	at reactor.core.publisher.FluxMapFuseable$MapFuseableConditionalSubscriber.onSubscribe(FluxMapFuseable.java:265)
	at reactor.core.publisher.FluxFilterFuseable$FilterFuseableConditionalSubscriber.onSubscribe(FluxFilterFuseable.java:305)
	at reactor.core.publisher.Operators$BaseFluxToMonoOperator.onSubscribe(Operators.java:2051)
	at org.springframework.http.server.reactive.AbstractListenerReadPublisher$State$1.subscribe(AbstractListenerReadPublisher.java:322)
	at org.springframework.http.server.reactive.AbstractListenerReadPublisher.subscribe(AbstractListenerReadPublisher.java:112)
	at reactor.core.publisher.FluxSource.subscribe(FluxSource.java:71)
	at reactor.core.publisher.InternalMonoOperator.subscribe(InternalMonoOperator.java:76)
	at reactor.core.publisher.MonoDeferContextual.subscribe(MonoDeferContextual.java:55)
	at reactor.core.publisher.InternalMonoOperator.subscribe(InternalMonoOperator.java:76)
	at reactor.core.publisher.MonoZip$ZipCoordinator.request(MonoZip.java:220)
	at reactor.core.publisher.MonoFlatMap$FlatMapMain.request(MonoFlatMap.java:194)
	at reactor.core.publisher.MonoIgnoreThen$ThenIgnoreMain.onSubscribe(MonoIgnoreThen.java:135)
	at reactor.core.publisher.MonoFlatMap$FlatMapMain.onSubscribe(MonoFlatMap.java:117)
	at reactor.core.publisher.MonoZip.subscribe(MonoZip.java:129)
	at reactor.core.publisher.InternalMonoOperator.subscribe(InternalMonoOperator.java:76)
	at reactor.core.publisher.MonoDefer.subscribe(MonoDefer.java:53)
	at reactor.core.publisher.MonoIgnoreThen$ThenIgnoreMain.subscribeNext(MonoIgnoreThen.java:241)
	at reactor.core.publisher.MonoIgnoreThen$ThenIgnoreMain.onComplete(MonoIgnoreThen.java:204)
	at reactor.core.publisher.MonoFlatMap$FlatMapMain.onComplete(MonoFlatMap.java:189)
	at reactor.core.publisher.Operators.complete(Operators.java:137)
	at reactor.core.publisher.MonoZip.subscribe(MonoZip.java:121)
	at reactor.core.publisher.Mono.subscribe(Mono.java:4576)
	at reactor.core.publisher.MonoIgnoreThen$ThenIgnoreMain.subscribeNext(MonoIgnoreThen.java:265)
	at reactor.core.publisher.MonoIgnoreThen.subscribe(MonoIgnoreThen.java:51)
	at reactor.core.publisher.InternalMonoOperator.subscribe(InternalMonoOperator.java:76)
	at reactor.core.publisher.MonoFlatMap$FlatMapMain.onNext(MonoFlatMap.java:165)
	at reactor.core.publisher.FluxOnErrorResume$ResumeSubscriber.onNext(FluxOnErrorResume.java:79)
	at reactor.core.publisher.FluxSwitchIfEmpty$SwitchIfEmptySubscriber.onNext(FluxSwitchIfEmpty.java:74)
	at reactor.core.publisher.MonoNext$NextSubscriber.onNext(MonoNext.java:82)
	at reactor.core.publisher.FluxConcatMapNoPrefetch$FluxConcatMapNoPrefetchSubscriber.innerNext(FluxConcatMapNoPrefetch.java:259)
	at reactor.core.publisher.FluxConcatMap$ConcatMapInner.onNext(FluxConcatMap.java:865)
	at reactor.core.publisher.FluxMapFuseable$MapFuseableSubscriber.onNext(FluxMapFuseable.java:129)
	at reactor.core.publisher.MonoPeekTerminal$MonoTerminalPeekSubscriber.onNext(MonoPeekTerminal.java:180)
	at reactor.core.publisher.Operators$ScalarSubscription.request(Operators.java:2571)
	at reactor.core.publisher.MonoPeekTerminal$MonoTerminalPeekSubscriber.request(MonoPeekTerminal.java:139)
	at reactor.core.publisher.FluxMapFuseable$MapFuseableSubscriber.request(FluxMapFuseable.java:171)
	at reactor.core.publisher.Operators$MultiSubscriptionSubscriber.request(Operators.java:2331)
	at reactor.core.publisher.FluxConcatMapNoPrefetch$FluxConcatMapNoPrefetchSubscriber.request(FluxConcatMapNoPrefetch.java:339)
	at reactor.core.publisher.MonoNext$NextSubscriber.request(MonoNext.java:108)
	at reactor.core.publisher.Operators$MultiSubscriptionSubscriber.set(Operators.java:2367)
	at reactor.core.publisher.Operators$MultiSubscriptionSubscriber.onSubscribe(Operators.java:2241)
	at reactor.core.publisher.MonoNext$NextSubscriber.onSubscribe(MonoNext.java:70)
	at reactor.core.publisher.FluxConcatMapNoPrefetch$FluxConcatMapNoPrefetchSubscriber.onSubscribe(FluxConcatMapNoPrefetch.java:164)
	at reactor.core.publisher.FluxIterable.subscribe(FluxIterable.java:201)
	at reactor.core.publisher.FluxIterable.subscribe(FluxIterable.java:83)
	at reactor.core.publisher.InternalMonoOperator.subscribe(InternalMonoOperator.java:76)
	at reactor.core.publisher.MonoDefer.subscribe(MonoDefer.java:53)
	at reactor.core.publisher.InternalMonoOperator.subscribe(InternalMonoOperator.java:76)
	at reactor.core.publisher.MonoDefer.subscribe(MonoDefer.java:53)
	at reactor.core.publisher.InternalMonoOperator.subscribe(InternalMonoOperator.java:76)
	at reactor.core.publisher.MonoDeferContextual.subscribe(MonoDeferContextual.java:55)
	at reactor.core.publisher.MonoDefer.subscribe(MonoDefer.java:53)
	at reactor.core.publisher.Mono.subscribe(Mono.java:4576)
	at reactor.core.publisher.FluxSwitchIfEmpty$SwitchIfEmptySubscriber.onComplete(FluxSwitchIfEmpty.java:82)
	at reactor.core.publisher.MonoPeekTerminal$MonoTerminalPeekSubscriber.onComplete(MonoPeekTerminal.java:299)
	at reactor.core.publisher.MonoPeekTerminal$MonoTerminalPeekSubscriber.onComplete(MonoPeekTerminal.java:299)
	at reactor.core.publisher.MonoFlatMap$FlatMapMain.onNext(MonoFlatMap.java:155)
	at reactor.core.publisher.FluxSwitchIfEmpty$SwitchIfEmptySubscriber.onNext(FluxSwitchIfEmpty.java:74)
	at reactor.core.publisher.FluxFilter$FilterSubscriber.onNext(FluxFilter.java:113)
	at reactor.core.publisher.MonoPeekTerminal$MonoTerminalPeekSubscriber.onNext(MonoPeekTerminal.java:180)
	at reactor.core.publisher.FluxPeekFuseable$PeekFuseableConditionalSubscriber.onNext(FluxPeekFuseable.java:503)
	at reactor.core.publisher.MonoPeekTerminal$MonoTerminalPeekSubscriber.onNext(MonoPeekTerminal.java:180)
	at reactor.core.publisher.FluxDefaultIfEmpty$DefaultIfEmptySubscriber.onNext(FluxDefaultIfEmpty.java:122)
	at reactor.core.publisher.MonoNext$NextSubscriber.onNext(MonoNext.java:82)
	at reactor.core.publisher.FluxConcatMapNoPrefetch$FluxConcatMapNoPrefetchSubscriber.innerNext(FluxConcatMapNoPrefetch.java:259)
	at reactor.core.publisher.FluxConcatMap$ConcatMapInner.onNext(FluxConcatMap.java:865)
	at reactor.core.publisher.MonoFlatMap$FlatMapMain.onNext(MonoFlatMap.java:158)
	at reactor.core.publisher.FluxMap$MapSubscriber.onNext(FluxMap.java:122)
	at reactor.core.publisher.FluxFilter$FilterSubscriber.onNext(FluxFilter.java:113)
	at reactor.core.publisher.FluxPeekFuseable$PeekConditionalSubscriber.onNext(FluxPeekFuseable.java:854)
	at reactor.core.publisher.FluxSwitchIfEmpty$SwitchIfEmptySubscriber.onNext(FluxSwitchIfEmpty.java:74)
	at reactor.core.publisher.MonoNext$NextSubscriber.onNext(MonoNext.java:82)
	at reactor.core.publisher.FluxFilter$FilterSubscriber.onNext(FluxFilter.java:113)
	at reactor.core.publisher.FluxFlatMap$FlatMapMain.tryEmitScalar(FluxFlatMap.java:492)
	at reactor.core.publisher.FluxFlatMap$FlatMapMain.onNext(FluxFlatMap.java:424)
	at reactor.core.publisher.FluxPeekFuseable$PeekFuseableSubscriber.onNext(FluxPeekFuseable.java:210)
	at reactor.core.publisher.FluxIterable$IterableSubscription.slowPath(FluxIterable.java:335)
	at reactor.core.publisher.FluxIterable$IterableSubscription.request(FluxIterable.java:294)
	at reactor.core.publisher.FluxPeekFuseable$PeekFuseableSubscriber.request(FluxPeekFuseable.java:144)
	at reactor.core.publisher.FluxFlatMap$FlatMapMain.onSubscribe(FluxFlatMap.java:373)
	at reactor.core.publisher.FluxPeekFuseable$PeekFuseableSubscriber.onSubscribe(FluxPeekFuseable.java:178)
	at reactor.core.publisher.FluxIterable.subscribe(FluxIterable.java:201)
	at reactor.core.publisher.FluxIterable.subscribe(FluxIterable.java:83)
	at reactor.core.publisher.Mono.subscribe(Mono.java:4576)
	at reactor.core.publisher.FluxConcatMapNoPrefetch$FluxConcatMapNoPrefetchSubscriber.onNext(FluxConcatMapNoPrefetch.java:207)
	at reactor.core.publisher.FluxIterable$IterableSubscription.slowPath(FluxIterable.java:335)
	at reactor.core.publisher.FluxIterable$IterableSubscription.request(FluxIterable.java:294)
	at reactor.core.publisher.FluxConcatMapNoPrefetch$FluxConcatMapNoPrefetchSubscriber.innerComplete(FluxConcatMapNoPrefetch.java:275)
	at reactor.core.publisher.FluxConcatMap$ConcatMapInner.onComplete(FluxConcatMap.java:889)
	at reactor.core.publisher.MonoFlatMap$FlatMapMain.onComplete(MonoFlatMap.java:189)
	at reactor.core.publisher.FluxMap$MapSubscriber.onComplete(FluxMap.java:144)
	at reactor.core.publisher.FluxFilter$FilterSubscriber.onComplete(FluxFilter.java:166)
	at reactor.core.publisher.FluxPeekFuseable$PeekConditionalSubscriber.onComplete(FluxPeekFuseable.java:940)
	at reactor.core.publisher.FluxSwitchIfEmpty$SwitchIfEmptySubscriber.onComplete(FluxSwitchIfEmpty.java:85)
	at reactor.core.publisher.Operators$ScalarSubscription.request(Operators.java:2573)
	at reactor.core.publisher.Operators$MultiSubscriptionSubscriber.set(Operators.java:2367)
	at reactor.core.publisher.Operators$MultiSubscriptionSubscriber.onSubscribe(Operators.java:2241)
	at reactor.core.publisher.MonoJust.subscribe(MonoJust.java:55)
	at reactor.core.publisher.Mono.subscribe(Mono.java:4576)
	at reactor.core.publisher.FluxSwitchIfEmpty$SwitchIfEmptySubscriber.onComplete(FluxSwitchIfEmpty.java:82)
	at reactor.core.publisher.MonoNext$NextSubscriber.onComplete(MonoNext.java:102)
	at reactor.core.publisher.FluxFilter$FilterSubscriber.onComplete(FluxFilter.java:166)
	at reactor.core.publisher.FluxFlatMap$FlatMapMain.checkTerminated(FluxFlatMap.java:850)
	at reactor.core.publisher.FluxFlatMap$FlatMapMain.drainLoop(FluxFlatMap.java:612)
	at reactor.core.publisher.FluxFlatMap$FlatMapMain.drain(FluxFlatMap.java:592)
	at reactor.core.publisher.FluxFlatMap$FlatMapMain.request(FluxFlatMap.java:349)
	at reactor.core.publisher.FluxFilter$FilterSubscriber.request(FluxFilter.java:186)
	at reactor.core.publisher.MonoNext$NextSubscriber.request(MonoNext.java:108)
	at reactor.core.publisher.Operators$MultiSubscriptionSubscriber.request(Operators.java:2331)
	at reactor.core.publisher.FluxPeekFuseable$PeekConditionalSubscriber.request(FluxPeekFuseable.java:783)
	at reactor.core.publisher.FluxFilter$FilterSubscriber.request(FluxFilter.java:186)
	at reactor.core.publisher.FluxMap$MapSubscriber.request(FluxMap.java:164)
	at reactor.core.publisher.MonoFlatMap$FlatMapMain.request(MonoFlatMap.java:194)
	at reactor.core.publisher.Operators$MultiSubscriptionSubscriber.request(Operators.java:2331)
	at reactor.core.publisher.FluxConcatMapNoPrefetch$FluxConcatMapNoPrefetchSubscriber.request(FluxConcatMapNoPrefetch.java:339)
	at reactor.core.publisher.MonoNext$NextSubscriber.request(MonoNext.java:108)
	at reactor.core.publisher.FluxDefaultIfEmpty$DefaultIfEmptySubscriber.request(FluxDefaultIfEmpty.java:98)
	at reactor.core.publisher.MonoPeekTerminal$MonoTerminalPeekSubscriber.request(MonoPeekTerminal.java:139)
	at reactor.core.publisher.FluxPeekFuseable$PeekFuseableConditionalSubscriber.request(FluxPeekFuseable.java:437)
	at reactor.core.publisher.MonoPeekTerminal$MonoTerminalPeekSubscriber.request(MonoPeekTerminal.java:139)
	at reactor.core.publisher.FluxFilter$FilterSubscriber.request(FluxFilter.java:186)
	at reactor.core.publisher.Operators$MultiSubscriptionSubscriber.set(Operators.java:2367)
	at reactor.core.publisher.Operators$MultiSubscriptionSubscriber.onSubscribe(Operators.java:2241)
	at reactor.core.publisher.FluxFilter$FilterSubscriber.onSubscribe(FluxFilter.java:85)
	at reactor.core.publisher.MonoPeekTerminal$MonoTerminalPeekSubscriber.onSubscribe(MonoPeekTerminal.java:152)
	at reactor.core.publisher.FluxPeekFuseable$PeekFuseableConditionalSubscriber.onSubscribe(FluxPeekFuseable.java:471)
	at reactor.core.publisher.MonoPeekTerminal$MonoTerminalPeekSubscriber.onSubscribe(MonoPeekTerminal.java:152)
	at reactor.core.publisher.Operators$BaseFluxToMonoOperator.onSubscribe(Operators.java:2051)
	at reactor.core.publisher.MonoNext$NextSubscriber.onSubscribe(MonoNext.java:70)
	at reactor.core.publisher.FluxConcatMapNoPrefetch$FluxConcatMapNoPrefetchSubscriber.onSubscribe(FluxConcatMapNoPrefetch.java:164)
	at reactor.core.publisher.FluxIterable.subscribe(FluxIterable.java:201)
	at reactor.core.publisher.FluxIterable.subscribe(FluxIterable.java:83)
	at reactor.core.publisher.InternalMonoOperator.subscribe(InternalMonoOperator.java:76)
	at reactor.core.publisher.MonoDeferContextual.subscribe(MonoDeferContextual.java:55)
	at reactor.core.publisher.InternalMonoOperator.subscribe(InternalMonoOperator.java:76)
	at reactor.core.publisher.MonoDefer.subscribe(MonoDefer.java:53)
	at reactor.core.publisher.InternalMonoOperator.subscribe(InternalMonoOperator.java:76)
	at reactor.core.publisher.MonoDefer.subscribe(MonoDefer.java:53)
	at reactor.core.publisher.Mono.subscribe(Mono.java:4576)
	at reactor.core.publisher.MonoIgnoreThen$ThenIgnoreMain.subscribeNext(MonoIgnoreThen.java:265)
	at reactor.core.publisher.MonoIgnoreThen.subscribe(MonoIgnoreThen.java:51)
	at reactor.core.publisher.Mono.subscribe(Mono.java:4576)
	at reactor.core.publisher.FluxSwitchIfEmpty$SwitchIfEmptySubscriber.onComplete(FluxSwitchIfEmpty.java:82)
	at reactor.core.publisher.FluxFilter$FilterSubscriber.onComplete(FluxFilter.java:166)
	at reactor.core.publisher.FluxPeekFuseable$PeekConditionalSubscriber.onComplete(FluxPeekFuseable.java:940)
	at reactor.core.publisher.FluxSwitchIfEmpty$SwitchIfEmptySubscriber.onComplete(FluxSwitchIfEmpty.java:85)
	at reactor.core.publisher.Operators$ScalarSubscription.request(Operators.java:2573)
	at reactor.core.publisher.Operators$MultiSubscriptionSubscriber.set(Operators.java:2367)
	at reactor.core.publisher.Operators$MultiSubscriptionSubscriber.onSubscribe(Operators.java:2241)
	at reactor.core.publisher.MonoJust.subscribe(MonoJust.java:55)
	at reactor.core.publisher.Mono.subscribe(Mono.java:4576)
	at reactor.core.publisher.FluxSwitchIfEmpty$SwitchIfEmptySubscriber.onComplete(FluxSwitchIfEmpty.java:82)
	at reactor.core.publisher.MonoNext$NextSubscriber.onComplete(MonoNext.java:102)
	at reactor.core.publisher.FluxFilter$FilterSubscriber.onComplete(FluxFilter.java:166)
	at reactor.core.publisher.FluxFlatMap$FlatMapMain.checkTerminated(FluxFlatMap.java:850)
	at reactor.core.publisher.FluxFlatMap$FlatMapMain.drainLoop(FluxFlatMap.java:612)
	at reactor.core.publisher.FluxFlatMap$FlatMapMain.drain(FluxFlatMap.java:592)
	at reactor.core.publisher.FluxFlatMap$FlatMapMain.onComplete(FluxFlatMap.java:469)
	at reactor.core.publisher.FluxPeekFuseable$PeekFuseableSubscriber.onComplete(FluxPeekFuseable.java:277)
	at reactor.core.publisher.FluxIterable$IterableSubscription.slowPath(FluxIterable.java:357)
	at reactor.core.publisher.FluxIterable$IterableSubscription.request(FluxIterable.java:294)
	at reactor.core.publisher.FluxPeekFuseable$PeekFuseableSubscriber.request(FluxPeekFuseable.java:144)
	at reactor.core.publisher.FluxFlatMap$FlatMapMain.onSubscribe(FluxFlatMap.java:373)
	at reactor.core.publisher.FluxPeekFuseable$PeekFuseableSubscriber.onSubscribe(FluxPeekFuseable.java:178)
	at reactor.core.publisher.FluxIterable.subscribe(FluxIterable.java:201)
	at reactor.core.publisher.FluxIterable.subscribe(FluxIterable.java:83)
	at reactor.core.publisher.InternalMonoOperator.subscribe(InternalMonoOperator.java:76)
	at reactor.core.publisher.MonoDefer.subscribe(MonoDefer.java:53)
	at reactor.core.publisher.MonoFlatMap$FlatMapMain.onNext(MonoFlatMap.java:165)
	at reactor.core.publisher.Operators$BaseFluxToMonoOperator.completePossiblyEmpty(Operators.java:2097)
	at reactor.core.publisher.FluxDefaultIfEmpty$DefaultIfEmptySubscriber.onComplete(FluxDefaultIfEmpty.java:134)
	at reactor.core.publisher.FluxMap$MapSubscriber.onComplete(FluxMap.java:144)
	at reactor.core.publisher.FluxMap$MapSubscriber.onComplete(FluxMap.java:144)
	at reactor.core.publisher.FluxFilter$FilterSubscriber.onComplete(FluxFilter.java:166)
	at reactor.core.publisher.FluxMap$MapConditionalSubscriber.onComplete(FluxMap.java:275)
	at reactor.core.publisher.Operators$MonoSubscriber.complete(Operators.java:1866)
	at reactor.core.publisher.MonoCacheTime$CoordinatorSubscriber.signalCached(MonoCacheTime.java:337)
	at reactor.core.publisher.MonoCacheTime$CoordinatorSubscriber.onNext(MonoCacheTime.java:354)
	at reactor.core.publisher.FluxPeek$PeekSubscriber.onNext(FluxPeek.java:200)
	at reactor.core.publisher.FluxSwitchIfEmpty$SwitchIfEmptySubscriber.onNext(FluxSwitchIfEmpty.java:74)
	at reactor.core.publisher.MonoPeekTerminal$MonoTerminalPeekSubscriber.onNext(MonoPeekTerminal.java:180)
	at reactor.core.publisher.MonoPublishOn$PublishOnSubscriber.run(MonoPublishOn.java:181)
	at reactor.core.scheduler.SchedulerTask.call(SchedulerTask.java:68)
	at reactor.core.scheduler.SchedulerTask.call(SchedulerTask.java:28)
	at java.base/java.util.concurrent.FutureTask.run(FutureTask.java:317)
	at java.base/java.util.concurrent.ScheduledThreadPoolExecutor$ScheduledFutureTask.run(ScheduledThreadPoolExecutor.java:304)
	at java.base/java.util.concurrent.ThreadPoolExecutor.runWorker(ThreadPoolExecutor.java:1144)
	at java.base/java.util.concurrent.ThreadPoolExecutor$Worker.run(ThreadPoolExecutor.java:642)
	at java.base/java.lang.Thread.run(Thread.java:1583)
Caused by: java.lang.ClassNotFoundException: com.fasterxml.jackson.databind.util.TokenBuffer$Parser
	at java.base/java.net.URLClassLoader.findClass(URLClassLoader.java:445)
	at java.base/java.lang.ClassLoader.loadClass(ClassLoader.java:593)
	at org.springframework.boot.loader.net.protocol.jar.JarUrlClassLoader.loadClass(JarUrlClassLoader.java:107)
	at org.springframework.boot.loader.launch.LaunchedClassLoader.loadClass(LaunchedClassLoader.java:91)
	at java.base/java.lang.ClassLoader.loadClass(ClassLoader.java:526)
	... 221 common frames omitted

2026-03-20 21:44:28.669  WARN 1297738 [parallel-1] [] reactor.core.Exceptions                  : throwIfFatal detected a jvm fatal exception, which is thrown and logged below:

java.lang.NoClassDefFoundError: com/fasterxml/jackson/databind/util/TokenBuffer$Parser
	at com.fasterxml.jackson.databind.DeserializationContext.bufferForInputBuffering(DeserializationContext.java:562)
	at com.fasterxml.jackson.databind.jsontype.impl.AsPropertyTypeDeserializer.deserializeTypedFromObject(AsPropertyTypeDeserializer.java:140)
	at com.fasterxml.jackson.databind.deser.AbstractDeserializer.deserializeWithType(AbstractDeserializer.java:263)
	at com.fasterxml.jackson.databind.deser.impl.TypeWrappedDeserializer.deserialize(TypeWrappedDeserializer.java:74)
	at com.fasterxml.jackson.databind.deser.DefaultDeserializationContext.readRootValue(DefaultDeserializationContext.java:342)
	at com.fasterxml.jackson.databind.ObjectReader._bindAndClose(ObjectReader.java:2125)
	at com.fasterxml.jackson.databind.ObjectReader.readValue(ObjectReader.java:1501)
	at org.springframework.http.codec.json.AbstractJackson2Decoder.decode(AbstractJackson2Decoder.java:213)
	at org.springframework.http.codec.json.AbstractJackson2Decoder.lambda$decodeToMono$2(AbstractJackson2Decoder.java:198)
	at reactor.core.publisher.MonoFlatMap$FlatMapMain.onNext(MonoFlatMap.java:132)
	at reactor.core.publisher.FluxContextWrite$ContextWriteSubscriber.onNext(FluxContextWrite.java:107)
	at reactor.core.publisher.FluxMapFuseable$MapFuseableConditionalSubscriber.onNext(FluxMapFuseable.java:299)
	at reactor.core.publisher.FluxFilterFuseable$FilterFuseableConditionalSubscriber.onNext(FluxFilterFuseable.java:337)
	at reactor.core.publisher.Operators$BaseFluxToMonoOperator.completePossiblyEmpty(Operators.java:2097)
	at reactor.core.publisher.MonoCollect$CollectSubscriber.onComplete(MonoCollect.java:145)
	at org.springframework.http.server.reactive.AbstractListenerReadPublisher$State.onAllDataRead(AbstractListenerReadPublisher.java:501)
	at org.springframework.http.server.reactive.AbstractListenerReadPublisher.handlePendingCompletionOrError(AbstractListenerReadPublisher.java:249)
	at org.springframework.http.server.reactive.AbstractListenerReadPublisher$State$4.onDataAvailable(AbstractListenerReadPublisher.java:404)
	at org.springframework.http.server.reactive.AbstractListenerReadPublisher.onDataAvailable(AbstractListenerReadPublisher.java:125)
	at org.springframework.http.server.reactive.ServletServerHttpRequest$RequestBodyPublisher.checkOnDataAvailable(ServletServerHttpRequest.java:343)
	at org.springframework.http.server.reactive.AbstractListenerReadPublisher.changeToDemandState(AbstractListenerReadPublisher.java:239)
	at org.springframework.http.server.reactive.AbstractListenerReadPublisher$State$2.request(AbstractListenerReadPublisher.java:354)
	at org.springframework.http.server.reactive.AbstractListenerReadPublisher$ReadSubscription.request(AbstractListenerReadPublisher.java:280)
	at reactor.core.publisher.Operators$BaseFluxToMonoOperator.request(Operators.java:2067)
	at reactor.core.publisher.FluxFilterFuseable$FilterFuseableConditionalSubscriber.request(FluxFilterFuseable.java:411)
	at reactor.core.publisher.FluxMapFuseable$MapFuseableConditionalSubscriber.request(FluxMapFuseable.java:360)
	at reactor.core.publisher.FluxContextWrite$ContextWriteSubscriber.request(FluxContextWrite.java:136)
	at reactor.core.publisher.MonoFlatMap$FlatMapMain.request(MonoFlatMap.java:194)
	at reactor.core.publisher.Operators$MultiSubscriptionSubscriber.set(Operators.java:2367)
	at reactor.core.publisher.FluxOnErrorResume$ResumeSubscriber.onSubscribe(FluxOnErrorResume.java:74)
	at reactor.core.publisher.MonoFlatMap$FlatMapMain.onSubscribe(MonoFlatMap.java:117)
	at reactor.core.publisher.FluxContextWrite$ContextWriteSubscriber.onSubscribe(FluxContextWrite.java:101)
	at reactor.core.publisher.FluxMapFuseable$MapFuseableConditionalSubscriber.onSubscribe(FluxMapFuseable.java:265)
	at reactor.core.publisher.FluxFilterFuseable$FilterFuseableConditionalSubscriber.onSubscribe(FluxFilterFuseable.java:305)
	at reactor.core.publisher.Operators$BaseFluxToMonoOperator.onSubscribe(Operators.java:2051)
	at org.springframework.http.server.reactive.AbstractListenerReadPublisher$State$1.subscribe(AbstractListenerReadPublisher.java:322)
	at org.springframework.http.server.reactive.AbstractListenerReadPublisher.subscribe(AbstractListenerReadPublisher.java:112)
	at reactor.core.publisher.FluxSource.subscribe(FluxSource.java:71)
	at reactor.core.publisher.InternalMonoOperator.subscribe(InternalMonoOperator.java:76)
	at reactor.core.publisher.MonoDeferContextual.subscribe(MonoDeferContextual.java:55)
	at reactor.core.publisher.InternalMonoOperator.subscribe(InternalMonoOperator.java:76)
	at reactor.core.publisher.MonoZip$ZipCoordinator.request(MonoZip.java:220)
	at reactor.core.publisher.MonoFlatMap$FlatMapMain.request(MonoFlatMap.java:194)
	at reactor.core.publisher.MonoIgnoreThen$ThenIgnoreMain.onSubscribe(MonoIgnoreThen.java:135)
	at reactor.core.publisher.MonoFlatMap$FlatMapMain.onSubscribe(MonoFlatMap.java:117)
	at reactor.core.publisher.MonoZip.subscribe(MonoZip.java:129)
	at reactor.core.publisher.InternalMonoOperator.subscribe(InternalMonoOperator.java:76)
	at reactor.core.publisher.MonoDefer.subscribe(MonoDefer.java:53)
	at reactor.core.publisher.MonoIgnoreThen$ThenIgnoreMain.subscribeNext(MonoIgnoreThen.java:241)
	at reactor.core.publisher.MonoIgnoreThen$ThenIgnoreMain.onComplete(MonoIgnoreThen.java:204)
	at reactor.core.publisher.MonoFlatMap$FlatMapMain.onComplete(MonoFlatMap.java:189)
	at reactor.core.publisher.Operators.complete(Operators.java:137)
	at reactor.core.publisher.MonoZip.subscribe(MonoZip.java:121)
	at reactor.core.publisher.Mono.subscribe(Mono.java:4576)
	at reactor.core.publisher.MonoIgnoreThen$ThenIgnoreMain.subscribeNext(MonoIgnoreThen.java:265)
	at reactor.core.publisher.MonoIgnoreThen.subscribe(MonoIgnoreThen.java:51)
	at reactor.core.publisher.InternalMonoOperator.subscribe(InternalMonoOperator.java:76)
	at reactor.core.publisher.MonoFlatMap$FlatMapMain.onNext(MonoFlatMap.java:165)
	at reactor.core.publisher.FluxOnErrorResume$ResumeSubscriber.onNext(FluxOnErrorResume.java:79)
	at reactor.core.publisher.FluxSwitchIfEmpty$SwitchIfEmptySubscriber.onNext(FluxSwitchIfEmpty.java:74)
	at reactor.core.publisher.MonoNext$NextSubscriber.onNext(MonoNext.java:82)
	at reactor.core.publisher.FluxConcatMapNoPrefetch$FluxConcatMapNoPrefetchSubscriber.innerNext(FluxConcatMapNoPrefetch.java:259)
	at reactor.core.publisher.FluxConcatMap$ConcatMapInner.onNext(FluxConcatMap.java:865)
	at reactor.core.publisher.FluxMapFuseable$MapFuseableSubscriber.onNext(FluxMapFuseable.java:129)
	at reactor.core.publisher.MonoPeekTerminal$MonoTerminalPeekSubscriber.onNext(MonoPeekTerminal.java:180)
	at reactor.core.publisher.Operators$ScalarSubscription.request(Operators.java:2571)
	at reactor.core.publisher.MonoPeekTerminal$MonoTerminalPeekSubscriber.request(MonoPeekTerminal.java:139)
	at reactor.core.publisher.FluxMapFuseable$MapFuseableSubscriber.request(FluxMapFuseable.java:171)
	at reactor.core.publisher.Operators$MultiSubscriptionSubscriber.request(Operators.java:2331)
	at reactor.core.publisher.FluxConcatMapNoPrefetch$FluxConcatMapNoPrefetchSubscriber.request(FluxConcatMapNoPrefetch.java:339)
	at reactor.core.publisher.MonoNext$NextSubscriber.request(MonoNext.java:108)
	at reactor.core.publisher.Operators$MultiSubscriptionSubscriber.set(Operators.java:2367)
	at reactor.core.publisher.Operators$MultiSubscriptionSubscriber.onSubscribe(Operators.java:2241)
	at reactor.core.publisher.MonoNext$NextSubscriber.onSubscribe(MonoNext.java:70)
	at reactor.core.publisher.FluxConcatMapNoPrefetch$FluxConcatMapNoPrefetchSubscriber.onSubscribe(FluxConcatMapNoPrefetch.java:164)
	at reactor.core.publisher.FluxIterable.subscribe(FluxIterable.java:201)
	at reactor.core.publisher.FluxIterable.subscribe(FluxIterable.java:83)
	at reactor.core.publisher.InternalMonoOperator.subscribe(InternalMonoOperator.java:76)
	at reactor.core.publisher.MonoDefer.subscribe(MonoDefer.java:53)
	at reactor.core.publisher.InternalMonoOperator.subscribe(InternalMonoOperator.java:76)
	at reactor.core.publisher.MonoDefer.subscribe(MonoDefer.java:53)
	at reactor.core.publisher.InternalMonoOperator.subscribe(InternalMonoOperator.java:76)
	at reactor.core.publisher.MonoDeferContextual.subscribe(MonoDeferContextual.java:55)
	at reactor.core.publisher.MonoDefer.subscribe(MonoDefer.java:53)
	at reactor.core.publisher.Mono.subscribe(Mono.java:4576)
	at reactor.core.publisher.FluxSwitchIfEmpty$SwitchIfEmptySubscriber.onComplete(FluxSwitchIfEmpty.java:82)
	at reactor.core.publisher.MonoPeekTerminal$MonoTerminalPeekSubscriber.onComplete(MonoPeekTerminal.java:299)
	at reactor.core.publisher.MonoPeekTerminal$MonoTerminalPeekSubscriber.onComplete(MonoPeekTerminal.java:299)
	at reactor.core.publisher.MonoFlatMap$FlatMapMain.onNext(MonoFlatMap.java:155)
	at reactor.core.publisher.FluxSwitchIfEmpty$SwitchIfEmptySubscriber.onNext(FluxSwitchIfEmpty.java:74)
	at reactor.core.publisher.FluxFilter$FilterSubscriber.onNext(FluxFilter.java:113)
	at reactor.core.publisher.MonoPeekTerminal$MonoTerminalPeekSubscriber.onNext(MonoPeekTerminal.java:180)
	at reactor.core.publisher.FluxPeekFuseable$PeekFuseableConditionalSubscriber.onNext(FluxPeekFuseable.java:503)
	at reactor.core.publisher.MonoPeekTerminal$MonoTerminalPeekSubscriber.onNext(MonoPeekTerminal.java:180)
	at reactor.core.publisher.FluxDefaultIfEmpty$DefaultIfEmptySubscriber.onNext(FluxDefaultIfEmpty.java:122)
	at reactor.core.publisher.MonoNext$NextSubscriber.onNext(MonoNext.java:82)
	at reactor.core.publisher.FluxConcatMapNoPrefetch$FluxConcatMapNoPrefetchSubscriber.innerNext(FluxConcatMapNoPrefetch.java:259)
	at reactor.core.publisher.FluxConcatMap$ConcatMapInner.onNext(FluxConcatMap.java:865)
	at reactor.core.publisher.MonoFlatMap$FlatMapMain.onNext(MonoFlatMap.java:158)
	at reactor.core.publisher.FluxMap$MapSubscriber.onNext(FluxMap.java:122)
	at reactor.core.publisher.FluxFilter$FilterSubscriber.onNext(FluxFilter.java:113)
	at reactor.core.publisher.FluxPeekFuseable$PeekConditionalSubscriber.onNext(FluxPeekFuseable.java:854)
	at reactor.core.publisher.FluxSwitchIfEmpty$SwitchIfEmptySubscriber.onNext(FluxSwitchIfEmpty.java:74)
	at reactor.core.publisher.MonoNext$NextSubscriber.onNext(MonoNext.java:82)
	at reactor.core.publisher.FluxFilter$FilterSubscriber.onNext(FluxFilter.java:113)
	at reactor.core.publisher.FluxFlatMap$FlatMapMain.tryEmitScalar(FluxFlatMap.java:492)
	at reactor.core.publisher.FluxFlatMap$FlatMapMain.onNext(FluxFlatMap.java:424)
	at reactor.core.publisher.FluxPeekFuseable$PeekFuseableSubscriber.onNext(FluxPeekFuseable.java:210)
	at reactor.core.publisher.FluxIterable$IterableSubscription.slowPath(FluxIterable.java:335)
	at reactor.core.publisher.FluxIterable$IterableSubscription.request(FluxIterable.java:294)
	at reactor.core.publisher.FluxPeekFuseable$PeekFuseableSubscriber.request(FluxPeekFuseable.java:144)
	at reactor.core.publisher.FluxFlatMap$FlatMapMain.onSubscribe(FluxFlatMap.java:373)
	at reactor.core.publisher.FluxPeekFuseable$PeekFuseableSubscriber.onSubscribe(FluxPeekFuseable.java:178)
	at reactor.core.publisher.FluxIterable.subscribe(FluxIterable.java:201)
	at reactor.core.publisher.FluxIterable.subscribe(FluxIterable.java:83)
	at reactor.core.publisher.Mono.subscribe(Mono.java:4576)
	at reactor.core.publisher.FluxConcatMapNoPrefetch$FluxConcatMapNoPrefetchSubscriber.onNext(FluxConcatMapNoPrefetch.java:207)
	at reactor.core.publisher.FluxIterable$IterableSubscription.slowPath(FluxIterable.java:335)
	at reactor.core.publisher.FluxIterable$IterableSubscription.request(FluxIterable.java:294)
	at reactor.core.publisher.FluxConcatMapNoPrefetch$FluxConcatMapNoPrefetchSubscriber.innerComplete(FluxConcatMapNoPrefetch.java:275)
	at reactor.core.publisher.FluxConcatMap$ConcatMapInner.onComplete(FluxConcatMap.java:889)
	at reactor.core.publisher.MonoFlatMap$FlatMapMain.onComplete(MonoFlatMap.java:189)
	at reactor.core.publisher.FluxMap$MapSubscriber.onComplete(FluxMap.java:144)
	at reactor.core.publisher.FluxFilter$FilterSubscriber.onComplete(FluxFilter.java:166)
	at reactor.core.publisher.FluxPeekFuseable$PeekConditionalSubscriber.onComplete(FluxPeekFuseable.java:940)
	at reactor.core.publisher.FluxSwitchIfEmpty$SwitchIfEmptySubscriber.onComplete(FluxSwitchIfEmpty.java:85)
	at reactor.core.publisher.Operators$ScalarSubscription.request(Operators.java:2573)
	at reactor.core.publisher.Operators$MultiSubscriptionSubscriber.set(Operators.java:2367)
	at reactor.core.publisher.Operators$MultiSubscriptionSubscriber.onSubscribe(Operators.java:2241)
	at reactor.core.publisher.MonoJust.subscribe(MonoJust.java:55)
	at reactor.core.publisher.Mono.subscribe(Mono.java:4576)
	at reactor.core.publisher.FluxSwitchIfEmpty$SwitchIfEmptySubscriber.onComplete(FluxSwitchIfEmpty.java:82)
	at reactor.core.publisher.MonoNext$NextSubscriber.onComplete(MonoNext.java:102)
	at reactor.core.publisher.FluxFilter$FilterSubscriber.onComplete(FluxFilter.java:166)
	at reactor.core.publisher.FluxFlatMap$FlatMapMain.checkTerminated(FluxFlatMap.java:850)
	at reactor.core.publisher.FluxFlatMap$FlatMapMain.drainLoop(FluxFlatMap.java:612)
	at reactor.core.publisher.FluxFlatMap$FlatMapMain.drain(FluxFlatMap.java:592)
	at reactor.core.publisher.FluxFlatMap$FlatMapMain.request(FluxFlatMap.java:349)
	at reactor.core.publisher.FluxFilter$FilterSubscriber.request(FluxFilter.java:186)
	at reactor.core.publisher.MonoNext$NextSubscriber.request(MonoNext.java:108)
	at reactor.core.publisher.Operators$MultiSubscriptionSubscriber.request(Operators.java:2331)
	at reactor.core.publisher.FluxPeekFuseable$PeekConditionalSubscriber.request(FluxPeekFuseable.java:783)
	at reactor.core.publisher.FluxFilter$FilterSubscriber.request(FluxFilter.java:186)
	at reactor.core.publisher.FluxMap$MapSubscriber.request(FluxMap.java:164)
	at reactor.core.publisher.MonoFlatMap$FlatMapMain.request(MonoFlatMap.java:194)
	at reactor.core.publisher.Operators$MultiSubscriptionSubscriber.request(Operators.java:2331)
	at reactor.core.publisher.FluxConcatMapNoPrefetch$FluxConcatMapNoPrefetchSubscriber.request(FluxConcatMapNoPrefetch.java:339)
	at reactor.core.publisher.MonoNext$NextSubscriber.request(MonoNext.java:108)
	at reactor.core.publisher.FluxDefaultIfEmpty$DefaultIfEmptySubscriber.request(FluxDefaultIfEmpty.java:98)
	at reactor.core.publisher.MonoPeekTerminal$MonoTerminalPeekSubscriber.request(MonoPeekTerminal.java:139)
	at reactor.core.publisher.FluxPeekFuseable$PeekFuseableConditionalSubscriber.request(FluxPeekFuseable.java:437)
	at reactor.core.publisher.MonoPeekTerminal$MonoTerminalPeekSubscriber.request(MonoPeekTerminal.java:139)
	at reactor.core.publisher.FluxFilter$FilterSubscriber.request(FluxFilter.java:186)
	at reactor.core.publisher.Operators$MultiSubscriptionSubscriber.set(Operators.java:2367)
	at reactor.core.publisher.Operators$MultiSubscriptionSubscriber.onSubscribe(Operators.java:2241)
	at reactor.core.publisher.FluxFilter$FilterSubscriber.onSubscribe(FluxFilter.java:85)
	at reactor.core.publisher.MonoPeekTerminal$MonoTerminalPeekSubscriber.onSubscribe(MonoPeekTerminal.java:152)
	at reactor.core.publisher.FluxPeekFuseable$PeekFuseableConditionalSubscriber.onSubscribe(FluxPeekFuseable.java:471)
	at reactor.core.publisher.MonoPeekTerminal$MonoTerminalPeekSubscriber.onSubscribe(MonoPeekTerminal.java:152)
	at reactor.core.publisher.Operators$BaseFluxToMonoOperator.onSubscribe(Operators.java:2051)
	at reactor.core.publisher.MonoNext$NextSubscriber.onSubscribe(MonoNext.java:70)
	at reactor.core.publisher.FluxConcatMapNoPrefetch$FluxConcatMapNoPrefetchSubscriber.onSubscribe(FluxConcatMapNoPrefetch.java:164)
	at reactor.core.publisher.FluxIterable.subscribe(FluxIterable.java:201)
	at reactor.core.publisher.FluxIterable.subscribe(FluxIterable.java:83)
	at reactor.core.publisher.InternalMonoOperator.subscribe(InternalMonoOperator.java:76)
	at reactor.core.publisher.MonoDeferContextual.subscribe(MonoDeferContextual.java:55)
	at reactor.core.publisher.InternalMonoOperator.subscribe(InternalMonoOperator.java:76)
	at reactor.core.publisher.MonoDefer.subscribe(MonoDefer.java:53)
	at reactor.core.publisher.InternalMonoOperator.subscribe(InternalMonoOperator.java:76)
	at reactor.core.publisher.MonoDefer.subscribe(MonoDefer.java:53)
	at reactor.core.publisher.Mono.subscribe(Mono.java:4576)
	at reactor.core.publisher.MonoIgnoreThen$ThenIgnoreMain.subscribeNext(MonoIgnoreThen.java:265)
	at reactor.core.publisher.MonoIgnoreThen.subscribe(MonoIgnoreThen.java:51)
	at reactor.core.publisher.Mono.subscribe(Mono.java:4576)
	at reactor.core.publisher.FluxSwitchIfEmpty$SwitchIfEmptySubscriber.onComplete(FluxSwitchIfEmpty.java:82)
	at reactor.core.publisher.FluxFilter$FilterSubscriber.onComplete(FluxFilter.java:166)
	at reactor.core.publisher.FluxPeekFuseable$PeekConditionalSubscriber.onComplete(FluxPeekFuseable.java:940)
	at reactor.core.publisher.FluxSwitchIfEmpty$SwitchIfEmptySubscriber.onComplete(FluxSwitchIfEmpty.java:85)
	at reactor.core.publisher.Operators$ScalarSubscription.request(Operators.java:2573)
	at reactor.core.publisher.Operators$MultiSubscriptionSubscriber.set(Operators.java:2367)
	at reactor.core.publisher.Operators$MultiSubscriptionSubscriber.onSubscribe(Operators.java:2241)
	at reactor.core.publisher.MonoJust.subscribe(MonoJust.java:55)
	at reactor.core.publisher.Mono.subscribe(Mono.java:4576)
	at reactor.core.publisher.FluxSwitchIfEmpty$SwitchIfEmptySubscriber.onComplete(FluxSwitchIfEmpty.java:82)
	at reactor.core.publisher.MonoNext$NextSubscriber.onComplete(MonoNext.java:102)
	at reactor.core.publisher.FluxFilter$FilterSubscriber.onComplete(FluxFilter.java:166)
	at reactor.core.publisher.FluxFlatMap$FlatMapMain.checkTerminated(FluxFlatMap.java:850)
	at reactor.core.publisher.FluxFlatMap$FlatMapMain.drainLoop(FluxFlatMap.java:612)
	at reactor.core.publisher.FluxFlatMap$FlatMapMain.drain(FluxFlatMap.java:592)
	at reactor.core.publisher.FluxFlatMap$FlatMapMain.onComplete(FluxFlatMap.java:469)
	at reactor.core.publisher.FluxPeekFuseable$PeekFuseableSubscriber.onComplete(FluxPeekFuseable.java:277)
	at reactor.core.publisher.FluxIterable$IterableSubscription.slowPath(FluxIterable.java:357)
	at reactor.core.publisher.FluxIterable$IterableSubscription.request(FluxIterable.java:294)
	at reactor.core.publisher.FluxPeekFuseable$PeekFuseableSubscriber.request(FluxPeekFuseable.java:144)
	at reactor.core.publisher.FluxFlatMap$FlatMapMain.onSubscribe(FluxFlatMap.java:373)
	at reactor.core.publisher.FluxPeekFuseable$PeekFuseableSubscriber.onSubscribe(FluxPeekFuseable.java:178)
	at reactor.core.publisher.FluxIterable.subscribe(FluxIterable.java:201)
	at reactor.core.publisher.FluxIterable.subscribe(FluxIterable.java:83)
	at reactor.core.publisher.InternalMonoOperator.subscribe(InternalMonoOperator.java:76)
	at reactor.core.publisher.MonoDefer.subscribe(MonoDefer.java:53)
	at reactor.core.publisher.MonoFlatMap$FlatMapMain.onNext(MonoFlatMap.java:165)
	at reactor.core.publisher.Operators$BaseFluxToMonoOperator.completePossiblyEmpty(Operators.java:2097)
	at reactor.core.publisher.FluxDefaultIfEmpty$DefaultIfEmptySubscriber.onComplete(FluxDefaultIfEmpty.java:134)
	at reactor.core.publisher.FluxMap$MapSubscriber.onComplete(FluxMap.java:144)
	at reactor.core.publisher.FluxMap$MapSubscriber.onComplete(FluxMap.java:144)
	at reactor.core.publisher.FluxFilter$FilterSubscriber.onComplete(FluxFilter.java:166)
	at reactor.core.publisher.FluxMap$MapConditionalSubscriber.onComplete(FluxMap.java:275)
	at reactor.core.publisher.Operators$MonoSubscriber.complete(Operators.java:1866)
	at reactor.core.publisher.MonoCacheTime$CoordinatorSubscriber.signalCached(MonoCacheTime.java:337)
	at reactor.core.publisher.MonoCacheTime$CoordinatorSubscriber.onNext(MonoCacheTime.java:354)
	at reactor.core.publisher.FluxPeek$PeekSubscriber.onNext(FluxPeek.java:200)
	at reactor.core.publisher.FluxSwitchIfEmpty$SwitchIfEmptySubscriber.onNext(FluxSwitchIfEmpty.java:74)
	at reactor.core.publisher.MonoPeekTerminal$MonoTerminalPeekSubscriber.onNext(MonoPeekTerminal.java:180)
	at reactor.core.publisher.MonoPublishOn$PublishOnSubscriber.run(MonoPublishOn.java:181)
	at reactor.core.scheduler.SchedulerTask.call(SchedulerTask.java:68)
	at reactor.core.scheduler.SchedulerTask.call(SchedulerTask.java:28)
	at java.base/java.util.concurrent.FutureTask.run(FutureTask.java:317)
	at java.base/java.util.concurrent.ScheduledThreadPoolExecutor$ScheduledFutureTask.run(ScheduledThreadPoolExecutor.java:304)
	at java.base/java.util.concurrent.ThreadPoolExecutor.runWorker(ThreadPoolExecutor.java:1144)
	at java.base/java.util.concurrent.ThreadPoolExecutor$Worker.run(ThreadPoolExecutor.java:642)
	at java.base/java.lang.Thread.run(Thread.java:1583)
Caused by: java.lang.ClassNotFoundException: com.fasterxml.jackson.databind.util.TokenBuffer$Parser
	at java.base/java.net.URLClassLoader.findClass(URLClassLoader.java:445)
	at java.base/java.lang.ClassLoader.loadClass(ClassLoader.java:593)
	at org.springframework.boot.loader.net.protocol.jar.JarUrlClassLoader.loadClass(JarUrlClassLoader.java:107)
	at org.springframework.boot.loader.launch.LaunchedClassLoader.loadClass(LaunchedClassLoader.java:91)
	at java.base/java.lang.ClassLoader.loadClass(ClassLoader.java:526)
	... 221 common frames omitted

2026-03-20 21:44:28.670  WARN 1297738 [parallel-1] [] reactor.core.Exceptions                  : throwIfFatal detected a jvm fatal exception, which is thrown and logged below:

java.lang.NoClassDefFoundError: com/fasterxml/jackson/databind/util/TokenBuffer$Parser
	at com.fasterxml.jackson.databind.DeserializationContext.bufferForInputBuffering(DeserializationContext.java:562)
	at com.fasterxml.jackson.databind.jsontype.impl.AsPropertyTypeDeserializer.deserializeTypedFromObject(AsPropertyTypeDeserializer.java:140)
	at com.fasterxml.jackson.databind.deser.AbstractDeserializer.deserializeWithType(AbstractDeserializer.java:263)
	at com.fasterxml.jackson.databind.deser.impl.TypeWrappedDeserializer.deserialize(TypeWrappedDeserializer.java:74)
	at com.fasterxml.jackson.databind.deser.DefaultDeserializationContext.readRootValue(DefaultDeserializationContext.java:342)
	at com.fasterxml.jackson.databind.ObjectReader._bindAndClose(ObjectReader.java:2125)
	at com.fasterxml.jackson.databind.ObjectReader.readValue(ObjectReader.java:1501)
	at org.springframework.http.codec.json.AbstractJackson2Decoder.decode(AbstractJackson2Decoder.java:213)
	at org.springframework.http.codec.json.AbstractJackson2Decoder.lambda$decodeToMono$2(AbstractJackson2Decoder.java:198)
	at reactor.core.publisher.MonoFlatMap$FlatMapMain.onNext(MonoFlatMap.java:132)
	at reactor.core.publisher.FluxContextWrite$ContextWriteSubscriber.onNext(FluxContextWrite.java:107)
	at reactor.core.publisher.FluxMapFuseable$MapFuseableConditionalSubscriber.onNext(FluxMapFuseable.java:299)
	at reactor.core.publisher.FluxFilterFuseable$FilterFuseableConditionalSubscriber.onNext(FluxFilterFuseable.java:337)
	at reactor.core.publisher.Operators$BaseFluxToMonoOperator.completePossiblyEmpty(Operators.java:2097)
	at reactor.core.publisher.MonoCollect$CollectSubscriber.onComplete(MonoCollect.java:145)
	at org.springframework.http.server.reactive.AbstractListenerReadPublisher$State.onAllDataRead(AbstractListenerReadPublisher.java:501)
	at org.springframework.http.server.reactive.AbstractListenerReadPublisher.handlePendingCompletionOrError(AbstractListenerReadPublisher.java:249)
	at org.springframework.http.server.reactive.AbstractListenerReadPublisher$State$4.onDataAvailable(AbstractListenerReadPublisher.java:404)
	at org.springframework.http.server.reactive.AbstractListenerReadPublisher.onDataAvailable(AbstractListenerReadPublisher.java:125)
	at org.springframework.http.server.reactive.ServletServerHttpRequest$RequestBodyPublisher.checkOnDataAvailable(ServletServerHttpRequest.java:343)
	at org.springframework.http.server.reactive.AbstractListenerReadPublisher.changeToDemandState(AbstractListenerReadPublisher.java:239)
	at org.springframework.http.server.reactive.AbstractListenerReadPublisher$State$2.request(AbstractListenerReadPublisher.java:354)
	at org.springframework.http.server.reactive.AbstractListenerReadPublisher$ReadSubscription.request(AbstractListenerReadPublisher.java:280)
	at reactor.core.publisher.Operators$BaseFluxToMonoOperator.request(Operators.java:2067)
	at reactor.core.publisher.FluxFilterFuseable$FilterFuseableConditionalSubscriber.request(FluxFilterFuseable.java:411)
	at reactor.core.publisher.FluxMapFuseable$MapFuseableConditionalSubscriber.request(FluxMapFuseable.java:360)
	at reactor.core.publisher.FluxContextWrite$ContextWriteSubscriber.request(FluxContextWrite.java:136)
	at reactor.core.publisher.MonoFlatMap$FlatMapMain.request(MonoFlatMap.java:194)
	at reactor.core.publisher.Operators$MultiSubscriptionSubscriber.set(Operators.java:2367)
	at reactor.core.publisher.FluxOnErrorResume$ResumeSubscriber.onSubscribe(FluxOnErrorResume.java:74)
	at reactor.core.publisher.MonoFlatMap$FlatMapMain.onSubscribe(MonoFlatMap.java:117)
	at reactor.core.publisher.FluxContextWrite$ContextWriteSubscriber.onSubscribe(FluxContextWrite.java:101)
	at reactor.core.publisher.FluxMapFuseable$MapFuseableConditionalSubscriber.onSubscribe(FluxMapFuseable.java:265)
	at reactor.core.publisher.FluxFilterFuseable$FilterFuseableConditionalSubscriber.onSubscribe(FluxFilterFuseable.java:305)
	at reactor.core.publisher.Operators$BaseFluxToMonoOperator.onSubscribe(Operators.java:2051)
	at org.springframework.http.server.reactive.AbstractListenerReadPublisher$State$1.subscribe(AbstractListenerReadPublisher.java:322)
	at org.springframework.http.server.reactive.AbstractListenerReadPublisher.subscribe(AbstractListenerReadPublisher.java:112)
	at reactor.core.publisher.FluxSource.subscribe(FluxSource.java:71)
	at reactor.core.publisher.InternalMonoOperator.subscribe(InternalMonoOperator.java:76)
	at reactor.core.publisher.MonoDeferContextual.subscribe(MonoDeferContextual.java:55)
	at reactor.core.publisher.InternalMonoOperator.subscribe(InternalMonoOperator.java:76)
	at reactor.core.publisher.MonoZip$ZipCoordinator.request(MonoZip.java:220)
	at reactor.core.publisher.MonoFlatMap$FlatMapMain.request(MonoFlatMap.java:194)
	at reactor.core.publisher.MonoIgnoreThen$ThenIgnoreMain.onSubscribe(MonoIgnoreThen.java:135)
	at reactor.core.publisher.MonoFlatMap$FlatMapMain.onSubscribe(MonoFlatMap.java:117)
	at reactor.core.publisher.MonoZip.subscribe(MonoZip.java:129)
	at reactor.core.publisher.InternalMonoOperator.subscribe(InternalMonoOperator.java:76)
	at reactor.core.publisher.MonoDefer.subscribe(MonoDefer.java:53)
	at reactor.core.publisher.MonoIgnoreThen$ThenIgnoreMain.subscribeNext(MonoIgnoreThen.java:241)
	at reactor.core.publisher.MonoIgnoreThen$ThenIgnoreMain.onComplete(MonoIgnoreThen.java:204)
	at reactor.core.publisher.MonoFlatMap$FlatMapMain.onComplete(MonoFlatMap.java:189)
	at reactor.core.publisher.Operators.complete(Operators.java:137)
	at reactor.core.publisher.MonoZip.subscribe(MonoZip.java:121)
	at reactor.core.publisher.Mono.subscribe(Mono.java:4576)
	at reactor.core.publisher.MonoIgnoreThen$ThenIgnoreMain.subscribeNext(MonoIgnoreThen.java:265)
	at reactor.core.publisher.MonoIgnoreThen.subscribe(MonoIgnoreThen.java:51)
	at reactor.core.publisher.InternalMonoOperator.subscribe(InternalMonoOperator.java:76)
	at reactor.core.publisher.MonoFlatMap$FlatMapMain.onNext(MonoFlatMap.java:165)
	at reactor.core.publisher.FluxOnErrorResume$ResumeSubscriber.onNext(FluxOnErrorResume.java:79)
	at reactor.core.publisher.FluxSwitchIfEmpty$SwitchIfEmptySubscriber.onNext(FluxSwitchIfEmpty.java:74)
	at reactor.core.publisher.MonoNext$NextSubscriber.onNext(MonoNext.java:82)
	at reactor.core.publisher.FluxConcatMapNoPrefetch$FluxConcatMapNoPrefetchSubscriber.innerNext(FluxConcatMapNoPrefetch.java:259)
	at reactor.core.publisher.FluxConcatMap$ConcatMapInner.onNext(FluxConcatMap.java:865)
	at reactor.core.publisher.FluxMapFuseable$MapFuseableSubscriber.onNext(FluxMapFuseable.java:129)
	at reactor.core.publisher.MonoPeekTerminal$MonoTerminalPeekSubscriber.onNext(MonoPeekTerminal.java:180)
	at reactor.core.publisher.Operators$ScalarSubscription.request(Operators.java:2571)
	at reactor.core.publisher.MonoPeekTerminal$MonoTerminalPeekSubscriber.request(MonoPeekTerminal.java:139)
	at reactor.core.publisher.FluxMapFuseable$MapFuseableSubscriber.request(FluxMapFuseable.java:171)
	at reactor.core.publisher.Operators$MultiSubscriptionSubscriber.request(Operators.java:2331)
	at reactor.core.publisher.FluxConcatMapNoPrefetch$FluxConcatMapNoPrefetchSubscriber.request(FluxConcatMapNoPrefetch.java:339)
	at reactor.core.publisher.MonoNext$NextSubscriber.request(MonoNext.java:108)
	at reactor.core.publisher.Operators$MultiSubscriptionSubscriber.set(Operators.java:2367)
	at reactor.core.publisher.Operators$MultiSubscriptionSubscriber.onSubscribe(Operators.java:2241)
	at reactor.core.publisher.MonoNext$NextSubscriber.onSubscribe(MonoNext.java:70)
	at reactor.core.publisher.FluxConcatMapNoPrefetch$FluxConcatMapNoPrefetchSubscriber.onSubscribe(FluxConcatMapNoPrefetch.java:164)
	at reactor.core.publisher.FluxIterable.subscribe(FluxIterable.java:201)
	at reactor.core.publisher.FluxIterable.subscribe(FluxIterable.java:83)
	at reactor.core.publisher.InternalMonoOperator.subscribe(InternalMonoOperator.java:76)
	at reactor.core.publisher.MonoDefer.subscribe(MonoDefer.java:53)
	at reactor.core.publisher.InternalMonoOperator.subscribe(InternalMonoOperator.java:76)
	at reactor.core.publisher.MonoDefer.subscribe(MonoDefer.java:53)
	at reactor.core.publisher.InternalMonoOperator.subscribe(InternalMonoOperator.java:76)
	at reactor.core.publisher.MonoDeferContextual.subscribe(MonoDeferContextual.java:55)
	at reactor.core.publisher.MonoDefer.subscribe(MonoDefer.java:53)
	at reactor.core.publisher.Mono.subscribe(Mono.java:4576)
	at reactor.core.publisher.FluxSwitchIfEmpty$SwitchIfEmptySubscriber.onComplete(FluxSwitchIfEmpty.java:82)
	at reactor.core.publisher.MonoPeekTerminal$MonoTerminalPeekSubscriber.onComplete(MonoPeekTerminal.java:299)
	at reactor.core.publisher.MonoPeekTerminal$MonoTerminalPeekSubscriber.onComplete(MonoPeekTerminal.java:299)
	at reactor.core.publisher.MonoFlatMap$FlatMapMain.onNext(MonoFlatMap.java:155)
	at reactor.core.publisher.FluxSwitchIfEmpty$SwitchIfEmptySubscriber.onNext(FluxSwitchIfEmpty.java:74)
	at reactor.core.publisher.FluxFilter$FilterSubscriber.onNext(FluxFilter.java:113)
	at reactor.core.publisher.MonoPeekTerminal$MonoTerminalPeekSubscriber.onNext(MonoPeekTerminal.java:180)
	at reactor.core.publisher.FluxPeekFuseable$PeekFuseableConditionalSubscriber.onNext(FluxPeekFuseable.java:503)
	at reactor.core.publisher.MonoPeekTerminal$MonoTerminalPeekSubscriber.onNext(MonoPeekTerminal.java:180)
	at reactor.core.publisher.FluxDefaultIfEmpty$DefaultIfEmptySubscriber.onNext(FluxDefaultIfEmpty.java:122)
	at reactor.core.publisher.MonoNext$NextSubscriber.onNext(MonoNext.java:82)
	at reactor.core.publisher.FluxConcatMapNoPrefetch$FluxConcatMapNoPrefetchSubscriber.innerNext(FluxConcatMapNoPrefetch.java:259)
	at reactor.core.publisher.FluxConcatMap$ConcatMapInner.onNext(FluxConcatMap.java:865)
	at reactor.core.publisher.MonoFlatMap$FlatMapMain.onNext(MonoFlatMap.java:158)
	at reactor.core.publisher.FluxMap$MapSubscriber.onNext(FluxMap.java:122)
	at reactor.core.publisher.FluxFilter$FilterSubscriber.onNext(FluxFilter.java:113)
	at reactor.core.publisher.FluxPeekFuseable$PeekConditionalSubscriber.onNext(FluxPeekFuseable.java:854)
	at reactor.core.publisher.FluxSwitchIfEmpty$SwitchIfEmptySubscriber.onNext(FluxSwitchIfEmpty.java:74)
	at reactor.core.publisher.MonoNext$NextSubscriber.onNext(MonoNext.java:82)
	at reactor.core.publisher.FluxFilter$FilterSubscriber.onNext(FluxFilter.java:113)
	at reactor.core.publisher.FluxFlatMap$FlatMapMain.tryEmitScalar(FluxFlatMap.java:492)
	at reactor.core.publisher.FluxFlatMap$FlatMapMain.onNext(FluxFlatMap.java:424)
	at reactor.core.publisher.FluxPeekFuseable$PeekFuseableSubscriber.onNext(FluxPeekFuseable.java:210)
	at reactor.core.publisher.FluxIterable$IterableSubscription.slowPath(FluxIterable.java:335)
	at reactor.core.publisher.FluxIterable$IterableSubscription.request(FluxIterable.java:294)
	at reactor.core.publisher.FluxPeekFuseable$PeekFuseableSubscriber.request(FluxPeekFuseable.java:144)
	at reactor.core.publisher.FluxFlatMap$FlatMapMain.onSubscribe(FluxFlatMap.java:373)
	at reactor.core.publisher.FluxPeekFuseable$PeekFuseableSubscriber.onSubscribe(FluxPeekFuseable.java:178)
	at reactor.core.publisher.FluxIterable.subscribe(FluxIterable.java:201)
	at reactor.core.publisher.FluxIterable.subscribe(FluxIterable.java:83)
	at reactor.core.publisher.Mono.subscribe(Mono.java:4576)
	at reactor.core.publisher.FluxConcatMapNoPrefetch$FluxConcatMapNoPrefetchSubscriber.onNext(FluxConcatMapNoPrefetch.java:207)
	at reactor.core.publisher.FluxIterable$IterableSubscription.slowPath(FluxIterable.java:335)
	at reactor.core.publisher.FluxIterable$IterableSubscription.request(FluxIterable.java:294)
	at reactor.core.publisher.FluxConcatMapNoPrefetch$FluxConcatMapNoPrefetchSubscriber.innerComplete(FluxConcatMapNoPrefetch.java:275)
	at reactor.core.publisher.FluxConcatMap$ConcatMapInner.onComplete(FluxConcatMap.java:889)
	at reactor.core.publisher.MonoFlatMap$FlatMapMain.onComplete(MonoFlatMap.java:189)
	at reactor.core.publisher.FluxMap$MapSubscriber.onComplete(FluxMap.java:144)
	at reactor.core.publisher.FluxFilter$FilterSubscriber.onComplete(FluxFilter.java:166)
	at reactor.core.publisher.FluxPeekFuseable$PeekConditionalSubscriber.onComplete(FluxPeekFuseable.java:940)
	at reactor.core.publisher.FluxSwitchIfEmpty$SwitchIfEmptySubscriber.onComplete(FluxSwitchIfEmpty.java:85)
	at reactor.core.publisher.Operators$ScalarSubscription.request(Operators.java:2573)
	at reactor.core.publisher.Operators$MultiSubscriptionSubscriber.set(Operators.java:2367)
	at reactor.core.publisher.Operators$MultiSubscriptionSubscriber.onSubscribe(Operators.java:2241)
	at reactor.core.publisher.MonoJust.subscribe(MonoJust.java:55)
	at reactor.core.publisher.Mono.subscribe(Mono.java:4576)
	at reactor.core.publisher.FluxSwitchIfEmpty$SwitchIfEmptySubscriber.onComplete(FluxSwitchIfEmpty.java:82)
	at reactor.core.publisher.MonoNext$NextSubscriber.onComplete(MonoNext.java:102)
	at reactor.core.publisher.FluxFilter$FilterSubscriber.onComplete(FluxFilter.java:166)
	at reactor.core.publisher.FluxFlatMap$FlatMapMain.checkTerminated(FluxFlatMap.java:850)
	at reactor.core.publisher.FluxFlatMap$FlatMapMain.drainLoop(FluxFlatMap.java:612)
	at reactor.core.publisher.FluxFlatMap$FlatMapMain.drain(FluxFlatMap.java:592)
	at reactor.core.publisher.FluxFlatMap$FlatMapMain.request(FluxFlatMap.java:349)
	at reactor.core.publisher.FluxFilter$FilterSubscriber.request(FluxFilter.java:186)
	at reactor.core.publisher.MonoNext$NextSubscriber.request(MonoNext.java:108)
	at reactor.core.publisher.Operators$MultiSubscriptionSubscriber.request(Operators.java:2331)
	at reactor.core.publisher.FluxPeekFuseable$PeekConditionalSubscriber.request(FluxPeekFuseable.java:783)
	at reactor.core.publisher.FluxFilter$FilterSubscriber.request(FluxFilter.java:186)
	at reactor.core.publisher.FluxMap$MapSubscriber.request(FluxMap.java:164)
	at reactor.core.publisher.MonoFlatMap$FlatMapMain.request(MonoFlatMap.java:194)
	at reactor.core.publisher.Operators$MultiSubscriptionSubscriber.request(Operators.java:2331)
	at reactor.core.publisher.FluxConcatMapNoPrefetch$FluxConcatMapNoPrefetchSubscriber.request(FluxConcatMapNoPrefetch.java:339)
	at reactor.core.publisher.MonoNext$NextSubscriber.request(MonoNext.java:108)
	at reactor.core.publisher.FluxDefaultIfEmpty$DefaultIfEmptySubscriber.request(FluxDefaultIfEmpty.java:98)
	at reactor.core.publisher.MonoPeekTerminal$MonoTerminalPeekSubscriber.request(MonoPeekTerminal.java:139)
	at reactor.core.publisher.FluxPeekFuseable$PeekFuseableConditionalSubscriber.request(FluxPeekFuseable.java:437)
	at reactor.core.publisher.MonoPeekTerminal$MonoTerminalPeekSubscriber.request(MonoPeekTerminal.java:139)
	at reactor.core.publisher.FluxFilter$FilterSubscriber.request(FluxFilter.java:186)
	at reactor.core.publisher.Operators$MultiSubscriptionSubscriber.set(Operators.java:2367)
	at reactor.core.publisher.Operators$MultiSubscriptionSubscriber.onSubscribe(Operators.java:2241)
	at reactor.core.publisher.FluxFilter$FilterSubscriber.onSubscribe(FluxFilter.java:85)
	at reactor.core.publisher.MonoPeekTerminal$MonoTerminalPeekSubscriber.onSubscribe(MonoPeekTerminal.java:152)
	at reactor.core.publisher.FluxPeekFuseable$PeekFuseableConditionalSubscriber.onSubscribe(FluxPeekFuseable.java:471)
	at reactor.core.publisher.MonoPeekTerminal$MonoTerminalPeekSubscriber.onSubscribe(MonoPeekTerminal.java:152)
	at reactor.core.publisher.Operators$BaseFluxToMonoOperator.onSubscribe(Operators.java:2051)
	at reactor.core.publisher.MonoNext$NextSubscriber.onSubscribe(MonoNext.java:70)
	at reactor.core.publisher.FluxConcatMapNoPrefetch$FluxConcatMapNoPrefetchSubscriber.onSubscribe(FluxConcatMapNoPrefetch.java:164)
	at reactor.core.publisher.FluxIterable.subscribe(FluxIterable.java:201)
	at reactor.core.publisher.FluxIterable.subscribe(FluxIterable.java:83)
	at reactor.core.publisher.InternalMonoOperator.subscribe(InternalMonoOperator.java:76)
	at reactor.core.publisher.MonoDeferContextual.subscribe(MonoDeferContextual.java:55)
	at reactor.core.publisher.InternalMonoOperator.subscribe(InternalMonoOperator.java:76)
	at reactor.core.publisher.MonoDefer.subscribe(MonoDefer.java:53)
	at reactor.core.publisher.InternalMonoOperator.subscribe(InternalMonoOperator.java:76)
	at reactor.core.publisher.MonoDefer.subscribe(MonoDefer.java:53)
	at reactor.core.publisher.Mono.subscribe(Mono.java:4576)
	at reactor.core.publisher.MonoIgnoreThen$ThenIgnoreMain.subscribeNext(MonoIgnoreThen.java:265)
	at reactor.core.publisher.MonoIgnoreThen.subscribe(MonoIgnoreThen.java:51)
	at reactor.core.publisher.Mono.subscribe(Mono.java:4576)
	at reactor.core.publisher.FluxSwitchIfEmpty$SwitchIfEmptySubscriber.onComplete(FluxSwitchIfEmpty.java:82)
	at reactor.core.publisher.FluxFilter$FilterSubscriber.onComplete(FluxFilter.java:166)
	at reactor.core.publisher.FluxPeekFuseable$PeekConditionalSubscriber.onComplete(FluxPeekFuseable.java:940)
	at reactor.core.publisher.FluxSwitchIfEmpty$SwitchIfEmptySubscriber.onComplete(FluxSwitchIfEmpty.java:85)
	at reactor.core.publisher.Operators$ScalarSubscription.request(Operators.java:2573)
	at reactor.core.publisher.Operators$MultiSubscriptionSubscriber.set(Operators.java:2367)
	at reactor.core.publisher.Operators$MultiSubscriptionSubscriber.onSubscribe(Operators.java:2241)
	at reactor.core.publisher.MonoJust.subscribe(MonoJust.java:55)
	at reactor.core.publisher.Mono.subscribe(Mono.java:4576)
	at reactor.core.publisher.FluxSwitchIfEmpty$SwitchIfEmptySubscriber.onComplete(FluxSwitchIfEmpty.java:82)
	at reactor.core.publisher.MonoNext$NextSubscriber.onComplete(MonoNext.java:102)
	at reactor.core.publisher.FluxFilter$FilterSubscriber.onComplete(FluxFilter.java:166)
	at reactor.core.publisher.FluxFlatMap$FlatMapMain.checkTerminated(FluxFlatMap.java:850)
	at reactor.core.publisher.FluxFlatMap$FlatMapMain.drainLoop(FluxFlatMap.java:612)
	at reactor.core.publisher.FluxFlatMap$FlatMapMain.drain(FluxFlatMap.java:592)
	at reactor.core.publisher.FluxFlatMap$FlatMapMain.onComplete(FluxFlatMap.java:469)
	at reactor.core.publisher.FluxPeekFuseable$PeekFuseableSubscriber.onComplete(FluxPeekFuseable.java:277)
	at reactor.core.publisher.FluxIterable$IterableSubscription.slowPath(FluxIterable.java:357)
	at reactor.core.publisher.FluxIterable$IterableSubscription.request(FluxIterable.java:294)
	at reactor.core.publisher.FluxPeekFuseable$PeekFuseableSubscriber.request(FluxPeekFuseable.java:144)
	at reactor.core.publisher.FluxFlatMap$FlatMapMain.onSubscribe(FluxFlatMap.java:373)
	at reactor.core.publisher.FluxPeekFuseable$PeekFuseableSubscriber.onSubscribe(FluxPeekFuseable.java:178)
	at reactor.core.publisher.FluxIterable.subscribe(FluxIterable.java:201)
	at reactor.core.publisher.FluxIterable.subscribe(FluxIterable.java:83)
	at reactor.core.publisher.InternalMonoOperator.subscribe(InternalMonoOperator.java:76)
	at reactor.core.publisher.MonoDefer.subscribe(MonoDefer.java:53)
	at reactor.core.publisher.MonoFlatMap$FlatMapMain.onNext(MonoFlatMap.java:165)
	at reactor.core.publisher.Operators$BaseFluxToMonoOperator.completePossiblyEmpty(Operators.java:2097)
	at reactor.core.publisher.FluxDefaultIfEmpty$DefaultIfEmptySubscriber.onComplete(FluxDefaultIfEmpty.java:134)
	at reactor.core.publisher.FluxMap$MapSubscriber.onComplete(FluxMap.java:144)
	at reactor.core.publisher.FluxMap$MapSubscriber.onComplete(FluxMap.java:144)
	at reactor.core.publisher.FluxFilter$FilterSubscriber.onComplete(FluxFilter.java:166)
	at reactor.core.publisher.FluxMap$MapConditionalSubscriber.onComplete(FluxMap.java:275)
	at reactor.core.publisher.Operators$MonoSubscriber.complete(Operators.java:1866)
	at reactor.core.publisher.MonoCacheTime$CoordinatorSubscriber.signalCached(MonoCacheTime.java:337)
	at reactor.core.publisher.MonoCacheTime$CoordinatorSubscriber.onNext(MonoCacheTime.java:354)
	at reactor.core.publisher.FluxPeek$PeekSubscriber.onNext(FluxPeek.java:200)
	at reactor.core.publisher.FluxSwitchIfEmpty$SwitchIfEmptySubscriber.onNext(FluxSwitchIfEmpty.java:74)
	at reactor.core.publisher.MonoPeekTerminal$MonoTerminalPeekSubscriber.onNext(MonoPeekTerminal.java:180)
	at reactor.core.publisher.MonoPublishOn$PublishOnSubscriber.run(MonoPublishOn.java:181)
	at reactor.core.scheduler.SchedulerTask.call(SchedulerTask.java:68)
	at reactor.core.scheduler.SchedulerTask.call(SchedulerTask.java:28)
	at java.base/java.util.concurrent.FutureTask.run(FutureTask.java:317)
	at java.base/java.util.concurrent.ScheduledThreadPoolExecutor$ScheduledFutureTask.run(ScheduledThreadPoolExecutor.java:304)
	at java.base/java.util.concurrent.ThreadPoolExecutor.runWorker(ThreadPoolExecutor.java:1144)
	at java.base/java.util.concurrent.ThreadPoolExecutor$Worker.run(ThreadPoolExecutor.java:642)
	at java.base/java.lang.Thread.run(Thread.java:1583)
Caused by: java.lang.ClassNotFoundException: com.fasterxml.jackson.databind.util.TokenBuffer$Parser
	at java.base/java.net.URLClassLoader.findClass(URLClassLoader.java:445)
	at java.base/java.lang.ClassLoader.loadClass(ClassLoader.java:593)
	at org.springframework.boot.loader.net.protocol.jar.JarUrlClassLoader.loadClass(JarUrlClassLoader.java:107)
	at org.springframework.boot.loader.launch.LaunchedClassLoader.loadClass(LaunchedClassLoader.java:91)
	at java.base/java.lang.ClassLoader.loadClass(ClassLoader.java:526)
	... 221 common frames omitted

2026-03-20 21:44:28.672  WARN 1297738 [parallel-1] [] reactor.core.Exceptions                  : throwIfFatal detected a jvm fatal exception, which is thrown and logged below:

java.lang.NoClassDefFoundError: com/fasterxml/jackson/databind/util/TokenBuffer$Parser
	at com.fasterxml.jackson.databind.DeserializationContext.bufferForInputBuffering(DeserializationContext.java:562)
	at com.fasterxml.jackson.databind.jsontype.impl.AsPropertyTypeDeserializer.deserializeTypedFromObject(AsPropertyTypeDeserializer.java:140)
	at com.fasterxml.jackson.databind.deser.AbstractDeserializer.deserializeWithType(AbstractDeserializer.java:263)
	at com.fasterxml.jackson.databind.deser.impl.TypeWrappedDeserializer.deserialize(TypeWrappedDeserializer.java:74)
	at com.fasterxml.jackson.databind.deser.DefaultDeserializationContext.readRootValue(DefaultDeserializationContext.java:342)
	at com.fasterxml.jackson.databind.ObjectReader._bindAndClose(ObjectReader.java:2125)
	at com.fasterxml.jackson.databind.ObjectReader.readValue(ObjectReader.java:1501)
	at org.springframework.http.codec.json.AbstractJackson2Decoder.decode(AbstractJackson2Decoder.java:213)
	at org.springframework.http.codec.json.AbstractJackson2Decoder.lambda$decodeToMono$2(AbstractJackson2Decoder.java:198)
	at reactor.core.publisher.MonoFlatMap$FlatMapMain.onNext(MonoFlatMap.java:132)
	at reactor.core.publisher.FluxContextWrite$ContextWriteSubscriber.onNext(FluxContextWrite.java:107)
	at reactor.core.publisher.FluxMapFuseable$MapFuseableConditionalSubscriber.onNext(FluxMapFuseable.java:299)
	at reactor.core.publisher.FluxFilterFuseable$FilterFuseableConditionalSubscriber.onNext(FluxFilterFuseable.java:337)
	at reactor.core.publisher.Operators$BaseFluxToMonoOperator.completePossiblyEmpty(Operators.java:2097)
	at reactor.core.publisher.MonoCollect$CollectSubscriber.onComplete(MonoCollect.java:145)
	at org.springframework.http.server.reactive.AbstractListenerReadPublisher$State.onAllDataRead(AbstractListenerReadPublisher.java:501)
	at org.springframework.http.server.reactive.AbstractListenerReadPublisher.handlePendingCompletionOrError(AbstractListenerReadPublisher.java:249)
	at org.springframework.http.server.reactive.AbstractListenerReadPublisher$State$4.onDataAvailable(AbstractListenerReadPublisher.java:404)
	at org.springframework.http.server.reactive.AbstractListenerReadPublisher.onDataAvailable(AbstractListenerReadPublisher.java:125)
	at org.springframework.http.server.reactive.ServletServerHttpRequest$RequestBodyPublisher.checkOnDataAvailable(ServletServerHttpRequest.java:343)
	at org.springframework.http.server.reactive.AbstractListenerReadPublisher.changeToDemandState(AbstractListenerReadPublisher.java:239)
	at org.springframework.http.server.reactive.AbstractListenerReadPublisher$State$2.request(AbstractListenerReadPublisher.java:354)
	at org.springframework.http.server.reactive.AbstractListenerReadPublisher$ReadSubscription.request(AbstractListenerReadPublisher.java:280)
	at reactor.core.publisher.Operators$BaseFluxToMonoOperator.request(Operators.java:2067)
	at reactor.core.publisher.FluxFilterFuseable$FilterFuseableConditionalSubscriber.request(FluxFilterFuseable.java:411)
	at reactor.core.publisher.FluxMapFuseable$MapFuseableConditionalSubscriber.request(FluxMapFuseable.java:360)
	at reactor.core.publisher.FluxContextWrite$ContextWriteSubscriber.request(FluxContextWrite.java:136)
	at reactor.core.publisher.MonoFlatMap$FlatMapMain.request(MonoFlatMap.java:194)
	at reactor.core.publisher.Operators$MultiSubscriptionSubscriber.set(Operators.java:2367)
	at reactor.core.publisher.FluxOnErrorResume$ResumeSubscriber.onSubscribe(FluxOnErrorResume.java:74)
	at reactor.core.publisher.MonoFlatMap$FlatMapMain.onSubscribe(MonoFlatMap.java:117)
	at reactor.core.publisher.FluxContextWrite$ContextWriteSubscriber.onSubscribe(FluxContextWrite.java:101)
	at reactor.core.publisher.FluxMapFuseable$MapFuseableConditionalSubscriber.onSubscribe(FluxMapFuseable.java:265)
	at reactor.core.publisher.FluxFilterFuseable$FilterFuseableConditionalSubscriber.onSubscribe(FluxFilterFuseable.java:305)
	at reactor.core.publisher.Operators$BaseFluxToMonoOperator.onSubscribe(Operators.java:2051)
	at org.springframework.http.server.reactive.AbstractListenerReadPublisher$State$1.subscribe(AbstractListenerReadPublisher.java:322)
	at org.springframework.http.server.reactive.AbstractListenerReadPublisher.subscribe(AbstractListenerReadPublisher.java:112)
	at reactor.core.publisher.FluxSource.subscribe(FluxSource.java:71)
	at reactor.core.publisher.InternalMonoOperator.subscribe(InternalMonoOperator.java:76)
	at reactor.core.publisher.MonoDeferContextual.subscribe(MonoDeferContextual.java:55)
	at reactor.core.publisher.InternalMonoOperator.subscribe(InternalMonoOperator.java:76)
	at reactor.core.publisher.MonoZip$ZipCoordinator.request(MonoZip.java:220)
	at reactor.core.publisher.MonoFlatMap$FlatMapMain.request(MonoFlatMap.java:194)
	at reactor.core.publisher.MonoIgnoreThen$ThenIgnoreMain.onSubscribe(MonoIgnoreThen.java:135)
	at reactor.core.publisher.MonoFlatMap$FlatMapMain.onSubscribe(MonoFlatMap.java:117)
	at reactor.core.publisher.MonoZip.subscribe(MonoZip.java:129)
	at reactor.core.publisher.InternalMonoOperator.subscribe(InternalMonoOperator.java:76)
	at reactor.core.publisher.MonoDefer.subscribe(MonoDefer.java:53)
	at reactor.core.publisher.MonoIgnoreThen$ThenIgnoreMain.subscribeNext(MonoIgnoreThen.java:241)
	at reactor.core.publisher.MonoIgnoreThen$ThenIgnoreMain.onComplete(MonoIgnoreThen.java:204)
	at reactor.core.publisher.MonoFlatMap$FlatMapMain.onComplete(MonoFlatMap.java:189)
	at reactor.core.publisher.Operators.complete(Operators.java:137)
	at reactor.core.publisher.MonoZip.subscribe(MonoZip.java:121)
	at reactor.core.publisher.Mono.subscribe(Mono.java:4576)
	at reactor.core.publisher.MonoIgnoreThen$ThenIgnoreMain.subscribeNext(MonoIgnoreThen.java:265)
	at reactor.core.publisher.MonoIgnoreThen.subscribe(MonoIgnoreThen.java:51)
	at reactor.core.publisher.InternalMonoOperator.subscribe(InternalMonoOperator.java:76)
	at reactor.core.publisher.MonoFlatMap$FlatMapMain.onNext(MonoFlatMap.java:165)
	at reactor.core.publisher.FluxOnErrorResume$ResumeSubscriber.onNext(FluxOnErrorResume.java:79)
	at reactor.core.publisher.FluxSwitchIfEmpty$SwitchIfEmptySubscriber.onNext(FluxSwitchIfEmpty.java:74)
	at reactor.core.publisher.MonoNext$NextSubscriber.onNext(MonoNext.java:82)
	at reactor.core.publisher.FluxConcatMapNoPrefetch$FluxConcatMapNoPrefetchSubscriber.innerNext(FluxConcatMapNoPrefetch.java:259)
	at reactor.core.publisher.FluxConcatMap$ConcatMapInner.onNext(FluxConcatMap.java:865)
	at reactor.core.publisher.FluxMapFuseable$MapFuseableSubscriber.onNext(FluxMapFuseable.java:129)
	at reactor.core.publisher.MonoPeekTerminal$MonoTerminalPeekSubscriber.onNext(MonoPeekTerminal.java:180)
	at reactor.core.publisher.Operators$ScalarSubscription.request(Operators.java:2571)
	at reactor.core.publisher.MonoPeekTerminal$MonoTerminalPeekSubscriber.request(MonoPeekTerminal.java:139)
	at reactor.core.publisher.FluxMapFuseable$MapFuseableSubscriber.request(FluxMapFuseable.java:171)
	at reactor.core.publisher.Operators$MultiSubscriptionSubscriber.request(Operators.java:2331)
	at reactor.core.publisher.FluxConcatMapNoPrefetch$FluxConcatMapNoPrefetchSubscriber.request(FluxConcatMapNoPrefetch.java:339)
	at reactor.core.publisher.MonoNext$NextSubscriber.request(MonoNext.java:108)
	at reactor.core.publisher.Operators$MultiSubscriptionSubscriber.set(Operators.java:2367)
	at reactor.core.publisher.Operators$MultiSubscriptionSubscriber.onSubscribe(Operators.java:2241)
	at reactor.core.publisher.MonoNext$NextSubscriber.onSubscribe(MonoNext.java:70)
	at reactor.core.publisher.FluxConcatMapNoPrefetch$FluxConcatMapNoPrefetchSubscriber.onSubscribe(FluxConcatMapNoPrefetch.java:164)
	at reactor.core.publisher.FluxIterable.subscribe(FluxIterable.java:201)
	at reactor.core.publisher.FluxIterable.subscribe(FluxIterable.java:83)
	at reactor.core.publisher.InternalMonoOperator.subscribe(InternalMonoOperator.java:76)
	at reactor.core.publisher.MonoDefer.subscribe(MonoDefer.java:53)
	at reactor.core.publisher.InternalMonoOperator.subscribe(InternalMonoOperator.java:76)
	at reactor.core.publisher.MonoDefer.subscribe(MonoDefer.java:53)
	at reactor.core.publisher.InternalMonoOperator.subscribe(InternalMonoOperator.java:76)
	at reactor.core.publisher.MonoDeferContextual.subscribe(MonoDeferContextual.java:55)
	at reactor.core.publisher.MonoDefer.subscribe(MonoDefer.java:53)
	at reactor.core.publisher.Mono.subscribe(Mono.java:4576)
	at reactor.core.publisher.FluxSwitchIfEmpty$SwitchIfEmptySubscriber.onComplete(FluxSwitchIfEmpty.java:82)
	at reactor.core.publisher.MonoPeekTerminal$MonoTerminalPeekSubscriber.onComplete(MonoPeekTerminal.java:299)
	at reactor.core.publisher.MonoPeekTerminal$MonoTerminalPeekSubscriber.onComplete(MonoPeekTerminal.java:299)
	at reactor.core.publisher.MonoFlatMap$FlatMapMain.onNext(MonoFlatMap.java:155)
	at reactor.core.publisher.FluxSwitchIfEmpty$SwitchIfEmptySubscriber.onNext(FluxSwitchIfEmpty.java:74)
	at reactor.core.publisher.FluxFilter$FilterSubscriber.onNext(FluxFilter.java:113)
	at reactor.core.publisher.MonoPeekTerminal$MonoTerminalPeekSubscriber.onNext(MonoPeekTerminal.java:180)
	at reactor.core.publisher.FluxPeekFuseable$PeekFuseableConditionalSubscriber.onNext(FluxPeekFuseable.java:503)
	at reactor.core.publisher.MonoPeekTerminal$MonoTerminalPeekSubscriber.onNext(MonoPeekTerminal.java:180)
	at reactor.core.publisher.FluxDefaultIfEmpty$DefaultIfEmptySubscriber.onNext(FluxDefaultIfEmpty.java:122)
	at reactor.core.publisher.MonoNext$NextSubscriber.onNext(MonoNext.java:82)
	at reactor.core.publisher.FluxConcatMapNoPrefetch$FluxConcatMapNoPrefetchSubscriber.innerNext(FluxConcatMapNoPrefetch.java:259)
	at reactor.core.publisher.FluxConcatMap$ConcatMapInner.onNext(FluxConcatMap.java:865)
	at reactor.core.publisher.MonoFlatMap$FlatMapMain.onNext(MonoFlatMap.java:158)
	at reactor.core.publisher.FluxMap$MapSubscriber.onNext(FluxMap.java:122)
	at reactor.core.publisher.FluxFilter$FilterSubscriber.onNext(FluxFilter.java:113)
	at reactor.core.publisher.FluxPeekFuseable$PeekConditionalSubscriber.onNext(FluxPeekFuseable.java:854)
	at reactor.core.publisher.FluxSwitchIfEmpty$SwitchIfEmptySubscriber.onNext(FluxSwitchIfEmpty.java:74)
	at reactor.core.publisher.MonoNext$NextSubscriber.onNext(MonoNext.java:82)
	at reactor.core.publisher.FluxFilter$FilterSubscriber.onNext(FluxFilter.java:113)
	at reactor.core.publisher.FluxFlatMap$FlatMapMain.tryEmitScalar(FluxFlatMap.java:492)
	at reactor.core.publisher.FluxFlatMap$FlatMapMain.onNext(FluxFlatMap.java:424)
	at reactor.core.publisher.FluxPeekFuseable$PeekFuseableSubscriber.onNext(FluxPeekFuseable.java:210)
	at reactor.core.publisher.FluxIterable$IterableSubscription.slowPath(FluxIterable.java:335)
	at reactor.core.publisher.FluxIterable$IterableSubscription.request(FluxIterable.java:294)
	at reactor.core.publisher.FluxPeekFuseable$PeekFuseableSubscriber.request(FluxPeekFuseable.java:144)
	at reactor.core.publisher.FluxFlatMap$FlatMapMain.onSubscribe(FluxFlatMap.java:373)
	at reactor.core.publisher.FluxPeekFuseable$PeekFuseableSubscriber.onSubscribe(FluxPeekFuseable.java:178)
	at reactor.core.publisher.FluxIterable.subscribe(FluxIterable.java:201)
	at reactor.core.publisher.FluxIterable.subscribe(FluxIterable.java:83)
	at reactor.core.publisher.Mono.subscribe(Mono.java:4576)
	at reactor.core.publisher.FluxConcatMapNoPrefetch$FluxConcatMapNoPrefetchSubscriber.onNext(FluxConcatMapNoPrefetch.java:207)
	at reactor.core.publisher.FluxIterable$IterableSubscription.slowPath(FluxIterable.java:335)
	at reactor.core.publisher.FluxIterable$IterableSubscription.request(FluxIterable.java:294)
	at reactor.core.publisher.FluxConcatMapNoPrefetch$FluxConcatMapNoPrefetchSubscriber.innerComplete(FluxConcatMapNoPrefetch.java:275)
	at reactor.core.publisher.FluxConcatMap$ConcatMapInner.onComplete(FluxConcatMap.java:889)
	at reactor.core.publisher.MonoFlatMap$FlatMapMain.onComplete(MonoFlatMap.java:189)
	at reactor.core.publisher.FluxMap$MapSubscriber.onComplete(FluxMap.java:144)
	at reactor.core.publisher.FluxFilter$FilterSubscriber.onComplete(FluxFilter.java:166)
	at reactor.core.publisher.FluxPeekFuseable$PeekConditionalSubscriber.onComplete(FluxPeekFuseable.java:940)
	at reactor.core.publisher.FluxSwitchIfEmpty$SwitchIfEmptySubscriber.onComplete(FluxSwitchIfEmpty.java:85)
	at reactor.core.publisher.Operators$ScalarSubscription.request(Operators.java:2573)
	at reactor.core.publisher.Operators$MultiSubscriptionSubscriber.set(Operators.java:2367)
	at reactor.core.publisher.Operators$MultiSubscriptionSubscriber.onSubscribe(Operators.java:2241)
	at reactor.core.publisher.MonoJust.subscribe(MonoJust.java:55)
	at reactor.core.publisher.Mono.subscribe(Mono.java:4576)
	at reactor.core.publisher.FluxSwitchIfEmpty$SwitchIfEmptySubscriber.onComplete(FluxSwitchIfEmpty.java:82)
	at reactor.core.publisher.MonoNext$NextSubscriber.onComplete(MonoNext.java:102)
	at reactor.core.publisher.FluxFilter$FilterSubscriber.onComplete(FluxFilter.java:166)
	at reactor.core.publisher.FluxFlatMap$FlatMapMain.checkTerminated(FluxFlatMap.java:850)
	at reactor.core.publisher.FluxFlatMap$FlatMapMain.drainLoop(FluxFlatMap.java:612)
	at reactor.core.publisher.FluxFlatMap$FlatMapMain.drain(FluxFlatMap.java:592)
	at reactor.core.publisher.FluxFlatMap$FlatMapMain.request(FluxFlatMap.java:349)
	at reactor.core.publisher.FluxFilter$FilterSubscriber.request(FluxFilter.java:186)
	at reactor.core.publisher.MonoNext$NextSubscriber.request(MonoNext.java:108)
	at reactor.core.publisher.Operators$MultiSubscriptionSubscriber.request(Operators.java:2331)
	at reactor.core.publisher.FluxPeekFuseable$PeekConditionalSubscriber.request(FluxPeekFuseable.java:783)
	at reactor.core.publisher.FluxFilter$FilterSubscriber.request(FluxFilter.java:186)
	at reactor.core.publisher.FluxMap$MapSubscriber.request(FluxMap.java:164)
	at reactor.core.publisher.MonoFlatMap$FlatMapMain.request(MonoFlatMap.java:194)
	at reactor.core.publisher.Operators$MultiSubscriptionSubscriber.request(Operators.java:2331)
	at reactor.core.publisher.FluxConcatMapNoPrefetch$FluxConcatMapNoPrefetchSubscriber.request(FluxConcatMapNoPrefetch.java:339)
	at reactor.core.publisher.MonoNext$NextSubscriber.request(MonoNext.java:108)
	at reactor.core.publisher.FluxDefaultIfEmpty$DefaultIfEmptySubscriber.request(FluxDefaultIfEmpty.java:98)
	at reactor.core.publisher.MonoPeekTerminal$MonoTerminalPeekSubscriber.request(MonoPeekTerminal.java:139)
	at reactor.core.publisher.FluxPeekFuseable$PeekFuseableConditionalSubscriber.request(FluxPeekFuseable.java:437)
	at reactor.core.publisher.MonoPeekTerminal$MonoTerminalPeekSubscriber.request(MonoPeekTerminal.java:139)
	at reactor.core.publisher.FluxFilter$FilterSubscriber.request(FluxFilter.java:186)
	at reactor.core.publisher.Operators$MultiSubscriptionSubscriber.set(Operators.java:2367)
	at reactor.core.publisher.Operators$MultiSubscriptionSubscriber.onSubscribe(Operators.java:2241)
	at reactor.core.publisher.FluxFilter$FilterSubscriber.onSubscribe(FluxFilter.java:85)
	at reactor.core.publisher.MonoPeekTerminal$MonoTerminalPeekSubscriber.onSubscribe(MonoPeekTerminal.java:152)
	at reactor.core.publisher.FluxPeekFuseable$PeekFuseableConditionalSubscriber.onSubscribe(FluxPeekFuseable.java:471)
	at reactor.core.publisher.MonoPeekTerminal$MonoTerminalPeekSubscriber.onSubscribe(MonoPeekTerminal.java:152)
	at reactor.core.publisher.Operators$BaseFluxToMonoOperator.onSubscribe(Operators.java:2051)
	at reactor.core.publisher.MonoNext$NextSubscriber.onSubscribe(MonoNext.java:70)
	at reactor.core.publisher.FluxConcatMapNoPrefetch$FluxConcatMapNoPrefetchSubscriber.onSubscribe(FluxConcatMapNoPrefetch.java:164)
	at reactor.core.publisher.FluxIterable.subscribe(FluxIterable.java:201)
	at reactor.core.publisher.FluxIterable.subscribe(FluxIterable.java:83)
	at reactor.core.publisher.InternalMonoOperator.subscribe(InternalMonoOperator.java:76)
	at reactor.core.publisher.MonoDeferContextual.subscribe(MonoDeferContextual.java:55)
	at reactor.core.publisher.InternalMonoOperator.subscribe(InternalMonoOperator.java:76)
	at reactor.core.publisher.MonoDefer.subscribe(MonoDefer.java:53)
	at reactor.core.publisher.InternalMonoOperator.subscribe(InternalMonoOperator.java:76)
	at reactor.core.publisher.MonoDefer.subscribe(MonoDefer.java:53)
	at reactor.core.publisher.Mono.subscribe(Mono.java:4576)
	at reactor.core.publisher.MonoIgnoreThen$ThenIgnoreMain.subscribeNext(MonoIgnoreThen.java:265)
	at reactor.core.publisher.MonoIgnoreThen.subscribe(MonoIgnoreThen.java:51)
	at reactor.core.publisher.Mono.subscribe(Mono.java:4576)
	at reactor.core.publisher.FluxSwitchIfEmpty$SwitchIfEmptySubscriber.onComplete(FluxSwitchIfEmpty.java:82)
	at reactor.core.publisher.FluxFilter$FilterSubscriber.onComplete(FluxFilter.java:166)
	at reactor.core.publisher.FluxPeekFuseable$PeekConditionalSubscriber.onComplete(FluxPeekFuseable.java:940)
	at reactor.core.publisher.FluxSwitchIfEmpty$SwitchIfEmptySubscriber.onComplete(FluxSwitchIfEmpty.java:85)
	at reactor.core.publisher.Operators$ScalarSubscription.request(Operators.java:2573)
	at reactor.core.publisher.Operators$MultiSubscriptionSubscriber.set(Operators.java:2367)
	at reactor.core.publisher.Operators$MultiSubscriptionSubscriber.onSubscribe(Operators.java:2241)
	at reactor.core.publisher.MonoJust.subscribe(MonoJust.java:55)
	at reactor.core.publisher.Mono.subscribe(Mono.java:4576)
	at reactor.core.publisher.FluxSwitchIfEmpty$SwitchIfEmptySubscriber.onComplete(FluxSwitchIfEmpty.java:82)
	at reactor.core.publisher.MonoNext$NextSubscriber.onComplete(MonoNext.java:102)
	at reactor.core.publisher.FluxFilter$FilterSubscriber.onComplete(FluxFilter.java:166)
	at reactor.core.publisher.FluxFlatMap$FlatMapMain.checkTerminated(FluxFlatMap.java:850)
	at reactor.core.publisher.FluxFlatMap$FlatMapMain.drainLoop(FluxFlatMap.java:612)
	at reactor.core.publisher.FluxFlatMap$FlatMapMain.drain(FluxFlatMap.java:592)
	at reactor.core.publisher.FluxFlatMap$FlatMapMain.onComplete(FluxFlatMap.java:469)
	at reactor.core.publisher.FluxPeekFuseable$PeekFuseableSubscriber.onComplete(FluxPeekFuseable.java:277)
	at reactor.core.publisher.FluxIterable$IterableSubscription.slowPath(FluxIterable.java:357)
	at reactor.core.publisher.FluxIterable$IterableSubscription.request(FluxIterable.java:294)
	at reactor.core.publisher.FluxPeekFuseable$PeekFuseableSubscriber.request(FluxPeekFuseable.java:144)
	at reactor.core.publisher.FluxFlatMap$FlatMapMain.onSubscribe(FluxFlatMap.java:373)
	at reactor.core.publisher.FluxPeekFuseable$PeekFuseableSubscriber.onSubscribe(FluxPeekFuseable.java:178)
	at reactor.core.publisher.FluxIterable.subscribe(FluxIterable.java:201)
	at reactor.core.publisher.FluxIterable.subscribe(FluxIterable.java:83)
	at reactor.core.publisher.InternalMonoOperator.subscribe(InternalMonoOperator.java:76)
	at reactor.core.publisher.MonoDefer.subscribe(MonoDefer.java:53)
	at reactor.core.publisher.MonoFlatMap$FlatMapMain.onNext(MonoFlatMap.java:165)
	at reactor.core.publisher.Operators$BaseFluxToMonoOperator.completePossiblyEmpty(Operators.java:2097)
	at reactor.core.publisher.FluxDefaultIfEmpty$DefaultIfEmptySubscriber.onComplete(FluxDefaultIfEmpty.java:134)
	at reactor.core.publisher.FluxMap$MapSubscriber.onComplete(FluxMap.java:144)
	at reactor.core.publisher.FluxMap$MapSubscriber.onComplete(FluxMap.java:144)
	at reactor.core.publisher.FluxFilter$FilterSubscriber.onComplete(FluxFilter.java:166)
	at reactor.core.publisher.FluxMap$MapConditionalSubscriber.onComplete(FluxMap.java:275)
	at reactor.core.publisher.Operators$MonoSubscriber.complete(Operators.java:1866)
	at reactor.core.publisher.MonoCacheTime$CoordinatorSubscriber.signalCached(MonoCacheTime.java:337)
	at reactor.core.publisher.MonoCacheTime$CoordinatorSubscriber.onNext(MonoCacheTime.java:354)
	at reactor.core.publisher.FluxPeek$PeekSubscriber.onNext(FluxPeek.java:200)
	at reactor.core.publisher.FluxSwitchIfEmpty$SwitchIfEmptySubscriber.onNext(FluxSwitchIfEmpty.java:74)
	at reactor.core.publisher.MonoPeekTerminal$MonoTerminalPeekSubscriber.onNext(MonoPeekTerminal.java:180)
	at reactor.core.publisher.MonoPublishOn$PublishOnSubscriber.run(MonoPublishOn.java:181)
	at reactor.core.scheduler.SchedulerTask.call(SchedulerTask.java:68)
	at reactor.core.scheduler.SchedulerTask.call(SchedulerTask.java:28)
	at java.base/java.util.concurrent.FutureTask.run(FutureTask.java:317)
	at java.base/java.util.concurrent.ScheduledThreadPoolExecutor$ScheduledFutureTask.run(ScheduledThreadPoolExecutor.java:304)
	at java.base/java.util.concurrent.ThreadPoolExecutor.runWorker(ThreadPoolExecutor.java:1144)
	at java.base/java.util.concurrent.ThreadPoolExecutor$Worker.run(ThreadPoolExecutor.java:642)
	at java.base/java.lang.Thread.run(Thread.java:1583)
Caused by: java.lang.ClassNotFoundException: com.fasterxml.jackson.databind.util.TokenBuffer$Parser
	at java.base/java.net.URLClassLoader.findClass(URLClassLoader.java:445)
	at java.base/java.lang.ClassLoader.loadClass(ClassLoader.java:593)
	at org.springframework.boot.loader.net.protocol.jar.JarUrlClassLoader.loadClass(JarUrlClassLoader.java:107)
	at org.springframework.boot.loader.launch.LaunchedClassLoader.loadClass(LaunchedClassLoader.java:91)
	at java.base/java.lang.ClassLoader.loadClass(ClassLoader.java:526)
	... 221 common frames omitted

2026-03-20 21:44:28.673  WARN 1297738 [parallel-1] [] reactor.core.Exceptions                  : throwIfFatal detected a jvm fatal exception, which is thrown and logged below:

java.lang.NoClassDefFoundError: com/fasterxml/jackson/databind/util/TokenBuffer$Parser
	at com.fasterxml.jackson.databind.DeserializationContext.bufferForInputBuffering(DeserializationContext.java:562)
	at com.fasterxml.jackson.databind.jsontype.impl.AsPropertyTypeDeserializer.deserializeTypedFromObject(AsPropertyTypeDeserializer.java:140)
	at com.fasterxml.jackson.databind.deser.AbstractDeserializer.deserializeWithType(AbstractDeserializer.java:263)
	at com.fasterxml.jackson.databind.deser.impl.TypeWrappedDeserializer.deserialize(TypeWrappedDeserializer.java:74)
	at com.fasterxml.jackson.databind.deser.DefaultDeserializationContext.readRootValue(DefaultDeserializationContext.java:342)
	at com.fasterxml.jackson.databind.ObjectReader._bindAndClose(ObjectReader.java:2125)
	at com.fasterxml.jackson.databind.ObjectReader.readValue(ObjectReader.java:1501)
	at org.springframework.http.codec.json.AbstractJackson2Decoder.decode(AbstractJackson2Decoder.java:213)
	at org.springframework.http.codec.json.AbstractJackson2Decoder.lambda$decodeToMono$2(AbstractJackson2Decoder.java:198)
	at reactor.core.publisher.MonoFlatMap$FlatMapMain.onNext(MonoFlatMap.java:132)
	at reactor.core.publisher.FluxContextWrite$ContextWriteSubscriber.onNext(FluxContextWrite.java:107)
	at reactor.core.publisher.FluxMapFuseable$MapFuseableConditionalSubscriber.onNext(FluxMapFuseable.java:299)
	at reactor.core.publisher.FluxFilterFuseable$FilterFuseableConditionalSubscriber.onNext(FluxFilterFuseable.java:337)
	at reactor.core.publisher.Operators$BaseFluxToMonoOperator.completePossiblyEmpty(Operators.java:2097)
	at reactor.core.publisher.MonoCollect$CollectSubscriber.onComplete(MonoCollect.java:145)
	at org.springframework.http.server.reactive.AbstractListenerReadPublisher$State.onAllDataRead(AbstractListenerReadPublisher.java:501)
	at org.springframework.http.server.reactive.AbstractListenerReadPublisher.handlePendingCompletionOrError(AbstractListenerReadPublisher.java:249)
	at org.springframework.http.server.reactive.AbstractListenerReadPublisher$State$4.onDataAvailable(AbstractListenerReadPublisher.java:404)
	at org.springframework.http.server.reactive.AbstractListenerReadPublisher.onDataAvailable(AbstractListenerReadPublisher.java:125)
	at org.springframework.http.server.reactive.ServletServerHttpRequest$RequestBodyPublisher.checkOnDataAvailable(ServletServerHttpRequest.java:343)
	at org.springframework.http.server.reactive.AbstractListenerReadPublisher.changeToDemandState(AbstractListenerReadPublisher.java:239)
	at org.springframework.http.server.reactive.AbstractListenerReadPublisher$State$2.request(AbstractListenerReadPublisher.java:354)
	at org.springframework.http.server.reactive.AbstractListenerReadPublisher$ReadSubscription.request(AbstractListenerReadPublisher.java:280)
	at reactor.core.publisher.Operators$BaseFluxToMonoOperator.request(Operators.java:2067)
	at reactor.core.publisher.FluxFilterFuseable$FilterFuseableConditionalSubscriber.request(FluxFilterFuseable.java:411)
	at reactor.core.publisher.FluxMapFuseable$MapFuseableConditionalSubscriber.request(FluxMapFuseable.java:360)
	at reactor.core.publisher.FluxContextWrite$ContextWriteSubscriber.request(FluxContextWrite.java:136)
	at reactor.core.publisher.MonoFlatMap$FlatMapMain.request(MonoFlatMap.java:194)
	at reactor.core.publisher.Operators$MultiSubscriptionSubscriber.set(Operators.java:2367)
	at reactor.core.publisher.FluxOnErrorResume$ResumeSubscriber.onSubscribe(FluxOnErrorResume.java:74)
	at reactor.core.publisher.MonoFlatMap$FlatMapMain.onSubscribe(MonoFlatMap.java:117)
	at reactor.core.publisher.FluxContextWrite$ContextWriteSubscriber.onSubscribe(FluxContextWrite.java:101)
	at reactor.core.publisher.FluxMapFuseable$MapFuseableConditionalSubscriber.onSubscribe(FluxMapFuseable.java:265)
	at reactor.core.publisher.FluxFilterFuseable$FilterFuseableConditionalSubscriber.onSubscribe(FluxFilterFuseable.java:305)
	at reactor.core.publisher.Operators$BaseFluxToMonoOperator.onSubscribe(Operators.java:2051)
	at org.springframework.http.server.reactive.AbstractListenerReadPublisher$State$1.subscribe(AbstractListenerReadPublisher.java:322)
	at org.springframework.http.server.reactive.AbstractListenerReadPublisher.subscribe(AbstractListenerReadPublisher.java:112)
	at reactor.core.publisher.FluxSource.subscribe(FluxSource.java:71)
	at reactor.core.publisher.InternalMonoOperator.subscribe(InternalMonoOperator.java:76)
	at reactor.core.publisher.MonoDeferContextual.subscribe(MonoDeferContextual.java:55)
	at reactor.core.publisher.InternalMonoOperator.subscribe(InternalMonoOperator.java:76)
	at reactor.core.publisher.MonoZip$ZipCoordinator.request(MonoZip.java:220)
	at reactor.core.publisher.MonoFlatMap$FlatMapMain.request(MonoFlatMap.java:194)
	at reactor.core.publisher.MonoIgnoreThen$ThenIgnoreMain.onSubscribe(MonoIgnoreThen.java:135)
	at reactor.core.publisher.MonoFlatMap$FlatMapMain.onSubscribe(MonoFlatMap.java:117)
	at reactor.core.publisher.MonoZip.subscribe(MonoZip.java:129)
	at reactor.core.publisher.InternalMonoOperator.subscribe(InternalMonoOperator.java:76)
	at reactor.core.publisher.MonoDefer.subscribe(MonoDefer.java:53)
	at reactor.core.publisher.MonoIgnoreThen$ThenIgnoreMain.subscribeNext(MonoIgnoreThen.java:241)
	at reactor.core.publisher.MonoIgnoreThen$ThenIgnoreMain.onComplete(MonoIgnoreThen.java:204)
	at reactor.core.publisher.MonoFlatMap$FlatMapMain.onComplete(MonoFlatMap.java:189)
	at reactor.core.publisher.Operators.complete(Operators.java:137)
	at reactor.core.publisher.MonoZip.subscribe(MonoZip.java:121)
	at reactor.core.publisher.Mono.subscribe(Mono.java:4576)
	at reactor.core.publisher.MonoIgnoreThen$ThenIgnoreMain.subscribeNext(MonoIgnoreThen.java:265)
	at reactor.core.publisher.MonoIgnoreThen.subscribe(MonoIgnoreThen.java:51)
	at reactor.core.publisher.InternalMonoOperator.subscribe(InternalMonoOperator.java:76)
	at reactor.core.publisher.MonoFlatMap$FlatMapMain.onNext(MonoFlatMap.java:165)
	at reactor.core.publisher.FluxOnErrorResume$ResumeSubscriber.onNext(FluxOnErrorResume.java:79)
	at reactor.core.publisher.FluxSwitchIfEmpty$SwitchIfEmptySubscriber.onNext(FluxSwitchIfEmpty.java:74)
	at reactor.core.publisher.MonoNext$NextSubscriber.onNext(MonoNext.java:82)
	at reactor.core.publisher.FluxConcatMapNoPrefetch$FluxConcatMapNoPrefetchSubscriber.innerNext(FluxConcatMapNoPrefetch.java:259)
	at reactor.core.publisher.FluxConcatMap$ConcatMapInner.onNext(FluxConcatMap.java:865)
	at reactor.core.publisher.FluxMapFuseable$MapFuseableSubscriber.onNext(FluxMapFuseable.java:129)
	at reactor.core.publisher.MonoPeekTerminal$MonoTerminalPeekSubscriber.onNext(MonoPeekTerminal.java:180)
	at reactor.core.publisher.Operators$ScalarSubscription.request(Operators.java:2571)
	at reactor.core.publisher.MonoPeekTerminal$MonoTerminalPeekSubscriber.request(MonoPeekTerminal.java:139)
	at reactor.core.publisher.FluxMapFuseable$MapFuseableSubscriber.request(FluxMapFuseable.java:171)
	at reactor.core.publisher.Operators$MultiSubscriptionSubscriber.request(Operators.java:2331)
	at reactor.core.publisher.FluxConcatMapNoPrefetch$FluxConcatMapNoPrefetchSubscriber.request(FluxConcatMapNoPrefetch.java:339)
	at reactor.core.publisher.MonoNext$NextSubscriber.request(MonoNext.java:108)
	at reactor.core.publisher.Operators$MultiSubscriptionSubscriber.set(Operators.java:2367)
	at reactor.core.publisher.Operators$MultiSubscriptionSubscriber.onSubscribe(Operators.java:2241)
	at reactor.core.publisher.MonoNext$NextSubscriber.onSubscribe(MonoNext.java:70)
	at reactor.core.publisher.FluxConcatMapNoPrefetch$FluxConcatMapNoPrefetchSubscriber.onSubscribe(FluxConcatMapNoPrefetch.java:164)
	at reactor.core.publisher.FluxIterable.subscribe(FluxIterable.java:201)
	at reactor.core.publisher.FluxIterable.subscribe(FluxIterable.java:83)
	at reactor.core.publisher.InternalMonoOperator.subscribe(InternalMonoOperator.java:76)
	at reactor.core.publisher.MonoDefer.subscribe(MonoDefer.java:53)
	at reactor.core.publisher.InternalMonoOperator.subscribe(InternalMonoOperator.java:76)
	at reactor.core.publisher.MonoDefer.subscribe(MonoDefer.java:53)
	at reactor.core.publisher.InternalMonoOperator.subscribe(InternalMonoOperator.java:76)
	at reactor.core.publisher.MonoDeferContextual.subscribe(MonoDeferContextual.java:55)
	at reactor.core.publisher.MonoDefer.subscribe(MonoDefer.java:53)
	at reactor.core.publisher.Mono.subscribe(Mono.java:4576)
	at reactor.core.publisher.FluxSwitchIfEmpty$SwitchIfEmptySubscriber.onComplete(FluxSwitchIfEmpty.java:82)
	at reactor.core.publisher.MonoPeekTerminal$MonoTerminalPeekSubscriber.onComplete(MonoPeekTerminal.java:299)
	at reactor.core.publisher.MonoPeekTerminal$MonoTerminalPeekSubscriber.onComplete(MonoPeekTerminal.java:299)
	at reactor.core.publisher.MonoFlatMap$FlatMapMain.onNext(MonoFlatMap.java:155)
	at reactor.core.publisher.FluxSwitchIfEmpty$SwitchIfEmptySubscriber.onNext(FluxSwitchIfEmpty.java:74)
	at reactor.core.publisher.FluxFilter$FilterSubscriber.onNext(FluxFilter.java:113)
	at reactor.core.publisher.MonoPeekTerminal$MonoTerminalPeekSubscriber.onNext(MonoPeekTerminal.java:180)
	at reactor.core.publisher.FluxPeekFuseable$PeekFuseableConditionalSubscriber.onNext(FluxPeekFuseable.java:503)
	at reactor.core.publisher.MonoPeekTerminal$MonoTerminalPeekSubscriber.onNext(MonoPeekTerminal.java:180)
	at reactor.core.publisher.FluxDefaultIfEmpty$DefaultIfEmptySubscriber.onNext(FluxDefaultIfEmpty.java:122)
	at reactor.core.publisher.MonoNext$NextSubscriber.onNext(MonoNext.java:82)
	at reactor.core.publisher.FluxConcatMapNoPrefetch$FluxConcatMapNoPrefetchSubscriber.innerNext(FluxConcatMapNoPrefetch.java:259)
	at reactor.core.publisher.FluxConcatMap$ConcatMapInner.onNext(FluxConcatMap.java:865)
	at reactor.core.publisher.MonoFlatMap$FlatMapMain.onNext(MonoFlatMap.java:158)
	at reactor.core.publisher.FluxMap$MapSubscriber.onNext(FluxMap.java:122)
	at reactor.core.publisher.FluxFilter$FilterSubscriber.onNext(FluxFilter.java:113)
	at reactor.core.publisher.FluxPeekFuseable$PeekConditionalSubscriber.onNext(FluxPeekFuseable.java:854)
	at reactor.core.publisher.FluxSwitchIfEmpty$SwitchIfEmptySubscriber.onNext(FluxSwitchIfEmpty.java:74)
	at reactor.core.publisher.MonoNext$NextSubscriber.onNext(MonoNext.java:82)
	at reactor.core.publisher.FluxFilter$FilterSubscriber.onNext(FluxFilter.java:113)
	at reactor.core.publisher.FluxFlatMap$FlatMapMain.tryEmitScalar(FluxFlatMap.java:492)
	at reactor.core.publisher.FluxFlatMap$FlatMapMain.onNext(FluxFlatMap.java:424)
	at reactor.core.publisher.FluxPeekFuseable$PeekFuseableSubscriber.onNext(FluxPeekFuseable.java:210)
	at reactor.core.publisher.FluxIterable$IterableSubscription.slowPath(FluxIterable.java:335)
	at reactor.core.publisher.FluxIterable$IterableSubscription.request(FluxIterable.java:294)
	at reactor.core.publisher.FluxPeekFuseable$PeekFuseableSubscriber.request(FluxPeekFuseable.java:144)
	at reactor.core.publisher.FluxFlatMap$FlatMapMain.onSubscribe(FluxFlatMap.java:373)
	at reactor.core.publisher.FluxPeekFuseable$PeekFuseableSubscriber.onSubscribe(FluxPeekFuseable.java:178)
	at reactor.core.publisher.FluxIterable.subscribe(FluxIterable.java:201)
	at reactor.core.publisher.FluxIterable.subscribe(FluxIterable.java:83)
	at reactor.core.publisher.Mono.subscribe(Mono.java:4576)
	at reactor.core.publisher.FluxConcatMapNoPrefetch$FluxConcatMapNoPrefetchSubscriber.onNext(FluxConcatMapNoPrefetch.java:207)
	at reactor.core.publisher.FluxIterable$IterableSubscription.slowPath(FluxIterable.java:335)
	at reactor.core.publisher.FluxIterable$IterableSubscription.request(FluxIterable.java:294)
	at reactor.core.publisher.FluxConcatMapNoPrefetch$FluxConcatMapNoPrefetchSubscriber.innerComplete(FluxConcatMapNoPrefetch.java:275)
	at reactor.core.publisher.FluxConcatMap$ConcatMapInner.onComplete(FluxConcatMap.java:889)
	at reactor.core.publisher.MonoFlatMap$FlatMapMain.onComplete(MonoFlatMap.java:189)
	at reactor.core.publisher.FluxMap$MapSubscriber.onComplete(FluxMap.java:144)
	at reactor.core.publisher.FluxFilter$FilterSubscriber.onComplete(FluxFilter.java:166)
	at reactor.core.publisher.FluxPeekFuseable$PeekConditionalSubscriber.onComplete(FluxPeekFuseable.java:940)
	at reactor.core.publisher.FluxSwitchIfEmpty$SwitchIfEmptySubscriber.onComplete(FluxSwitchIfEmpty.java:85)
	at reactor.core.publisher.Operators$ScalarSubscription.request(Operators.java:2573)
	at reactor.core.publisher.Operators$MultiSubscriptionSubscriber.set(Operators.java:2367)
	at reactor.core.publisher.Operators$MultiSubscriptionSubscriber.onSubscribe(Operators.java:2241)
	at reactor.core.publisher.MonoJust.subscribe(MonoJust.java:55)
	at reactor.core.publisher.Mono.subscribe(Mono.java:4576)
	at reactor.core.publisher.FluxSwitchIfEmpty$SwitchIfEmptySubscriber.onComplete(FluxSwitchIfEmpty.java:82)
	at reactor.core.publisher.MonoNext$NextSubscriber.onComplete(MonoNext.java:102)
	at reactor.core.publisher.FluxFilter$FilterSubscriber.onComplete(FluxFilter.java:166)
	at reactor.core.publisher.FluxFlatMap$FlatMapMain.checkTerminated(FluxFlatMap.java:850)
	at reactor.core.publisher.FluxFlatMap$FlatMapMain.drainLoop(FluxFlatMap.java:612)
	at reactor.core.publisher.FluxFlatMap$FlatMapMain.drain(FluxFlatMap.java:592)
	at reactor.core.publisher.FluxFlatMap$FlatMapMain.request(FluxFlatMap.java:349)
	at reactor.core.publisher.FluxFilter$FilterSubscriber.request(FluxFilter.java:186)
	at reactor.core.publisher.MonoNext$NextSubscriber.request(MonoNext.java:108)
	at reactor.core.publisher.Operators$MultiSubscriptionSubscriber.request(Operators.java:2331)
	at reactor.core.publisher.FluxPeekFuseable$PeekConditionalSubscriber.request(FluxPeekFuseable.java:783)
	at reactor.core.publisher.FluxFilter$FilterSubscriber.request(FluxFilter.java:186)
	at reactor.core.publisher.FluxMap$MapSubscriber.request(FluxMap.java:164)
	at reactor.core.publisher.MonoFlatMap$FlatMapMain.request(MonoFlatMap.java:194)
	at reactor.core.publisher.Operators$MultiSubscriptionSubscriber.request(Operators.java:2331)
	at reactor.core.publisher.FluxConcatMapNoPrefetch$FluxConcatMapNoPrefetchSubscriber.request(FluxConcatMapNoPrefetch.java:339)
	at reactor.core.publisher.MonoNext$NextSubscriber.request(MonoNext.java:108)
	at reactor.core.publisher.FluxDefaultIfEmpty$DefaultIfEmptySubscriber.request(FluxDefaultIfEmpty.java:98)
	at reactor.core.publisher.MonoPeekTerminal$MonoTerminalPeekSubscriber.request(MonoPeekTerminal.java:139)
	at reactor.core.publisher.FluxPeekFuseable$PeekFuseableConditionalSubscriber.request(FluxPeekFuseable.java:437)
	at reactor.core.publisher.MonoPeekTerminal$MonoTerminalPeekSubscriber.request(MonoPeekTerminal.java:139)
	at reactor.core.publisher.FluxFilter$FilterSubscriber.request(FluxFilter.java:186)
	at reactor.core.publisher.Operators$MultiSubscriptionSubscriber.set(Operators.java:2367)
	at reactor.core.publisher.Operators$MultiSubscriptionSubscriber.onSubscribe(Operators.java:2241)
	at reactor.core.publisher.FluxFilter$FilterSubscriber.onSubscribe(FluxFilter.java:85)
	at reactor.core.publisher.MonoPeekTerminal$MonoTerminalPeekSubscriber.onSubscribe(MonoPeekTerminal.java:152)
	at reactor.core.publisher.FluxPeekFuseable$PeekFuseableConditionalSubscriber.onSubscribe(FluxPeekFuseable.java:471)
	at reactor.core.publisher.MonoPeekTerminal$MonoTerminalPeekSubscriber.onSubscribe(MonoPeekTerminal.java:152)
	at reactor.core.publisher.Operators$BaseFluxToMonoOperator.onSubscribe(Operators.java:2051)
	at reactor.core.publisher.MonoNext$NextSubscriber.onSubscribe(MonoNext.java:70)
	at reactor.core.publisher.FluxConcatMapNoPrefetch$FluxConcatMapNoPrefetchSubscriber.onSubscribe(FluxConcatMapNoPrefetch.java:164)
	at reactor.core.publisher.FluxIterable.subscribe(FluxIterable.java:201)
	at reactor.core.publisher.FluxIterable.subscribe(FluxIterable.java:83)
	at reactor.core.publisher.InternalMonoOperator.subscribe(InternalMonoOperator.java:76)
	at reactor.core.publisher.MonoDeferContextual.subscribe(MonoDeferContextual.java:55)
	at reactor.core.publisher.InternalMonoOperator.subscribe(InternalMonoOperator.java:76)
	at reactor.core.publisher.MonoDefer.subscribe(MonoDefer.java:53)
	at reactor.core.publisher.InternalMonoOperator.subscribe(InternalMonoOperator.java:76)
	at reactor.core.publisher.MonoDefer.subscribe(MonoDefer.java:53)
	at reactor.core.publisher.Mono.subscribe(Mono.java:4576)
	at reactor.core.publisher.MonoIgnoreThen$ThenIgnoreMain.subscribeNext(MonoIgnoreThen.java:265)
	at reactor.core.publisher.MonoIgnoreThen.subscribe(MonoIgnoreThen.java:51)
	at reactor.core.publisher.Mono.subscribe(Mono.java:4576)
	at reactor.core.publisher.FluxSwitchIfEmpty$SwitchIfEmptySubscriber.onComplete(FluxSwitchIfEmpty.java:82)
	at reactor.core.publisher.FluxFilter$FilterSubscriber.onComplete(FluxFilter.java:166)
	at reactor.core.publisher.FluxPeekFuseable$PeekConditionalSubscriber.onComplete(FluxPeekFuseable.java:940)
	at reactor.core.publisher.FluxSwitchIfEmpty$SwitchIfEmptySubscriber.onComplete(FluxSwitchIfEmpty.java:85)
	at reactor.core.publisher.Operators$ScalarSubscription.request(Operators.java:2573)
	at reactor.core.publisher.Operators$MultiSubscriptionSubscriber.set(Operators.java:2367)
	at reactor.core.publisher.Operators$MultiSubscriptionSubscriber.onSubscribe(Operators.java:2241)
	at reactor.core.publisher.MonoJust.subscribe(MonoJust.java:55)
	at reactor.core.publisher.Mono.subscribe(Mono.java:4576)
	at reactor.core.publisher.FluxSwitchIfEmpty$SwitchIfEmptySubscriber.onComplete(FluxSwitchIfEmpty.java:82)
	at reactor.core.publisher.MonoNext$NextSubscriber.onComplete(MonoNext.java:102)
	at reactor.core.publisher.FluxFilter$FilterSubscriber.onComplete(FluxFilter.java:166)
	at reactor.core.publisher.FluxFlatMap$FlatMapMain.checkTerminated(FluxFlatMap.java:850)
	at reactor.core.publisher.FluxFlatMap$FlatMapMain.drainLoop(FluxFlatMap.java:612)
	at reactor.core.publisher.FluxFlatMap$FlatMapMain.drain(FluxFlatMap.java:592)
	at reactor.core.publisher.FluxFlatMap$FlatMapMain.onComplete(FluxFlatMap.java:469)
	at reactor.core.publisher.FluxPeekFuseable$PeekFuseableSubscriber.onComplete(FluxPeekFuseable.java:277)
	at reactor.core.publisher.FluxIterable$IterableSubscription.slowPath(FluxIterable.java:357)
	at reactor.core.publisher.FluxIterable$IterableSubscription.request(FluxIterable.java:294)
	at reactor.core.publisher.FluxPeekFuseable$PeekFuseableSubscriber.request(FluxPeekFuseable.java:144)
	at reactor.core.publisher.FluxFlatMap$FlatMapMain.onSubscribe(FluxFlatMap.java:373)
	at reactor.core.publisher.FluxPeekFuseable$PeekFuseableSubscriber.onSubscribe(FluxPeekFuseable.java:178)
	at reactor.core.publisher.FluxIterable.subscribe(FluxIterable.java:201)
	at reactor.core.publisher.FluxIterable.subscribe(FluxIterable.java:83)
	at reactor.core.publisher.InternalMonoOperator.subscribe(InternalMonoOperator.java:76)
	at reactor.core.publisher.MonoDefer.subscribe(MonoDefer.java:53)
	at reactor.core.publisher.MonoFlatMap$FlatMapMain.onNext(MonoFlatMap.java:165)
	at reactor.core.publisher.Operators$BaseFluxToMonoOperator.completePossiblyEmpty(Operators.java:2097)
	at reactor.core.publisher.FluxDefaultIfEmpty$DefaultIfEmptySubscriber.onComplete(FluxDefaultIfEmpty.java:134)
	at reactor.core.publisher.FluxMap$MapSubscriber.onComplete(FluxMap.java:144)
	at reactor.core.publisher.FluxMap$MapSubscriber.onComplete(FluxMap.java:144)
	at reactor.core.publisher.FluxFilter$FilterSubscriber.onComplete(FluxFilter.java:166)
	at reactor.core.publisher.FluxMap$MapConditionalSubscriber.onComplete(FluxMap.java:275)
	at reactor.core.publisher.Operators$MonoSubscriber.complete(Operators.java:1866)
	at reactor.core.publisher.MonoCacheTime$CoordinatorSubscriber.signalCached(MonoCacheTime.java:337)
	at reactor.core.publisher.MonoCacheTime$CoordinatorSubscriber.onNext(MonoCacheTime.java:354)
	at reactor.core.publisher.FluxPeek$PeekSubscriber.onNext(FluxPeek.java:200)
	at reactor.core.publisher.FluxSwitchIfEmpty$SwitchIfEmptySubscriber.onNext(FluxSwitchIfEmpty.java:74)
	at reactor.core.publisher.MonoPeekTerminal$MonoTerminalPeekSubscriber.onNext(MonoPeekTerminal.java:180)
	at reactor.core.publisher.MonoPublishOn$PublishOnSubscriber.run(MonoPublishOn.java:181)
	at reactor.core.scheduler.SchedulerTask.call(SchedulerTask.java:68)
	at reactor.core.scheduler.SchedulerTask.call(SchedulerTask.java:28)
	at java.base/java.util.concurrent.FutureTask.run(FutureTask.java:317)
	at java.base/java.util.concurrent.ScheduledThreadPoolExecutor$ScheduledFutureTask.run(ScheduledThreadPoolExecutor.java:304)
	at java.base/java.util.concurrent.ThreadPoolExecutor.runWorker(ThreadPoolExecutor.java:1144)
	at java.base/java.util.concurrent.ThreadPoolExecutor$Worker.run(ThreadPoolExecutor.java:642)
	at java.base/java.lang.Thread.run(Thread.java:1583)
Caused by: java.lang.ClassNotFoundException: com.fasterxml.jackson.databind.util.TokenBuffer$Parser
	at java.base/java.net.URLClassLoader.findClass(URLClassLoader.java:445)
	at java.base/java.lang.ClassLoader.loadClass(ClassLoader.java:593)
	at org.springframework.boot.loader.net.protocol.jar.JarUrlClassLoader.loadClass(JarUrlClassLoader.java:107)
	at org.springframework.boot.loader.launch.LaunchedClassLoader.loadClass(LaunchedClassLoader.java:91)
	at java.base/java.lang.ClassLoader.loadClass(ClassLoader.java:526)
	... 221 common frames omitted

2026-03-20 21:44:28.678  WARN 1297738 [parallel-1] [] reactor.core.Exceptions                  : throwIfFatal detected a jvm fatal exception, which is thrown and logged below:

java.lang.NoClassDefFoundError: com/fasterxml/jackson/databind/util/TokenBuffer$Parser
	at com.fasterxml.jackson.databind.DeserializationContext.bufferForInputBuffering(DeserializationContext.java:562)
	at com.fasterxml.jackson.databind.jsontype.impl.AsPropertyTypeDeserializer.deserializeTypedFromObject(AsPropertyTypeDeserializer.java:140)
	at com.fasterxml.jackson.databind.deser.AbstractDeserializer.deserializeWithType(AbstractDeserializer.java:263)
	at com.fasterxml.jackson.databind.deser.impl.TypeWrappedDeserializer.deserialize(TypeWrappedDeserializer.java:74)
	at com.fasterxml.jackson.databind.deser.DefaultDeserializationContext.readRootValue(DefaultDeserializationContext.java:342)
	at com.fasterxml.jackson.databind.ObjectReader._bindAndClose(ObjectReader.java:2125)
	at com.fasterxml.jackson.databind.ObjectReader.readValue(ObjectReader.java:1501)
	at org.springframework.http.codec.json.AbstractJackson2Decoder.decode(AbstractJackson2Decoder.java:213)
	at org.springframework.http.codec.json.AbstractJackson2Decoder.lambda$decodeToMono$2(AbstractJackson2Decoder.java:198)
	at reactor.core.publisher.MonoFlatMap$FlatMapMain.onNext(MonoFlatMap.java:132)
	at reactor.core.publisher.FluxContextWrite$ContextWriteSubscriber.onNext(FluxContextWrite.java:107)
	at reactor.core.publisher.FluxMapFuseable$MapFuseableConditionalSubscriber.onNext(FluxMapFuseable.java:299)
	at reactor.core.publisher.FluxFilterFuseable$FilterFuseableConditionalSubscriber.onNext(FluxFilterFuseable.java:337)
	at reactor.core.publisher.Operators$BaseFluxToMonoOperator.completePossiblyEmpty(Operators.java:2097)
	at reactor.core.publisher.MonoCollect$CollectSubscriber.onComplete(MonoCollect.java:145)
	at org.springframework.http.server.reactive.AbstractListenerReadPublisher$State.onAllDataRead(AbstractListenerReadPublisher.java:501)
	at org.springframework.http.server.reactive.AbstractListenerReadPublisher.handlePendingCompletionOrError(AbstractListenerReadPublisher.java:249)
	at org.springframework.http.server.reactive.AbstractListenerReadPublisher$State$4.onDataAvailable(AbstractListenerReadPublisher.java:404)
	at org.springframework.http.server.reactive.AbstractListenerReadPublisher.onDataAvailable(AbstractListenerReadPublisher.java:125)
	at org.springframework.http.server.reactive.ServletServerHttpRequest$RequestBodyPublisher.checkOnDataAvailable(ServletServerHttpRequest.java:343)
	at org.springframework.http.server.reactive.AbstractListenerReadPublisher.changeToDemandState(AbstractListenerReadPublisher.java:239)
	at org.springframework.http.server.reactive.AbstractListenerReadPublisher$State$2.request(AbstractListenerReadPublisher.java:354)
	at org.springframework.http.server.reactive.AbstractListenerReadPublisher$ReadSubscription.request(AbstractListenerReadPublisher.java:280)
	at reactor.core.publisher.Operators$BaseFluxToMonoOperator.request(Operators.java:2067)
	at reactor.core.publisher.FluxFilterFuseable$FilterFuseableConditionalSubscriber.request(FluxFilterFuseable.java:411)
	at reactor.core.publisher.FluxMapFuseable$MapFuseableConditionalSubscriber.request(FluxMapFuseable.java:360)
	at reactor.core.publisher.FluxContextWrite$ContextWriteSubscriber.request(FluxContextWrite.java:136)
	at reactor.core.publisher.MonoFlatMap$FlatMapMain.request(MonoFlatMap.java:194)
	at reactor.core.publisher.Operators$MultiSubscriptionSubscriber.set(Operators.java:2367)
	at reactor.core.publisher.FluxOnErrorResume$ResumeSubscriber.onSubscribe(FluxOnErrorResume.java:74)
	at reactor.core.publisher.MonoFlatMap$FlatMapMain.onSubscribe(MonoFlatMap.java:117)
	at reactor.core.publisher.FluxContextWrite$ContextWriteSubscriber.onSubscribe(FluxContextWrite.java:101)
	at reactor.core.publisher.FluxMapFuseable$MapFuseableConditionalSubscriber.onSubscribe(FluxMapFuseable.java:265)
	at reactor.core.publisher.FluxFilterFuseable$FilterFuseableConditionalSubscriber.onSubscribe(FluxFilterFuseable.java:305)
	at reactor.core.publisher.Operators$BaseFluxToMonoOperator.onSubscribe(Operators.java:2051)
	at org.springframework.http.server.reactive.AbstractListenerReadPublisher$State$1.subscribe(AbstractListenerReadPublisher.java:322)
	at org.springframework.http.server.reactive.AbstractListenerReadPublisher.subscribe(AbstractListenerReadPublisher.java:112)
	at reactor.core.publisher.FluxSource.subscribe(FluxSource.java:71)
	at reactor.core.publisher.InternalMonoOperator.subscribe(InternalMonoOperator.java:76)
	at reactor.core.publisher.MonoDeferContextual.subscribe(MonoDeferContextual.java:55)
	at reactor.core.publisher.InternalMonoOperator.subscribe(InternalMonoOperator.java:76)
	at reactor.core.publisher.MonoZip$ZipCoordinator.request(MonoZip.java:220)
	at reactor.core.publisher.MonoFlatMap$FlatMapMain.request(MonoFlatMap.java:194)
	at reactor.core.publisher.MonoIgnoreThen$ThenIgnoreMain.onSubscribe(MonoIgnoreThen.java:135)
	at reactor.core.publisher.MonoFlatMap$FlatMapMain.onSubscribe(MonoFlatMap.java:117)
	at reactor.core.publisher.MonoZip.subscribe(MonoZip.java:129)
	at reactor.core.publisher.InternalMonoOperator.subscribe(InternalMonoOperator.java:76)
	at reactor.core.publisher.MonoDefer.subscribe(MonoDefer.java:53)
	at reactor.core.publisher.MonoIgnoreThen$ThenIgnoreMain.subscribeNext(MonoIgnoreThen.java:241)
	at reactor.core.publisher.MonoIgnoreThen$ThenIgnoreMain.onComplete(MonoIgnoreThen.java:204)
	at reactor.core.publisher.MonoFlatMap$FlatMapMain.onComplete(MonoFlatMap.java:189)
	at reactor.core.publisher.Operators.complete(Operators.java:137)
	at reactor.core.publisher.MonoZip.subscribe(MonoZip.java:121)
	at reactor.core.publisher.Mono.subscribe(Mono.java:4576)
	at reactor.core.publisher.MonoIgnoreThen$ThenIgnoreMain.subscribeNext(MonoIgnoreThen.java:265)
	at reactor.core.publisher.MonoIgnoreThen.subscribe(MonoIgnoreThen.java:51)
	at reactor.core.publisher.InternalMonoOperator.subscribe(InternalMonoOperator.java:76)
	at reactor.core.publisher.MonoFlatMap$FlatMapMain.onNext(MonoFlatMap.java:165)
	at reactor.core.publisher.FluxOnErrorResume$ResumeSubscriber.onNext(FluxOnErrorResume.java:79)
	at reactor.core.publisher.FluxSwitchIfEmpty$SwitchIfEmptySubscriber.onNext(FluxSwitchIfEmpty.java:74)
	at reactor.core.publisher.MonoNext$NextSubscriber.onNext(MonoNext.java:82)
	at reactor.core.publisher.FluxConcatMapNoPrefetch$FluxConcatMapNoPrefetchSubscriber.innerNext(FluxConcatMapNoPrefetch.java:259)
	at reactor.core.publisher.FluxConcatMap$ConcatMapInner.onNext(FluxConcatMap.java:865)
	at reactor.core.publisher.FluxMapFuseable$MapFuseableSubscriber.onNext(FluxMapFuseable.java:129)
	at reactor.core.publisher.MonoPeekTerminal$MonoTerminalPeekSubscriber.onNext(MonoPeekTerminal.java:180)
	at reactor.core.publisher.Operators$ScalarSubscription.request(Operators.java:2571)
	at reactor.core.publisher.MonoPeekTerminal$MonoTerminalPeekSubscriber.request(MonoPeekTerminal.java:139)
	at reactor.core.publisher.FluxMapFuseable$MapFuseableSubscriber.request(FluxMapFuseable.java:171)
	at reactor.core.publisher.Operators$MultiSubscriptionSubscriber.request(Operators.java:2331)
	at reactor.core.publisher.FluxConcatMapNoPrefetch$FluxConcatMapNoPrefetchSubscriber.request(FluxConcatMapNoPrefetch.java:339)
	at reactor.core.publisher.MonoNext$NextSubscriber.request(MonoNext.java:108)
	at reactor.core.publisher.Operators$MultiSubscriptionSubscriber.set(Operators.java:2367)
	at reactor.core.publisher.Operators$MultiSubscriptionSubscriber.onSubscribe(Operators.java:2241)
	at reactor.core.publisher.MonoNext$NextSubscriber.onSubscribe(MonoNext.java:70)
	at reactor.core.publisher.FluxConcatMapNoPrefetch$FluxConcatMapNoPrefetchSubscriber.onSubscribe(FluxConcatMapNoPrefetch.java:164)
	at reactor.core.publisher.FluxIterable.subscribe(FluxIterable.java:201)
	at reactor.core.publisher.FluxIterable.subscribe(FluxIterable.java:83)
	at reactor.core.publisher.InternalMonoOperator.subscribe(InternalMonoOperator.java:76)
	at reactor.core.publisher.MonoDefer.subscribe(MonoDefer.java:53)
	at reactor.core.publisher.InternalMonoOperator.subscribe(InternalMonoOperator.java:76)
	at reactor.core.publisher.MonoDefer.subscribe(MonoDefer.java:53)
	at reactor.core.publisher.InternalMonoOperator.subscribe(InternalMonoOperator.java:76)
	at reactor.core.publisher.MonoDeferContextual.subscribe(MonoDeferContextual.java:55)
	at reactor.core.publisher.MonoDefer.subscribe(MonoDefer.java:53)
	at reactor.core.publisher.Mono.subscribe(Mono.java:4576)
	at reactor.core.publisher.FluxSwitchIfEmpty$SwitchIfEmptySubscriber.onComplete(FluxSwitchIfEmpty.java:82)
	at reactor.core.publisher.MonoPeekTerminal$MonoTerminalPeekSubscriber.onComplete(MonoPeekTerminal.java:299)
	at reactor.core.publisher.MonoPeekTerminal$MonoTerminalPeekSubscriber.onComplete(MonoPeekTerminal.java:299)
	at reactor.core.publisher.MonoFlatMap$FlatMapMain.onNext(MonoFlatMap.java:155)
	at reactor.core.publisher.FluxSwitchIfEmpty$SwitchIfEmptySubscriber.onNext(FluxSwitchIfEmpty.java:74)
	at reactor.core.publisher.FluxFilter$FilterSubscriber.onNext(FluxFilter.java:113)
	at reactor.core.publisher.MonoPeekTerminal$MonoTerminalPeekSubscriber.onNext(MonoPeekTerminal.java:180)
	at reactor.core.publisher.FluxPeekFuseable$PeekFuseableConditionalSubscriber.onNext(FluxPeekFuseable.java:503)
	at reactor.core.publisher.MonoPeekTerminal$MonoTerminalPeekSubscriber.onNext(MonoPeekTerminal.java:180)
	at reactor.core.publisher.FluxDefaultIfEmpty$DefaultIfEmptySubscriber.onNext(FluxDefaultIfEmpty.java:122)
	at reactor.core.publisher.MonoNext$NextSubscriber.onNext(MonoNext.java:82)
	at reactor.core.publisher.FluxConcatMapNoPrefetch$FluxConcatMapNoPrefetchSubscriber.innerNext(FluxConcatMapNoPrefetch.java:259)
	at reactor.core.publisher.FluxConcatMap$ConcatMapInner.onNext(FluxConcatMap.java:865)
	at reactor.core.publisher.MonoFlatMap$FlatMapMain.onNext(MonoFlatMap.java:158)
	at reactor.core.publisher.FluxMap$MapSubscriber.onNext(FluxMap.java:122)
	at reactor.core.publisher.FluxFilter$FilterSubscriber.onNext(FluxFilter.java:113)
	at reactor.core.publisher.FluxPeekFuseable$PeekConditionalSubscriber.onNext(FluxPeekFuseable.java:854)
	at reactor.core.publisher.FluxSwitchIfEmpty$SwitchIfEmptySubscriber.onNext(FluxSwitchIfEmpty.java:74)
	at reactor.core.publisher.MonoNext$NextSubscriber.onNext(MonoNext.java:82)
	at reactor.core.publisher.FluxFilter$FilterSubscriber.onNext(FluxFilter.java:113)
	at reactor.core.publisher.FluxFlatMap$FlatMapMain.tryEmitScalar(FluxFlatMap.java:492)
	at reactor.core.publisher.FluxFlatMap$FlatMapMain.onNext(FluxFlatMap.java:424)
	at reactor.core.publisher.FluxPeekFuseable$PeekFuseableSubscriber.onNext(FluxPeekFuseable.java:210)
	at reactor.core.publisher.FluxIterable$IterableSubscription.slowPath(FluxIterable.java:335)
	at reactor.core.publisher.FluxIterable$IterableSubscription.request(FluxIterable.java:294)
	at reactor.core.publisher.FluxPeekFuseable$PeekFuseableSubscriber.request(FluxPeekFuseable.java:144)
	at reactor.core.publisher.FluxFlatMap$FlatMapMain.onSubscribe(FluxFlatMap.java:373)
	at reactor.core.publisher.FluxPeekFuseable$PeekFuseableSubscriber.onSubscribe(FluxPeekFuseable.java:178)
	at reactor.core.publisher.FluxIterable.subscribe(FluxIterable.java:201)
	at reactor.core.publisher.FluxIterable.subscribe(FluxIterable.java:83)
	at reactor.core.publisher.Mono.subscribe(Mono.java:4576)
	at reactor.core.publisher.FluxConcatMapNoPrefetch$FluxConcatMapNoPrefetchSubscriber.onNext(FluxConcatMapNoPrefetch.java:207)
	at reactor.core.publisher.FluxIterable$IterableSubscription.slowPath(FluxIterable.java:335)
	at reactor.core.publisher.FluxIterable$IterableSubscription.request(FluxIterable.java:294)
	at reactor.core.publisher.FluxConcatMapNoPrefetch$FluxConcatMapNoPrefetchSubscriber.innerComplete(FluxConcatMapNoPrefetch.java:275)
	at reactor.core.publisher.FluxConcatMap$ConcatMapInner.onComplete(FluxConcatMap.java:889)
	at reactor.core.publisher.MonoFlatMap$FlatMapMain.onComplete(MonoFlatMap.java:189)
	at reactor.core.publisher.FluxMap$MapSubscriber.onComplete(FluxMap.java:144)
	at reactor.core.publisher.FluxFilter$FilterSubscriber.onComplete(FluxFilter.java:166)
	at reactor.core.publisher.FluxPeekFuseable$PeekConditionalSubscriber.onComplete(FluxPeekFuseable.java:940)
	at reactor.core.publisher.FluxSwitchIfEmpty$SwitchIfEmptySubscriber.onComplete(FluxSwitchIfEmpty.java:85)
	at reactor.core.publisher.Operators$ScalarSubscription.request(Operators.java:2573)
	at reactor.core.publisher.Operators$MultiSubscriptionSubscriber.set(Operators.java:2367)
	at reactor.core.publisher.Operators$MultiSubscriptionSubscriber.onSubscribe(Operators.java:2241)
	at reactor.core.publisher.MonoJust.subscribe(MonoJust.java:55)
	at reactor.core.publisher.Mono.subscribe(Mono.java:4576)
	at reactor.core.publisher.FluxSwitchIfEmpty$SwitchIfEmptySubscriber.onComplete(FluxSwitchIfEmpty.java:82)
	at reactor.core.publisher.MonoNext$NextSubscriber.onComplete(MonoNext.java:102)
	at reactor.core.publisher.FluxFilter$FilterSubscriber.onComplete(FluxFilter.java:166)
	at reactor.core.publisher.FluxFlatMap$FlatMapMain.checkTerminated(FluxFlatMap.java:850)
	at reactor.core.publisher.FluxFlatMap$FlatMapMain.drainLoop(FluxFlatMap.java:612)
	at reactor.core.publisher.FluxFlatMap$FlatMapMain.drain(FluxFlatMap.java:592)
	at reactor.core.publisher.FluxFlatMap$FlatMapMain.request(FluxFlatMap.java:349)
	at reactor.core.publisher.FluxFilter$FilterSubscriber.request(FluxFilter.java:186)
	at reactor.core.publisher.MonoNext$NextSubscriber.request(MonoNext.java:108)
	at reactor.core.publisher.Operators$MultiSubscriptionSubscriber.request(Operators.java:2331)
	at reactor.core.publisher.FluxPeekFuseable$PeekConditionalSubscriber.request(FluxPeekFuseable.java:783)
	at reactor.core.publisher.FluxFilter$FilterSubscriber.request(FluxFilter.java:186)
	at reactor.core.publisher.FluxMap$MapSubscriber.request(FluxMap.java:164)
	at reactor.core.publisher.MonoFlatMap$FlatMapMain.request(MonoFlatMap.java:194)
	at reactor.core.publisher.Operators$MultiSubscriptionSubscriber.request(Operators.java:2331)
	at reactor.core.publisher.FluxConcatMapNoPrefetch$FluxConcatMapNoPrefetchSubscriber.request(FluxConcatMapNoPrefetch.java:339)
	at reactor.core.publisher.MonoNext$NextSubscriber.request(MonoNext.java:108)
	at reactor.core.publisher.FluxDefaultIfEmpty$DefaultIfEmptySubscriber.request(FluxDefaultIfEmpty.java:98)
	at reactor.core.publisher.MonoPeekTerminal$MonoTerminalPeekSubscriber.request(MonoPeekTerminal.java:139)
	at reactor.core.publisher.FluxPeekFuseable$PeekFuseableConditionalSubscriber.request(FluxPeekFuseable.java:437)
	at reactor.core.publisher.MonoPeekTerminal$MonoTerminalPeekSubscriber.request(MonoPeekTerminal.java:139)
	at reactor.core.publisher.FluxFilter$FilterSubscriber.request(FluxFilter.java:186)
	at reactor.core.publisher.Operators$MultiSubscriptionSubscriber.set(Operators.java:2367)
	at reactor.core.publisher.Operators$MultiSubscriptionSubscriber.onSubscribe(Operators.java:2241)
	at reactor.core.publisher.FluxFilter$FilterSubscriber.onSubscribe(FluxFilter.java:85)
	at reactor.core.publisher.MonoPeekTerminal$MonoTerminalPeekSubscriber.onSubscribe(MonoPeekTerminal.java:152)
	at reactor.core.publisher.FluxPeekFuseable$PeekFuseableConditionalSubscriber.onSubscribe(FluxPeekFuseable.java:471)
	at reactor.core.publisher.MonoPeekTerminal$MonoTerminalPeekSubscriber.onSubscribe(MonoPeekTerminal.java:152)
	at reactor.core.publisher.Operators$BaseFluxToMonoOperator.onSubscribe(Operators.java:2051)
	at reactor.core.publisher.MonoNext$NextSubscriber.onSubscribe(MonoNext.java:70)
	at reactor.core.publisher.FluxConcatMapNoPrefetch$FluxConcatMapNoPrefetchSubscriber.onSubscribe(FluxConcatMapNoPrefetch.java:164)
	at reactor.core.publisher.FluxIterable.subscribe(FluxIterable.java:201)
	at reactor.core.publisher.FluxIterable.subscribe(FluxIterable.java:83)
	at reactor.core.publisher.InternalMonoOperator.subscribe(InternalMonoOperator.java:76)
	at reactor.core.publisher.MonoDeferContextual.subscribe(MonoDeferContextual.java:55)
	at reactor.core.publisher.InternalMonoOperator.subscribe(InternalMonoOperator.java:76)
	at reactor.core.publisher.MonoDefer.subscribe(MonoDefer.java:53)
	at reactor.core.publisher.InternalMonoOperator.subscribe(InternalMonoOperator.java:76)
	at reactor.core.publisher.MonoDefer.subscribe(MonoDefer.java:53)
	at reactor.core.publisher.Mono.subscribe(Mono.java:4576)
	at reactor.core.publisher.MonoIgnoreThen$ThenIgnoreMain.subscribeNext(MonoIgnoreThen.java:265)
	at reactor.core.publisher.MonoIgnoreThen.subscribe(MonoIgnoreThen.java:51)
	at reactor.core.publisher.Mono.subscribe(Mono.java:4576)
	at reactor.core.publisher.FluxSwitchIfEmpty$SwitchIfEmptySubscriber.onComplete(FluxSwitchIfEmpty.java:82)
	at reactor.core.publisher.FluxFilter$FilterSubscriber.onComplete(FluxFilter.java:166)
	at reactor.core.publisher.FluxPeekFuseable$PeekConditionalSubscriber.onComplete(FluxPeekFuseable.java:940)
	at reactor.core.publisher.FluxSwitchIfEmpty$SwitchIfEmptySubscriber.onComplete(FluxSwitchIfEmpty.java:85)
	at reactor.core.publisher.Operators$ScalarSubscription.request(Operators.java:2573)
	at reactor.core.publisher.Operators$MultiSubscriptionSubscriber.set(Operators.java:2367)
	at reactor.core.publisher.Operators$MultiSubscriptionSubscriber.onSubscribe(Operators.java:2241)
	at reactor.core.publisher.MonoJust.subscribe(MonoJust.java:55)
	at reactor.core.publisher.Mono.subscribe(Mono.java:4576)
	at reactor.core.publisher.FluxSwitchIfEmpty$SwitchIfEmptySubscriber.onComplete(FluxSwitchIfEmpty.java:82)
	at reactor.core.publisher.MonoNext$NextSubscriber.onComplete(MonoNext.java:102)
	at reactor.core.publisher.FluxFilter$FilterSubscriber.onComplete(FluxFilter.java:166)
	at reactor.core.publisher.FluxFlatMap$FlatMapMain.checkTerminated(FluxFlatMap.java:850)
	at reactor.core.publisher.FluxFlatMap$FlatMapMain.drainLoop(FluxFlatMap.java:612)
	at reactor.core.publisher.FluxFlatMap$FlatMapMain.drain(FluxFlatMap.java:592)
	at reactor.core.publisher.FluxFlatMap$FlatMapMain.onComplete(FluxFlatMap.java:469)
	at reactor.core.publisher.FluxPeekFuseable$PeekFuseableSubscriber.onComplete(FluxPeekFuseable.java:277)
	at reactor.core.publisher.FluxIterable$IterableSubscription.slowPath(FluxIterable.java:357)
	at reactor.core.publisher.FluxIterable$IterableSubscription.request(FluxIterable.java:294)
	at reactor.core.publisher.FluxPeekFuseable$PeekFuseableSubscriber.request(FluxPeekFuseable.java:144)
	at reactor.core.publisher.FluxFlatMap$FlatMapMain.onSubscribe(FluxFlatMap.java:373)
	at reactor.core.publisher.FluxPeekFuseable$PeekFuseableSubscriber.onSubscribe(FluxPeekFuseable.java:178)
	at reactor.core.publisher.FluxIterable.subscribe(FluxIterable.java:201)
	at reactor.core.publisher.FluxIterable.subscribe(FluxIterable.java:83)
	at reactor.core.publisher.InternalMonoOperator.subscribe(InternalMonoOperator.java:76)
	at reactor.core.publisher.MonoDefer.subscribe(MonoDefer.java:53)
	at reactor.core.publisher.MonoFlatMap$FlatMapMain.onNext(MonoFlatMap.java:165)
	at reactor.core.publisher.Operators$BaseFluxToMonoOperator.completePossiblyEmpty(Operators.java:2097)
	at reactor.core.publisher.FluxDefaultIfEmpty$DefaultIfEmptySubscriber.onComplete(FluxDefaultIfEmpty.java:134)
	at reactor.core.publisher.FluxMap$MapSubscriber.onComplete(FluxMap.java:144)
	at reactor.core.publisher.FluxMap$MapSubscriber.onComplete(FluxMap.java:144)
	at reactor.core.publisher.FluxFilter$FilterSubscriber.onComplete(FluxFilter.java:166)
	at reactor.core.publisher.FluxMap$MapConditionalSubscriber.onComplete(FluxMap.java:275)
	at reactor.core.publisher.Operators$MonoSubscriber.complete(Operators.java:1866)
	at reactor.core.publisher.MonoCacheTime$CoordinatorSubscriber.signalCached(MonoCacheTime.java:337)
	at reactor.core.publisher.MonoCacheTime$CoordinatorSubscriber.onNext(MonoCacheTime.java:354)
	at reactor.core.publisher.FluxPeek$PeekSubscriber.onNext(FluxPeek.java:200)
	at reactor.core.publisher.FluxSwitchIfEmpty$SwitchIfEmptySubscriber.onNext(FluxSwitchIfEmpty.java:74)
	at reactor.core.publisher.MonoPeekTerminal$MonoTerminalPeekSubscriber.onNext(MonoPeekTerminal.java:180)
	at reactor.core.publisher.MonoPublishOn$PublishOnSubscriber.run(MonoPublishOn.java:181)
	at reactor.core.scheduler.SchedulerTask.call(SchedulerTask.java:68)
	at reactor.core.scheduler.SchedulerTask.call(SchedulerTask.java:28)
	at java.base/java.util.concurrent.FutureTask.run(FutureTask.java:317)
	at java.base/java.util.concurrent.ScheduledThreadPoolExecutor$ScheduledFutureTask.run(ScheduledThreadPoolExecutor.java:304)
	at java.base/java.util.concurrent.ThreadPoolExecutor.runWorker(ThreadPoolExecutor.java:1144)
	at java.base/java.util.concurrent.ThreadPoolExecutor$Worker.run(ThreadPoolExecutor.java:642)
	at java.base/java.lang.Thread.run(Thread.java:1583)
Caused by: java.lang.ClassNotFoundException: com.fasterxml.jackson.databind.util.TokenBuffer$Parser
	at java.base/java.net.URLClassLoader.findClass(URLClassLoader.java:445)
	at java.base/java.lang.ClassLoader.loadClass(ClassLoader.java:593)
	at org.springframework.boot.loader.net.protocol.jar.JarUrlClassLoader.loadClass(JarUrlClassLoader.java:107)
	at org.springframework.boot.loader.launch.LaunchedClassLoader.loadClass(LaunchedClassLoader.java:91)
	at java.base/java.lang.ClassLoader.loadClass(ClassLoader.java:526)
	... 221 common frames omitted

2026-03-20 21:44:28.683  WARN 1297738 [parallel-1] [] reactor.core.Exceptions                  : throwIfFatal detected a jvm fatal exception, which is thrown and logged below:

java.lang.NoClassDefFoundError: reactor/core/publisher/OnNextFailureStrategy$1
	at reactor.core.publisher.OnNextFailureStrategy.<clinit>(OnNextFailureStrategy.java:146)
	at reactor.core.publisher.Operators.onNextErrorStrategy(Operators.java:809)
	at reactor.core.publisher.Operators.onNextError(Operators.java:892)
	at reactor.core.publisher.FluxConcatMapNoPrefetch$FluxConcatMapNoPrefetchSubscriber.onNext(FluxConcatMapNoPrefetch.java:212)
	at reactor.core.publisher.FluxIterable$IterableSubscription.slowPath(FluxIterable.java:335)
	at reactor.core.publisher.FluxIterable$IterableSubscription.request(FluxIterable.java:294)
	at reactor.core.publisher.FluxConcatMapNoPrefetch$FluxConcatMapNoPrefetchSubscriber.innerComplete(FluxConcatMapNoPrefetch.java:275)
	at reactor.core.publisher.FluxConcatMap$ConcatMapInner.onComplete(FluxConcatMap.java:889)
	at reactor.core.publisher.MonoFlatMap$FlatMapMain.onComplete(MonoFlatMap.java:189)
	at reactor.core.publisher.FluxMap$MapSubscriber.onComplete(FluxMap.java:144)
	at reactor.core.publisher.FluxFilter$FilterSubscriber.onComplete(FluxFilter.java:166)
	at reactor.core.publisher.FluxPeekFuseable$PeekConditionalSubscriber.onComplete(FluxPeekFuseable.java:940)
	at reactor.core.publisher.FluxSwitchIfEmpty$SwitchIfEmptySubscriber.onComplete(FluxSwitchIfEmpty.java:85)
	at reactor.core.publisher.Operators$ScalarSubscription.request(Operators.java:2573)
	at reactor.core.publisher.Operators$MultiSubscriptionSubscriber.set(Operators.java:2367)
	at reactor.core.publisher.Operators$MultiSubscriptionSubscriber.onSubscribe(Operators.java:2241)
	at reactor.core.publisher.MonoJust.subscribe(MonoJust.java:55)
	at reactor.core.publisher.Mono.subscribe(Mono.java:4576)
	at reactor.core.publisher.FluxSwitchIfEmpty$SwitchIfEmptySubscriber.onComplete(FluxSwitchIfEmpty.java:82)
	at reactor.core.publisher.MonoNext$NextSubscriber.onComplete(MonoNext.java:102)
	at reactor.core.publisher.FluxFilter$FilterSubscriber.onComplete(FluxFilter.java:166)
	at reactor.core.publisher.FluxFlatMap$FlatMapMain.checkTerminated(FluxFlatMap.java:850)
	at reactor.core.publisher.FluxFlatMap$FlatMapMain.drainLoop(FluxFlatMap.java:612)
	at reactor.core.publisher.FluxFlatMap$FlatMapMain.drain(FluxFlatMap.java:592)
	at reactor.core.publisher.FluxFlatMap$FlatMapMain.request(FluxFlatMap.java:349)
	at reactor.core.publisher.FluxFilter$FilterSubscriber.request(FluxFilter.java:186)
	at reactor.core.publisher.MonoNext$NextSubscriber.request(MonoNext.java:108)
	at reactor.core.publisher.Operators$MultiSubscriptionSubscriber.request(Operators.java:2331)
	at reactor.core.publisher.FluxPeekFuseable$PeekConditionalSubscriber.request(FluxPeekFuseable.java:783)
	at reactor.core.publisher.FluxFilter$FilterSubscriber.request(FluxFilter.java:186)
	at reactor.core.publisher.FluxMap$MapSubscriber.request(FluxMap.java:164)
	at reactor.core.publisher.MonoFlatMap$FlatMapMain.request(MonoFlatMap.java:194)
	at reactor.core.publisher.Operators$MultiSubscriptionSubscriber.request(Operators.java:2331)
	at reactor.core.publisher.FluxConcatMapNoPrefetch$FluxConcatMapNoPrefetchSubscriber.request(FluxConcatMapNoPrefetch.java:339)
	at reactor.core.publisher.MonoNext$NextSubscriber.request(MonoNext.java:108)
	at reactor.core.publisher.FluxDefaultIfEmpty$DefaultIfEmptySubscriber.request(FluxDefaultIfEmpty.java:98)
	at reactor.core.publisher.MonoPeekTerminal$MonoTerminalPeekSubscriber.request(MonoPeekTerminal.java:139)
	at reactor.core.publisher.FluxPeekFuseable$PeekFuseableConditionalSubscriber.request(FluxPeekFuseable.java:437)
	at reactor.core.publisher.MonoPeekTerminal$MonoTerminalPeekSubscriber.request(MonoPeekTerminal.java:139)
	at reactor.core.publisher.FluxFilter$FilterSubscriber.request(FluxFilter.java:186)
	at reactor.core.publisher.Operators$MultiSubscriptionSubscriber.set(Operators.java:2367)
	at reactor.core.publisher.Operators$MultiSubscriptionSubscriber.onSubscribe(Operators.java:2241)
	at reactor.core.publisher.FluxFilter$FilterSubscriber.onSubscribe(FluxFilter.java:85)
	at reactor.core.publisher.MonoPeekTerminal$MonoTerminalPeekSubscriber.onSubscribe(MonoPeekTerminal.java:152)
	at reactor.core.publisher.FluxPeekFuseable$PeekFuseableConditionalSubscriber.onSubscribe(FluxPeekFuseable.java:471)
	at reactor.core.publisher.MonoPeekTerminal$MonoTerminalPeekSubscriber.onSubscribe(MonoPeekTerminal.java:152)
	at reactor.core.publisher.Operators$BaseFluxToMonoOperator.onSubscribe(Operators.java:2051)
	at reactor.core.publisher.MonoNext$NextSubscriber.onSubscribe(MonoNext.java:70)
	at reactor.core.publisher.FluxConcatMapNoPrefetch$FluxConcatMapNoPrefetchSubscriber.onSubscribe(FluxConcatMapNoPrefetch.java:164)
	at reactor.core.publisher.FluxIterable.subscribe(FluxIterable.java:201)
	at reactor.core.publisher.FluxIterable.subscribe(FluxIterable.java:83)
	at reactor.core.publisher.InternalMonoOperator.subscribe(InternalMonoOperator.java:76)
	at reactor.core.publisher.MonoDeferContextual.subscribe(MonoDeferContextual.java:55)
	at reactor.core.publisher.InternalMonoOperator.subscribe(InternalMonoOperator.java:76)
	at reactor.core.publisher.MonoDefer.subscribe(MonoDefer.java:53)
	at reactor.core.publisher.InternalMonoOperator.subscribe(InternalMonoOperator.java:76)
	at reactor.core.publisher.MonoDefer.subscribe(MonoDefer.java:53)
	at reactor.core.publisher.Mono.subscribe(Mono.java:4576)
	at reactor.core.publisher.MonoIgnoreThen$ThenIgnoreMain.subscribeNext(MonoIgnoreThen.java:265)
	at reactor.core.publisher.MonoIgnoreThen.subscribe(MonoIgnoreThen.java:51)
	at reactor.core.publisher.Mono.subscribe(Mono.java:4576)
	at reactor.core.publisher.FluxSwitchIfEmpty$SwitchIfEmptySubscriber.onComplete(FluxSwitchIfEmpty.java:82)
	at reactor.core.publisher.FluxFilter$FilterSubscriber.onComplete(FluxFilter.java:166)
	at reactor.core.publisher.FluxPeekFuseable$PeekConditionalSubscriber.onComplete(FluxPeekFuseable.java:940)
	at reactor.core.publisher.FluxSwitchIfEmpty$SwitchIfEmptySubscriber.onComplete(FluxSwitchIfEmpty.java:85)
	at reactor.core.publisher.Operators$ScalarSubscription.request(Operators.java:2573)
	at reactor.core.publisher.Operators$MultiSubscriptionSubscriber.set(Operators.java:2367)
	at reactor.core.publisher.Operators$MultiSubscriptionSubscriber.onSubscribe(Operators.java:2241)
	at reactor.core.publisher.MonoJust.subscribe(MonoJust.java:55)
	at reactor.core.publisher.Mono.subscribe(Mono.java:4576)
	at reactor.core.publisher.FluxSwitchIfEmpty$SwitchIfEmptySubscriber.onComplete(FluxSwitchIfEmpty.java:82)
	at reactor.core.publisher.MonoNext$NextSubscriber.onComplete(MonoNext.java:102)
	at reactor.core.publisher.FluxFilter$FilterSubscriber.onComplete(FluxFilter.java:166)
	at reactor.core.publisher.FluxFlatMap$FlatMapMain.checkTerminated(FluxFlatMap.java:850)
	at reactor.core.publisher.FluxFlatMap$FlatMapMain.drainLoop(FluxFlatMap.java:612)
	at reactor.core.publisher.FluxFlatMap$FlatMapMain.drain(FluxFlatMap.java:592)
	at reactor.core.publisher.FluxFlatMap$FlatMapMain.onComplete(FluxFlatMap.java:469)
	at reactor.core.publisher.FluxPeekFuseable$PeekFuseableSubscriber.onComplete(FluxPeekFuseable.java:277)
	at reactor.core.publisher.FluxIterable$IterableSubscription.slowPath(FluxIterable.java:357)
	at reactor.core.publisher.FluxIterable$IterableSubscription.request(FluxIterable.java:294)
	at reactor.core.publisher.FluxPeekFuseable$PeekFuseableSubscriber.request(FluxPeekFuseable.java:144)
	at reactor.core.publisher.FluxFlatMap$FlatMapMain.onSubscribe(FluxFlatMap.java:373)
	at reactor.core.publisher.FluxPeekFuseable$PeekFuseableSubscriber.onSubscribe(FluxPeekFuseable.java:178)
	at reactor.core.publisher.FluxIterable.subscribe(FluxIterable.java:201)
	at reactor.core.publisher.FluxIterable.subscribe(FluxIterable.java:83)
	at reactor.core.publisher.InternalMonoOperator.subscribe(InternalMonoOperator.java:76)
	at reactor.core.publisher.MonoDefer.subscribe(MonoDefer.java:53)
	at reactor.core.publisher.MonoFlatMap$FlatMapMain.onNext(MonoFlatMap.java:165)
	at reactor.core.publisher.Operators$BaseFluxToMonoOperator.completePossiblyEmpty(Operators.java:2097)
	at reactor.core.publisher.FluxDefaultIfEmpty$DefaultIfEmptySubscriber.onComplete(FluxDefaultIfEmpty.java:134)
	at reactor.core.publisher.FluxMap$MapSubscriber.onComplete(FluxMap.java:144)
	at reactor.core.publisher.FluxMap$MapSubscriber.onComplete(FluxMap.java:144)
	at reactor.core.publisher.FluxFilter$FilterSubscriber.onComplete(FluxFilter.java:166)
	at reactor.core.publisher.FluxMap$MapConditionalSubscriber.onComplete(FluxMap.java:275)
	at reactor.core.publisher.Operators$MonoSubscriber.complete(Operators.java:1866)
	at reactor.core.publisher.MonoCacheTime$CoordinatorSubscriber.signalCached(MonoCacheTime.java:337)
	at reactor.core.publisher.MonoCacheTime$CoordinatorSubscriber.onNext(MonoCacheTime.java:354)
	at reactor.core.publisher.FluxPeek$PeekSubscriber.onNext(FluxPeek.java:200)
	at reactor.core.publisher.FluxSwitchIfEmpty$SwitchIfEmptySubscriber.onNext(FluxSwitchIfEmpty.java:74)
	at reactor.core.publisher.MonoPeekTerminal$MonoTerminalPeekSubscriber.onNext(MonoPeekTerminal.java:180)
	at reactor.core.publisher.MonoPublishOn$PublishOnSubscriber.run(MonoPublishOn.java:181)
	at reactor.core.scheduler.SchedulerTask.call(SchedulerTask.java:68)
	at reactor.core.scheduler.SchedulerTask.call(SchedulerTask.java:28)
	at java.base/java.util.concurrent.FutureTask.run(FutureTask.java:317)
	at java.base/java.util.concurrent.ScheduledThreadPoolExecutor$ScheduledFutureTask.run(ScheduledThreadPoolExecutor.java:304)
	at java.base/java.util.concurrent.ThreadPoolExecutor.runWorker(ThreadPoolExecutor.java:1144)
	at java.base/java.util.concurrent.ThreadPoolExecutor$Worker.run(ThreadPoolExecutor.java:642)
	at java.base/java.lang.Thread.run(Thread.java:1583)
Caused by: java.lang.ClassNotFoundException: reactor.core.publisher.OnNextFailureStrategy$1
	at java.base/java.net.URLClassLoader.findClass(URLClassLoader.java:445)
	at java.base/java.lang.ClassLoader.loadClass(ClassLoader.java:593)
	at org.springframework.boot.loader.net.protocol.jar.JarUrlClassLoader.loadClass(JarUrlClassLoader.java:107)
	at org.springframework.boot.loader.launch.LaunchedClassLoader.loadClass(LaunchedClassLoader.java:91)
	at java.base/java.lang.ClassLoader.loadClass(ClassLoader.java:526)
	... 108 common frames omitted

2026-03-20 21:44:28.685  WARN 1297738 [parallel-1] [] reactor.core.Exceptions                  : throwIfFatal detected a jvm fatal exception, which is thrown and logged below:

java.lang.NoClassDefFoundError: reactor/core/publisher/OnNextFailureStrategy$1
	at reactor.core.publisher.OnNextFailureStrategy.<clinit>(OnNextFailureStrategy.java:146)
	at reactor.core.publisher.Operators.onNextErrorStrategy(Operators.java:809)
	at reactor.core.publisher.Operators.onNextError(Operators.java:892)
	at reactor.core.publisher.FluxConcatMapNoPrefetch$FluxConcatMapNoPrefetchSubscriber.onNext(FluxConcatMapNoPrefetch.java:212)
	at reactor.core.publisher.FluxIterable$IterableSubscription.slowPath(FluxIterable.java:335)
	at reactor.core.publisher.FluxIterable$IterableSubscription.request(FluxIterable.java:294)
	at reactor.core.publisher.FluxConcatMapNoPrefetch$FluxConcatMapNoPrefetchSubscriber.innerComplete(FluxConcatMapNoPrefetch.java:275)
	at reactor.core.publisher.FluxConcatMap$ConcatMapInner.onComplete(FluxConcatMap.java:889)
	at reactor.core.publisher.MonoFlatMap$FlatMapMain.onComplete(MonoFlatMap.java:189)
	at reactor.core.publisher.FluxMap$MapSubscriber.onComplete(FluxMap.java:144)
	at reactor.core.publisher.FluxFilter$FilterSubscriber.onComplete(FluxFilter.java:166)
	at reactor.core.publisher.FluxPeekFuseable$PeekConditionalSubscriber.onComplete(FluxPeekFuseable.java:940)
	at reactor.core.publisher.FluxSwitchIfEmpty$SwitchIfEmptySubscriber.onComplete(FluxSwitchIfEmpty.java:85)
	at reactor.core.publisher.Operators$ScalarSubscription.request(Operators.java:2573)
	at reactor.core.publisher.Operators$MultiSubscriptionSubscriber.set(Operators.java:2367)
	at reactor.core.publisher.Operators$MultiSubscriptionSubscriber.onSubscribe(Operators.java:2241)
	at reactor.core.publisher.MonoJust.subscribe(MonoJust.java:55)
	at reactor.core.publisher.Mono.subscribe(Mono.java:4576)
	at reactor.core.publisher.FluxSwitchIfEmpty$SwitchIfEmptySubscriber.onComplete(FluxSwitchIfEmpty.java:82)
	at reactor.core.publisher.MonoNext$NextSubscriber.onComplete(MonoNext.java:102)
	at reactor.core.publisher.FluxFilter$FilterSubscriber.onComplete(FluxFilter.java:166)
	at reactor.core.publisher.FluxFlatMap$FlatMapMain.checkTerminated(FluxFlatMap.java:850)
	at reactor.core.publisher.FluxFlatMap$FlatMapMain.drainLoop(FluxFlatMap.java:612)
	at reactor.core.publisher.FluxFlatMap$FlatMapMain.drain(FluxFlatMap.java:592)
	at reactor.core.publisher.FluxFlatMap$FlatMapMain.request(FluxFlatMap.java:349)
	at reactor.core.publisher.FluxFilter$FilterSubscriber.request(FluxFilter.java:186)
	at reactor.core.publisher.MonoNext$NextSubscriber.request(MonoNext.java:108)
	at reactor.core.publisher.Operators$MultiSubscriptionSubscriber.request(Operators.java:2331)
	at reactor.core.publisher.FluxPeekFuseable$PeekConditionalSubscriber.request(FluxPeekFuseable.java:783)
	at reactor.core.publisher.FluxFilter$FilterSubscriber.request(FluxFilter.java:186)
	at reactor.core.publisher.FluxMap$MapSubscriber.request(FluxMap.java:164)
	at reactor.core.publisher.MonoFlatMap$FlatMapMain.request(MonoFlatMap.java:194)
	at reactor.core.publisher.Operators$MultiSubscriptionSubscriber.request(Operators.java:2331)
	at reactor.core.publisher.FluxConcatMapNoPrefetch$FluxConcatMapNoPrefetchSubscriber.request(FluxConcatMapNoPrefetch.java:339)
	at reactor.core.publisher.MonoNext$NextSubscriber.request(MonoNext.java:108)
	at reactor.core.publisher.FluxDefaultIfEmpty$DefaultIfEmptySubscriber.request(FluxDefaultIfEmpty.java:98)
	at reactor.core.publisher.MonoPeekTerminal$MonoTerminalPeekSubscriber.request(MonoPeekTerminal.java:139)
	at reactor.core.publisher.FluxPeekFuseable$PeekFuseableConditionalSubscriber.request(FluxPeekFuseable.java:437)
	at reactor.core.publisher.MonoPeekTerminal$MonoTerminalPeekSubscriber.request(MonoPeekTerminal.java:139)
	at reactor.core.publisher.FluxFilter$FilterSubscriber.request(FluxFilter.java:186)
	at reactor.core.publisher.Operators$MultiSubscriptionSubscriber.set(Operators.java:2367)
	at reactor.core.publisher.Operators$MultiSubscriptionSubscriber.onSubscribe(Operators.java:2241)
	at reactor.core.publisher.FluxFilter$FilterSubscriber.onSubscribe(FluxFilter.java:85)
	at reactor.core.publisher.MonoPeekTerminal$MonoTerminalPeekSubscriber.onSubscribe(MonoPeekTerminal.java:152)
	at reactor.core.publisher.FluxPeekFuseable$PeekFuseableConditionalSubscriber.onSubscribe(FluxPeekFuseable.java:471)
	at reactor.core.publisher.MonoPeekTerminal$MonoTerminalPeekSubscriber.onSubscribe(MonoPeekTerminal.java:152)
	at reactor.core.publisher.Operators$BaseFluxToMonoOperator.onSubscribe(Operators.java:2051)
	at reactor.core.publisher.MonoNext$NextSubscriber.onSubscribe(MonoNext.java:70)
	at reactor.core.publisher.FluxConcatMapNoPrefetch$FluxConcatMapNoPrefetchSubscriber.onSubscribe(FluxConcatMapNoPrefetch.java:164)
	at reactor.core.publisher.FluxIterable.subscribe(FluxIterable.java:201)
	at reactor.core.publisher.FluxIterable.subscribe(FluxIterable.java:83)
	at reactor.core.publisher.InternalMonoOperator.subscribe(InternalMonoOperator.java:76)
	at reactor.core.publisher.MonoDeferContextual.subscribe(MonoDeferContextual.java:55)
	at reactor.core.publisher.InternalMonoOperator.subscribe(InternalMonoOperator.java:76)
	at reactor.core.publisher.MonoDefer.subscribe(MonoDefer.java:53)
	at reactor.core.publisher.InternalMonoOperator.subscribe(InternalMonoOperator.java:76)
	at reactor.core.publisher.MonoDefer.subscribe(MonoDefer.java:53)
	at reactor.core.publisher.Mono.subscribe(Mono.java:4576)
	at reactor.core.publisher.MonoIgnoreThen$ThenIgnoreMain.subscribeNext(MonoIgnoreThen.java:265)
	at reactor.core.publisher.MonoIgnoreThen.subscribe(MonoIgnoreThen.java:51)
	at reactor.core.publisher.Mono.subscribe(Mono.java:4576)
	at reactor.core.publisher.FluxSwitchIfEmpty$SwitchIfEmptySubscriber.onComplete(FluxSwitchIfEmpty.java:82)
	at reactor.core.publisher.FluxFilter$FilterSubscriber.onComplete(FluxFilter.java:166)
	at reactor.core.publisher.FluxPeekFuseable$PeekConditionalSubscriber.onComplete(FluxPeekFuseable.java:940)
	at reactor.core.publisher.FluxSwitchIfEmpty$SwitchIfEmptySubscriber.onComplete(FluxSwitchIfEmpty.java:85)
	at reactor.core.publisher.Operators$ScalarSubscription.request(Operators.java:2573)
	at reactor.core.publisher.Operators$MultiSubscriptionSubscriber.set(Operators.java:2367)
	at reactor.core.publisher.Operators$MultiSubscriptionSubscriber.onSubscribe(Operators.java:2241)
	at reactor.core.publisher.MonoJust.subscribe(MonoJust.java:55)
	at reactor.core.publisher.Mono.subscribe(Mono.java:4576)
	at reactor.core.publisher.FluxSwitchIfEmpty$SwitchIfEmptySubscriber.onComplete(FluxSwitchIfEmpty.java:82)
	at reactor.core.publisher.MonoNext$NextSubscriber.onComplete(MonoNext.java:102)
	at reactor.core.publisher.FluxFilter$FilterSubscriber.onComplete(FluxFilter.java:166)
	at reactor.core.publisher.FluxFlatMap$FlatMapMain.checkTerminated(FluxFlatMap.java:850)
	at reactor.core.publisher.FluxFlatMap$FlatMapMain.drainLoop(FluxFlatMap.java:612)
	at reactor.core.publisher.FluxFlatMap$FlatMapMain.drain(FluxFlatMap.java:592)
	at reactor.core.publisher.FluxFlatMap$FlatMapMain.onComplete(FluxFlatMap.java:469)
	at reactor.core.publisher.FluxPeekFuseable$PeekFuseableSubscriber.onComplete(FluxPeekFuseable.java:277)
	at reactor.core.publisher.FluxIterable$IterableSubscription.slowPath(FluxIterable.java:357)
	at reactor.core.publisher.FluxIterable$IterableSubscription.request(FluxIterable.java:294)
	at reactor.core.publisher.FluxPeekFuseable$PeekFuseableSubscriber.request(FluxPeekFuseable.java:144)
	at reactor.core.publisher.FluxFlatMap$FlatMapMain.onSubscribe(FluxFlatMap.java:373)
	at reactor.core.publisher.FluxPeekFuseable$PeekFuseableSubscriber.onSubscribe(FluxPeekFuseable.java:178)
	at reactor.core.publisher.FluxIterable.subscribe(FluxIterable.java:201)
	at reactor.core.publisher.FluxIterable.subscribe(FluxIterable.java:83)
	at reactor.core.publisher.InternalMonoOperator.subscribe(InternalMonoOperator.java:76)
	at reactor.core.publisher.MonoDefer.subscribe(MonoDefer.java:53)
	at reactor.core.publisher.MonoFlatMap$FlatMapMain.onNext(MonoFlatMap.java:165)
	at reactor.core.publisher.Operators$BaseFluxToMonoOperator.completePossiblyEmpty(Operators.java:2097)
	at reactor.core.publisher.FluxDefaultIfEmpty$DefaultIfEmptySubscriber.onComplete(FluxDefaultIfEmpty.java:134)
	at reactor.core.publisher.FluxMap$MapSubscriber.onComplete(FluxMap.java:144)
	at reactor.core.publisher.FluxMap$MapSubscriber.onComplete(FluxMap.java:144)
	at reactor.core.publisher.FluxFilter$FilterSubscriber.onComplete(FluxFilter.java:166)
	at reactor.core.publisher.FluxMap$MapConditionalSubscriber.onComplete(FluxMap.java:275)
	at reactor.core.publisher.Operators$MonoSubscriber.complete(Operators.java:1866)
	at reactor.core.publisher.MonoCacheTime$CoordinatorSubscriber.signalCached(MonoCacheTime.java:337)
	at reactor.core.publisher.MonoCacheTime$CoordinatorSubscriber.onNext(MonoCacheTime.java:354)
	at reactor.core.publisher.FluxPeek$PeekSubscriber.onNext(FluxPeek.java:200)
	at reactor.core.publisher.FluxSwitchIfEmpty$SwitchIfEmptySubscriber.onNext(FluxSwitchIfEmpty.java:74)
	at reactor.core.publisher.MonoPeekTerminal$MonoTerminalPeekSubscriber.onNext(MonoPeekTerminal.java:180)
	at reactor.core.publisher.MonoPublishOn$PublishOnSubscriber.run(MonoPublishOn.java:181)
	at reactor.core.scheduler.SchedulerTask.call(SchedulerTask.java:68)
	at reactor.core.scheduler.SchedulerTask.call(SchedulerTask.java:28)
	at java.base/java.util.concurrent.FutureTask.run(FutureTask.java:317)
	at java.base/java.util.concurrent.ScheduledThreadPoolExecutor$ScheduledFutureTask.run(ScheduledThreadPoolExecutor.java:304)
	at java.base/java.util.concurrent.ThreadPoolExecutor.runWorker(ThreadPoolExecutor.java:1144)
	at java.base/java.util.concurrent.ThreadPoolExecutor$Worker.run(ThreadPoolExecutor.java:642)
	at java.base/java.lang.Thread.run(Thread.java:1583)
Caused by: java.lang.ClassNotFoundException: reactor.core.publisher.OnNextFailureStrategy$1
	at java.base/java.net.URLClassLoader.findClass(URLClassLoader.java:445)
	at java.base/java.lang.ClassLoader.loadClass(ClassLoader.java:593)
	at org.springframework.boot.loader.net.protocol.jar.JarUrlClassLoader.loadClass(JarUrlClassLoader.java:107)
	at org.springframework.boot.loader.launch.LaunchedClassLoader.loadClass(LaunchedClassLoader.java:91)
	at java.base/java.lang.ClassLoader.loadClass(ClassLoader.java:526)
	... 108 common frames omitted

2026-03-20 21:44:28.687  WARN 1297738 [parallel-1] [] reactor.core.Exceptions                  : throwIfFatal detected a jvm fatal exception, which is thrown and logged below:

java.lang.NoClassDefFoundError: reactor/core/publisher/OnNextFailureStrategy$1
	at reactor.core.publisher.OnNextFailureStrategy.<clinit>(OnNextFailureStrategy.java:146)
	at reactor.core.publisher.Operators.onNextErrorStrategy(Operators.java:809)
	at reactor.core.publisher.Operators.onNextError(Operators.java:892)
	at reactor.core.publisher.FluxConcatMapNoPrefetch$FluxConcatMapNoPrefetchSubscriber.onNext(FluxConcatMapNoPrefetch.java:212)
	at reactor.core.publisher.FluxIterable$IterableSubscription.slowPath(FluxIterable.java:335)
	at reactor.core.publisher.FluxIterable$IterableSubscription.request(FluxIterable.java:294)
	at reactor.core.publisher.FluxConcatMapNoPrefetch$FluxConcatMapNoPrefetchSubscriber.innerComplete(FluxConcatMapNoPrefetch.java:275)
	at reactor.core.publisher.FluxConcatMap$ConcatMapInner.onComplete(FluxConcatMap.java:889)
	at reactor.core.publisher.MonoFlatMap$FlatMapMain.onComplete(MonoFlatMap.java:189)
	at reactor.core.publisher.FluxMap$MapSubscriber.onComplete(FluxMap.java:144)
	at reactor.core.publisher.FluxFilter$FilterSubscriber.onComplete(FluxFilter.java:166)
	at reactor.core.publisher.FluxPeekFuseable$PeekConditionalSubscriber.onComplete(FluxPeekFuseable.java:940)
	at reactor.core.publisher.FluxSwitchIfEmpty$SwitchIfEmptySubscriber.onComplete(FluxSwitchIfEmpty.java:85)
	at reactor.core.publisher.Operators$ScalarSubscription.request(Operators.java:2573)
	at reactor.core.publisher.Operators$MultiSubscriptionSubscriber.set(Operators.java:2367)
	at reactor.core.publisher.Operators$MultiSubscriptionSubscriber.onSubscribe(Operators.java:2241)
	at reactor.core.publisher.MonoJust.subscribe(MonoJust.java:55)
	at reactor.core.publisher.Mono.subscribe(Mono.java:4576)
	at reactor.core.publisher.FluxSwitchIfEmpty$SwitchIfEmptySubscriber.onComplete(FluxSwitchIfEmpty.java:82)
	at reactor.core.publisher.MonoNext$NextSubscriber.onComplete(MonoNext.java:102)
	at reactor.core.publisher.FluxFilter$FilterSubscriber.onComplete(FluxFilter.java:166)
	at reactor.core.publisher.FluxFlatMap$FlatMapMain.checkTerminated(FluxFlatMap.java:850)
	at reactor.core.publisher.FluxFlatMap$FlatMapMain.drainLoop(FluxFlatMap.java:612)
	at reactor.core.publisher.FluxFlatMap$FlatMapMain.drain(FluxFlatMap.java:592)
	at reactor.core.publisher.FluxFlatMap$FlatMapMain.request(FluxFlatMap.java:349)
	at reactor.core.publisher.FluxFilter$FilterSubscriber.request(FluxFilter.java:186)
	at reactor.core.publisher.MonoNext$NextSubscriber.request(MonoNext.java:108)
	at reactor.core.publisher.Operators$MultiSubscriptionSubscriber.request(Operators.java:2331)
	at reactor.core.publisher.FluxPeekFuseable$PeekConditionalSubscriber.request(FluxPeekFuseable.java:783)
	at reactor.core.publisher.FluxFilter$FilterSubscriber.request(FluxFilter.java:186)
	at reactor.core.publisher.FluxMap$MapSubscriber.request(FluxMap.java:164)
	at reactor.core.publisher.MonoFlatMap$FlatMapMain.request(MonoFlatMap.java:194)
	at reactor.core.publisher.Operators$MultiSubscriptionSubscriber.request(Operators.java:2331)
	at reactor.core.publisher.FluxConcatMapNoPrefetch$FluxConcatMapNoPrefetchSubscriber.request(FluxConcatMapNoPrefetch.java:339)
	at reactor.core.publisher.MonoNext$NextSubscriber.request(MonoNext.java:108)
	at reactor.core.publisher.FluxDefaultIfEmpty$DefaultIfEmptySubscriber.request(FluxDefaultIfEmpty.java:98)
	at reactor.core.publisher.MonoPeekTerminal$MonoTerminalPeekSubscriber.request(MonoPeekTerminal.java:139)
	at reactor.core.publisher.FluxPeekFuseable$PeekFuseableConditionalSubscriber.request(FluxPeekFuseable.java:437)
	at reactor.core.publisher.MonoPeekTerminal$MonoTerminalPeekSubscriber.request(MonoPeekTerminal.java:139)
	at reactor.core.publisher.FluxFilter$FilterSubscriber.request(FluxFilter.java:186)
	at reactor.core.publisher.Operators$MultiSubscriptionSubscriber.set(Operators.java:2367)
	at reactor.core.publisher.Operators$MultiSubscriptionSubscriber.onSubscribe(Operators.java:2241)
	at reactor.core.publisher.FluxFilter$FilterSubscriber.onSubscribe(FluxFilter.java:85)
	at reactor.core.publisher.MonoPeekTerminal$MonoTerminalPeekSubscriber.onSubscribe(MonoPeekTerminal.java:152)
	at reactor.core.publisher.FluxPeekFuseable$PeekFuseableConditionalSubscriber.onSubscribe(FluxPeekFuseable.java:471)
	at reactor.core.publisher.MonoPeekTerminal$MonoTerminalPeekSubscriber.onSubscribe(MonoPeekTerminal.java:152)
	at reactor.core.publisher.Operators$BaseFluxToMonoOperator.onSubscribe(Operators.java:2051)
	at reactor.core.publisher.MonoNext$NextSubscriber.onSubscribe(MonoNext.java:70)
	at reactor.core.publisher.FluxConcatMapNoPrefetch$FluxConcatMapNoPrefetchSubscriber.onSubscribe(FluxConcatMapNoPrefetch.java:164)
	at reactor.core.publisher.FluxIterable.subscribe(FluxIterable.java:201)
	at reactor.core.publisher.FluxIterable.subscribe(FluxIterable.java:83)
	at reactor.core.publisher.InternalMonoOperator.subscribe(InternalMonoOperator.java:76)
	at reactor.core.publisher.MonoDeferContextual.subscribe(MonoDeferContextual.java:55)
	at reactor.core.publisher.InternalMonoOperator.subscribe(InternalMonoOperator.java:76)
	at reactor.core.publisher.MonoDefer.subscribe(MonoDefer.java:53)
	at reactor.core.publisher.InternalMonoOperator.subscribe(InternalMonoOperator.java:76)
	at reactor.core.publisher.MonoDefer.subscribe(MonoDefer.java:53)
	at reactor.core.publisher.Mono.subscribe(Mono.java:4576)
	at reactor.core.publisher.MonoIgnoreThen$ThenIgnoreMain.subscribeNext(MonoIgnoreThen.java:265)
	at reactor.core.publisher.MonoIgnoreThen.subscribe(MonoIgnoreThen.java:51)
	at reactor.core.publisher.Mono.subscribe(Mono.java:4576)
	at reactor.core.publisher.FluxSwitchIfEmpty$SwitchIfEmptySubscriber.onComplete(FluxSwitchIfEmpty.java:82)
	at reactor.core.publisher.FluxFilter$FilterSubscriber.onComplete(FluxFilter.java:166)
	at reactor.core.publisher.FluxPeekFuseable$PeekConditionalSubscriber.onComplete(FluxPeekFuseable.java:940)
	at reactor.core.publisher.FluxSwitchIfEmpty$SwitchIfEmptySubscriber.onComplete(FluxSwitchIfEmpty.java:85)
	at reactor.core.publisher.Operators$ScalarSubscription.request(Operators.java:2573)
	at reactor.core.publisher.Operators$MultiSubscriptionSubscriber.set(Operators.java:2367)
	at reactor.core.publisher.Operators$MultiSubscriptionSubscriber.onSubscribe(Operators.java:2241)
	at reactor.core.publisher.MonoJust.subscribe(MonoJust.java:55)
	at reactor.core.publisher.Mono.subscribe(Mono.java:4576)
	at reactor.core.publisher.FluxSwitchIfEmpty$SwitchIfEmptySubscriber.onComplete(FluxSwitchIfEmpty.java:82)
	at reactor.core.publisher.MonoNext$NextSubscriber.onComplete(MonoNext.java:102)
	at reactor.core.publisher.FluxFilter$FilterSubscriber.onComplete(FluxFilter.java:166)
	at reactor.core.publisher.FluxFlatMap$FlatMapMain.checkTerminated(FluxFlatMap.java:850)
	at reactor.core.publisher.FluxFlatMap$FlatMapMain.drainLoop(FluxFlatMap.java:612)
	at reactor.core.publisher.FluxFlatMap$FlatMapMain.drain(FluxFlatMap.java:592)
	at reactor.core.publisher.FluxFlatMap$FlatMapMain.onComplete(FluxFlatMap.java:469)
	at reactor.core.publisher.FluxPeekFuseable$PeekFuseableSubscriber.onComplete(FluxPeekFuseable.java:277)
	at reactor.core.publisher.FluxIterable$IterableSubscription.slowPath(FluxIterable.java:357)
	at reactor.core.publisher.FluxIterable$IterableSubscription.request(FluxIterable.java:294)
	at reactor.core.publisher.FluxPeekFuseable$PeekFuseableSubscriber.request(FluxPeekFuseable.java:144)
	at reactor.core.publisher.FluxFlatMap$FlatMapMain.onSubscribe(FluxFlatMap.java:373)
	at reactor.core.publisher.FluxPeekFuseable$PeekFuseableSubscriber.onSubscribe(FluxPeekFuseable.java:178)
	at reactor.core.publisher.FluxIterable.subscribe(FluxIterable.java:201)
	at reactor.core.publisher.FluxIterable.subscribe(FluxIterable.java:83)
	at reactor.core.publisher.InternalMonoOperator.subscribe(InternalMonoOperator.java:76)
	at reactor.core.publisher.MonoDefer.subscribe(MonoDefer.java:53)
	at reactor.core.publisher.MonoFlatMap$FlatMapMain.onNext(MonoFlatMap.java:165)
	at reactor.core.publisher.Operators$BaseFluxToMonoOperator.completePossiblyEmpty(Operators.java:2097)
	at reactor.core.publisher.FluxDefaultIfEmpty$DefaultIfEmptySubscriber.onComplete(FluxDefaultIfEmpty.java:134)
	at reactor.core.publisher.FluxMap$MapSubscriber.onComplete(FluxMap.java:144)
	at reactor.core.publisher.FluxMap$MapSubscriber.onComplete(FluxMap.java:144)
	at reactor.core.publisher.FluxFilter$FilterSubscriber.onComplete(FluxFilter.java:166)
	at reactor.core.publisher.FluxMap$MapConditionalSubscriber.onComplete(FluxMap.java:275)
	at reactor.core.publisher.Operators$MonoSubscriber.complete(Operators.java:1866)
	at reactor.core.publisher.MonoCacheTime$CoordinatorSubscriber.signalCached(MonoCacheTime.java:337)
	at reactor.core.publisher.MonoCacheTime$CoordinatorSubscriber.onNext(MonoCacheTime.java:354)
	at reactor.core.publisher.FluxPeek$PeekSubscriber.onNext(FluxPeek.java:200)
	at reactor.core.publisher.FluxSwitchIfEmpty$SwitchIfEmptySubscriber.onNext(FluxSwitchIfEmpty.java:74)
	at reactor.core.publisher.MonoPeekTerminal$MonoTerminalPeekSubscriber.onNext(MonoPeekTerminal.java:180)
	at reactor.core.publisher.MonoPublishOn$PublishOnSubscriber.run(MonoPublishOn.java:181)
	at reactor.core.scheduler.SchedulerTask.call(SchedulerTask.java:68)
	at reactor.core.scheduler.SchedulerTask.call(SchedulerTask.java:28)
	at java.base/java.util.concurrent.FutureTask.run(FutureTask.java:317)
	at java.base/java.util.concurrent.ScheduledThreadPoolExecutor$ScheduledFutureTask.run(ScheduledThreadPoolExecutor.java:304)
	at java.base/java.util.concurrent.ThreadPoolExecutor.runWorker(ThreadPoolExecutor.java:1144)
	at java.base/java.util.concurrent.ThreadPoolExecutor$Worker.run(ThreadPoolExecutor.java:642)
	at java.base/java.lang.Thread.run(Thread.java:1583)
Caused by: java.lang.ClassNotFoundException: reactor.core.publisher.OnNextFailureStrategy$1
	at java.base/java.net.URLClassLoader.findClass(URLClassLoader.java:445)
	at java.base/java.lang.ClassLoader.loadClass(ClassLoader.java:593)
	at org.springframework.boot.loader.net.protocol.jar.JarUrlClassLoader.loadClass(JarUrlClassLoader.java:107)
	at org.springframework.boot.loader.launch.LaunchedClassLoader.loadClass(LaunchedClassLoader.java:91)
	at java.base/java.lang.ClassLoader.loadClass(ClassLoader.java:526)
	... 108 common frames omitted

2026-03-20 21:44:28.688  WARN 1297738 [parallel-1] [] reactor.core.Exceptions                  : throwIfFatal detected a jvm fatal exception, which is thrown and logged below:

java.lang.NoClassDefFoundError: reactor/core/publisher/OnNextFailureStrategy$1
	at reactor.core.publisher.OnNextFailureStrategy.<clinit>(OnNextFailureStrategy.java:146)
	at reactor.core.publisher.Operators.onNextErrorStrategy(Operators.java:809)
	at reactor.core.publisher.Operators.onNextError(Operators.java:892)
	at reactor.core.publisher.FluxConcatMapNoPrefetch$FluxConcatMapNoPrefetchSubscriber.onNext(FluxConcatMapNoPrefetch.java:212)
	at reactor.core.publisher.FluxIterable$IterableSubscription.slowPath(FluxIterable.java:335)
	at reactor.core.publisher.FluxIterable$IterableSubscription.request(FluxIterable.java:294)
	at reactor.core.publisher.FluxConcatMapNoPrefetch$FluxConcatMapNoPrefetchSubscriber.innerComplete(FluxConcatMapNoPrefetch.java:275)
	at reactor.core.publisher.FluxConcatMap$ConcatMapInner.onComplete(FluxConcatMap.java:889)
	at reactor.core.publisher.MonoFlatMap$FlatMapMain.onComplete(MonoFlatMap.java:189)
	at reactor.core.publisher.FluxMap$MapSubscriber.onComplete(FluxMap.java:144)
	at reactor.core.publisher.FluxFilter$FilterSubscriber.onComplete(FluxFilter.java:166)
	at reactor.core.publisher.FluxPeekFuseable$PeekConditionalSubscriber.onComplete(FluxPeekFuseable.java:940)
	at reactor.core.publisher.FluxSwitchIfEmpty$SwitchIfEmptySubscriber.onComplete(FluxSwitchIfEmpty.java:85)
	at reactor.core.publisher.Operators$ScalarSubscription.request(Operators.java:2573)
	at reactor.core.publisher.Operators$MultiSubscriptionSubscriber.set(Operators.java:2367)
	at reactor.core.publisher.Operators$MultiSubscriptionSubscriber.onSubscribe(Operators.java:2241)
	at reactor.core.publisher.MonoJust.subscribe(MonoJust.java:55)
	at reactor.core.publisher.Mono.subscribe(Mono.java:4576)
	at reactor.core.publisher.FluxSwitchIfEmpty$SwitchIfEmptySubscriber.onComplete(FluxSwitchIfEmpty.java:82)
	at reactor.core.publisher.MonoNext$NextSubscriber.onComplete(MonoNext.java:102)
	at reactor.core.publisher.FluxFilter$FilterSubscriber.onComplete(FluxFilter.java:166)
	at reactor.core.publisher.FluxFlatMap$FlatMapMain.checkTerminated(FluxFlatMap.java:850)
	at reactor.core.publisher.FluxFlatMap$FlatMapMain.drainLoop(FluxFlatMap.java:612)
	at reactor.core.publisher.FluxFlatMap$FlatMapMain.drain(FluxFlatMap.java:592)
	at reactor.core.publisher.FluxFlatMap$FlatMapMain.request(FluxFlatMap.java:349)
	at reactor.core.publisher.FluxFilter$FilterSubscriber.request(FluxFilter.java:186)
	at reactor.core.publisher.MonoNext$NextSubscriber.request(MonoNext.java:108)
	at reactor.core.publisher.Operators$MultiSubscriptionSubscriber.request(Operators.java:2331)
	at reactor.core.publisher.FluxPeekFuseable$PeekConditionalSubscriber.request(FluxPeekFuseable.java:783)
	at reactor.core.publisher.FluxFilter$FilterSubscriber.request(FluxFilter.java:186)
	at reactor.core.publisher.FluxMap$MapSubscriber.request(FluxMap.java:164)
	at reactor.core.publisher.MonoFlatMap$FlatMapMain.request(MonoFlatMap.java:194)
	at reactor.core.publisher.Operators$MultiSubscriptionSubscriber.request(Operators.java:2331)
	at reactor.core.publisher.FluxConcatMapNoPrefetch$FluxConcatMapNoPrefetchSubscriber.request(FluxConcatMapNoPrefetch.java:339)
	at reactor.core.publisher.MonoNext$NextSubscriber.request(MonoNext.java:108)
	at reactor.core.publisher.FluxDefaultIfEmpty$DefaultIfEmptySubscriber.request(FluxDefaultIfEmpty.java:98)
	at reactor.core.publisher.MonoPeekTerminal$MonoTerminalPeekSubscriber.request(MonoPeekTerminal.java:139)
	at reactor.core.publisher.FluxPeekFuseable$PeekFuseableConditionalSubscriber.request(FluxPeekFuseable.java:437)
	at reactor.core.publisher.MonoPeekTerminal$MonoTerminalPeekSubscriber.request(MonoPeekTerminal.java:139)
	at reactor.core.publisher.FluxFilter$FilterSubscriber.request(FluxFilter.java:186)
	at reactor.core.publisher.Operators$MultiSubscriptionSubscriber.set(Operators.java:2367)
	at reactor.core.publisher.Operators$MultiSubscriptionSubscriber.onSubscribe(Operators.java:2241)
	at reactor.core.publisher.FluxFilter$FilterSubscriber.onSubscribe(FluxFilter.java:85)
	at reactor.core.publisher.MonoPeekTerminal$MonoTerminalPeekSubscriber.onSubscribe(MonoPeekTerminal.java:152)
	at reactor.core.publisher.FluxPeekFuseable$PeekFuseableConditionalSubscriber.onSubscribe(FluxPeekFuseable.java:471)
	at reactor.core.publisher.MonoPeekTerminal$MonoTerminalPeekSubscriber.onSubscribe(MonoPeekTerminal.java:152)
	at reactor.core.publisher.Operators$BaseFluxToMonoOperator.onSubscribe(Operators.java:2051)
	at reactor.core.publisher.MonoNext$NextSubscriber.onSubscribe(MonoNext.java:70)
	at reactor.core.publisher.FluxConcatMapNoPrefetch$FluxConcatMapNoPrefetchSubscriber.onSubscribe(FluxConcatMapNoPrefetch.java:164)
	at reactor.core.publisher.FluxIterable.subscribe(FluxIterable.java:201)
	at reactor.core.publisher.FluxIterable.subscribe(FluxIterable.java:83)
	at reactor.core.publisher.InternalMonoOperator.subscribe(InternalMonoOperator.java:76)
	at reactor.core.publisher.MonoDeferContextual.subscribe(MonoDeferContextual.java:55)
	at reactor.core.publisher.InternalMonoOperator.subscribe(InternalMonoOperator.java:76)
	at reactor.core.publisher.MonoDefer.subscribe(MonoDefer.java:53)
	at reactor.core.publisher.InternalMonoOperator.subscribe(InternalMonoOperator.java:76)
	at reactor.core.publisher.MonoDefer.subscribe(MonoDefer.java:53)
	at reactor.core.publisher.Mono.subscribe(Mono.java:4576)
	at reactor.core.publisher.MonoIgnoreThen$ThenIgnoreMain.subscribeNext(MonoIgnoreThen.java:265)
	at reactor.core.publisher.MonoIgnoreThen.subscribe(MonoIgnoreThen.java:51)
	at reactor.core.publisher.Mono.subscribe(Mono.java:4576)
	at reactor.core.publisher.FluxSwitchIfEmpty$SwitchIfEmptySubscriber.onComplete(FluxSwitchIfEmpty.java:82)
	at reactor.core.publisher.FluxFilter$FilterSubscriber.onComplete(FluxFilter.java:166)
	at reactor.core.publisher.FluxPeekFuseable$PeekConditionalSubscriber.onComplete(FluxPeekFuseable.java:940)
	at reactor.core.publisher.FluxSwitchIfEmpty$SwitchIfEmptySubscriber.onComplete(FluxSwitchIfEmpty.java:85)
	at reactor.core.publisher.Operators$ScalarSubscription.request(Operators.java:2573)
	at reactor.core.publisher.Operators$MultiSubscriptionSubscriber.set(Operators.java:2367)
	at reactor.core.publisher.Operators$MultiSubscriptionSubscriber.onSubscribe(Operators.java:2241)
	at reactor.core.publisher.MonoJust.subscribe(MonoJust.java:55)
	at reactor.core.publisher.Mono.subscribe(Mono.java:4576)
	at reactor.core.publisher.FluxSwitchIfEmpty$SwitchIfEmptySubscriber.onComplete(FluxSwitchIfEmpty.java:82)
	at reactor.core.publisher.MonoNext$NextSubscriber.onComplete(MonoNext.java:102)
	at reactor.core.publisher.FluxFilter$FilterSubscriber.onComplete(FluxFilter.java:166)
	at reactor.core.publisher.FluxFlatMap$FlatMapMain.checkTerminated(FluxFlatMap.java:850)
	at reactor.core.publisher.FluxFlatMap$FlatMapMain.drainLoop(FluxFlatMap.java:612)
	at reactor.core.publisher.FluxFlatMap$FlatMapMain.drain(FluxFlatMap.java:592)
	at reactor.core.publisher.FluxFlatMap$FlatMapMain.onComplete(FluxFlatMap.java:469)
	at reactor.core.publisher.FluxPeekFuseable$PeekFuseableSubscriber.onComplete(FluxPeekFuseable.java:277)
	at reactor.core.publisher.FluxIterable$IterableSubscription.slowPath(FluxIterable.java:357)
	at reactor.core.publisher.FluxIterable$IterableSubscription.request(FluxIterable.java:294)
	at reactor.core.publisher.FluxPeekFuseable$PeekFuseableSubscriber.request(FluxPeekFuseable.java:144)
	at reactor.core.publisher.FluxFlatMap$FlatMapMain.onSubscribe(FluxFlatMap.java:373)
	at reactor.core.publisher.FluxPeekFuseable$PeekFuseableSubscriber.onSubscribe(FluxPeekFuseable.java:178)
	at reactor.core.publisher.FluxIterable.subscribe(FluxIterable.java:201)
	at reactor.core.publisher.FluxIterable.subscribe(FluxIterable.java:83)
	at reactor.core.publisher.InternalMonoOperator.subscribe(InternalMonoOperator.java:76)
	at reactor.core.publisher.MonoDefer.subscribe(MonoDefer.java:53)
	at reactor.core.publisher.MonoFlatMap$FlatMapMain.onNext(MonoFlatMap.java:165)
	at reactor.core.publisher.Operators$BaseFluxToMonoOperator.completePossiblyEmpty(Operators.java:2097)
	at reactor.core.publisher.FluxDefaultIfEmpty$DefaultIfEmptySubscriber.onComplete(FluxDefaultIfEmpty.java:134)
	at reactor.core.publisher.FluxMap$MapSubscriber.onComplete(FluxMap.java:144)
	at reactor.core.publisher.FluxMap$MapSubscriber.onComplete(FluxMap.java:144)
	at reactor.core.publisher.FluxFilter$FilterSubscriber.onComplete(FluxFilter.java:166)
	at reactor.core.publisher.FluxMap$MapConditionalSubscriber.onComplete(FluxMap.java:275)
	at reactor.core.publisher.Operators$MonoSubscriber.complete(Operators.java:1866)
	at reactor.core.publisher.MonoCacheTime$CoordinatorSubscriber.signalCached(MonoCacheTime.java:337)
	at reactor.core.publisher.MonoCacheTime$CoordinatorSubscriber.onNext(MonoCacheTime.java:354)
	at reactor.core.publisher.FluxPeek$PeekSubscriber.onNext(FluxPeek.java:200)
	at reactor.core.publisher.FluxSwitchIfEmpty$SwitchIfEmptySubscriber.onNext(FluxSwitchIfEmpty.java:74)
	at reactor.core.publisher.MonoPeekTerminal$MonoTerminalPeekSubscriber.onNext(MonoPeekTerminal.java:180)
	at reactor.core.publisher.MonoPublishOn$PublishOnSubscriber.run(MonoPublishOn.java:181)
	at reactor.core.scheduler.SchedulerTask.call(SchedulerTask.java:68)
	at reactor.core.scheduler.SchedulerTask.call(SchedulerTask.java:28)
	at java.base/java.util.concurrent.FutureTask.run(FutureTask.java:317)
	at java.base/java.util.concurrent.ScheduledThreadPoolExecutor$ScheduledFutureTask.run(ScheduledThreadPoolExecutor.java:304)
	at java.base/java.util.concurrent.ThreadPoolExecutor.runWorker(ThreadPoolExecutor.java:1144)
	at java.base/java.util.concurrent.ThreadPoolExecutor$Worker.run(ThreadPoolExecutor.java:642)
	at java.base/java.lang.Thread.run(Thread.java:1583)
Caused by: java.lang.ClassNotFoundException: reactor.core.publisher.OnNextFailureStrategy$1
	at java.base/java.net.URLClassLoader.findClass(URLClassLoader.java:445)
	at java.base/java.lang.ClassLoader.loadClass(ClassLoader.java:593)
	at org.springframework.boot.loader.net.protocol.jar.JarUrlClassLoader.loadClass(JarUrlClassLoader.java:107)
	at org.springframework.boot.loader.launch.LaunchedClassLoader.loadClass(LaunchedClassLoader.java:91)
	at java.base/java.lang.ClassLoader.loadClass(ClassLoader.java:526)
	... 108 common frames omitted

2026-03-20 21:44:28.690  WARN 1297738 [parallel-1] [] reactor.core.Exceptions                  : throwIfFatal detected a jvm fatal exception, which is thrown and logged below:

java.lang.NoClassDefFoundError: reactor/core/publisher/OnNextFailureStrategy$1
	at reactor.core.publisher.OnNextFailureStrategy.<clinit>(OnNextFailureStrategy.java:146)
	at reactor.core.publisher.Operators.onNextErrorStrategy(Operators.java:809)
	at reactor.core.publisher.Operators.onNextError(Operators.java:892)
	at reactor.core.publisher.FluxConcatMapNoPrefetch$FluxConcatMapNoPrefetchSubscriber.onNext(FluxConcatMapNoPrefetch.java:212)
	at reactor.core.publisher.FluxIterable$IterableSubscription.slowPath(FluxIterable.java:335)
	at reactor.core.publisher.FluxIterable$IterableSubscription.request(FluxIterable.java:294)
	at reactor.core.publisher.FluxConcatMapNoPrefetch$FluxConcatMapNoPrefetchSubscriber.innerComplete(FluxConcatMapNoPrefetch.java:275)
	at reactor.core.publisher.FluxConcatMap$ConcatMapInner.onComplete(FluxConcatMap.java:889)
	at reactor.core.publisher.MonoFlatMap$FlatMapMain.onComplete(MonoFlatMap.java:189)
	at reactor.core.publisher.FluxMap$MapSubscriber.onComplete(FluxMap.java:144)
	at reactor.core.publisher.FluxFilter$FilterSubscriber.onComplete(FluxFilter.java:166)
	at reactor.core.publisher.FluxPeekFuseable$PeekConditionalSubscriber.onComplete(FluxPeekFuseable.java:940)
	at reactor.core.publisher.FluxSwitchIfEmpty$SwitchIfEmptySubscriber.onComplete(FluxSwitchIfEmpty.java:85)
	at reactor.core.publisher.Operators$ScalarSubscription.request(Operators.java:2573)
	at reactor.core.publisher.Operators$MultiSubscriptionSubscriber.set(Operators.java:2367)
	at reactor.core.publisher.Operators$MultiSubscriptionSubscriber.onSubscribe(Operators.java:2241)
	at reactor.core.publisher.MonoJust.subscribe(MonoJust.java:55)
	at reactor.core.publisher.Mono.subscribe(Mono.java:4576)
	at reactor.core.publisher.FluxSwitchIfEmpty$SwitchIfEmptySubscriber.onComplete(FluxSwitchIfEmpty.java:82)
	at reactor.core.publisher.MonoNext$NextSubscriber.onComplete(MonoNext.java:102)
	at reactor.core.publisher.FluxFilter$FilterSubscriber.onComplete(FluxFilter.java:166)
	at reactor.core.publisher.FluxFlatMap$FlatMapMain.checkTerminated(FluxFlatMap.java:850)
	at reactor.core.publisher.FluxFlatMap$FlatMapMain.drainLoop(FluxFlatMap.java:612)
	at reactor.core.publisher.FluxFlatMap$FlatMapMain.drain(FluxFlatMap.java:592)
	at reactor.core.publisher.FluxFlatMap$FlatMapMain.request(FluxFlatMap.java:349)
	at reactor.core.publisher.FluxFilter$FilterSubscriber.request(FluxFilter.java:186)
	at reactor.core.publisher.MonoNext$NextSubscriber.request(MonoNext.java:108)
	at reactor.core.publisher.Operators$MultiSubscriptionSubscriber.request(Operators.java:2331)
	at reactor.core.publisher.FluxPeekFuseable$PeekConditionalSubscriber.request(FluxPeekFuseable.java:783)
	at reactor.core.publisher.FluxFilter$FilterSubscriber.request(FluxFilter.java:186)
	at reactor.core.publisher.FluxMap$MapSubscriber.request(FluxMap.java:164)
	at reactor.core.publisher.MonoFlatMap$FlatMapMain.request(MonoFlatMap.java:194)
	at reactor.core.publisher.Operators$MultiSubscriptionSubscriber.request(Operators.java:2331)
	at reactor.core.publisher.FluxConcatMapNoPrefetch$FluxConcatMapNoPrefetchSubscriber.request(FluxConcatMapNoPrefetch.java:339)
	at reactor.core.publisher.MonoNext$NextSubscriber.request(MonoNext.java:108)
	at reactor.core.publisher.FluxDefaultIfEmpty$DefaultIfEmptySubscriber.request(FluxDefaultIfEmpty.java:98)
	at reactor.core.publisher.MonoPeekTerminal$MonoTerminalPeekSubscriber.request(MonoPeekTerminal.java:139)
	at reactor.core.publisher.FluxPeekFuseable$PeekFuseableConditionalSubscriber.request(FluxPeekFuseable.java:437)
	at reactor.core.publisher.MonoPeekTerminal$MonoTerminalPeekSubscriber.request(MonoPeekTerminal.java:139)
	at reactor.core.publisher.FluxFilter$FilterSubscriber.request(FluxFilter.java:186)
	at reactor.core.publisher.Operators$MultiSubscriptionSubscriber.set(Operators.java:2367)
	at reactor.core.publisher.Operators$MultiSubscriptionSubscriber.onSubscribe(Operators.java:2241)
	at reactor.core.publisher.FluxFilter$FilterSubscriber.onSubscribe(FluxFilter.java:85)
	at reactor.core.publisher.MonoPeekTerminal$MonoTerminalPeekSubscriber.onSubscribe(MonoPeekTerminal.java:152)
	at reactor.core.publisher.FluxPeekFuseable$PeekFuseableConditionalSubscriber.onSubscribe(FluxPeekFuseable.java:471)
	at reactor.core.publisher.MonoPeekTerminal$MonoTerminalPeekSubscriber.onSubscribe(MonoPeekTerminal.java:152)
	at reactor.core.publisher.Operators$BaseFluxToMonoOperator.onSubscribe(Operators.java:2051)
	at reactor.core.publisher.MonoNext$NextSubscriber.onSubscribe(MonoNext.java:70)
	at reactor.core.publisher.FluxConcatMapNoPrefetch$FluxConcatMapNoPrefetchSubscriber.onSubscribe(FluxConcatMapNoPrefetch.java:164)
	at reactor.core.publisher.FluxIterable.subscribe(FluxIterable.java:201)
	at reactor.core.publisher.FluxIterable.subscribe(FluxIterable.java:83)
	at reactor.core.publisher.InternalMonoOperator.subscribe(InternalMonoOperator.java:76)
	at reactor.core.publisher.MonoDeferContextual.subscribe(MonoDeferContextual.java:55)
	at reactor.core.publisher.InternalMonoOperator.subscribe(InternalMonoOperator.java:76)
	at reactor.core.publisher.MonoDefer.subscribe(MonoDefer.java:53)
	at reactor.core.publisher.InternalMonoOperator.subscribe(InternalMonoOperator.java:76)
	at reactor.core.publisher.MonoDefer.subscribe(MonoDefer.java:53)
	at reactor.core.publisher.Mono.subscribe(Mono.java:4576)
	at reactor.core.publisher.MonoIgnoreThen$ThenIgnoreMain.subscribeNext(MonoIgnoreThen.java:265)
	at reactor.core.publisher.MonoIgnoreThen.subscribe(MonoIgnoreThen.java:51)
	at reactor.core.publisher.Mono.subscribe(Mono.java:4576)
	at reactor.core.publisher.FluxSwitchIfEmpty$SwitchIfEmptySubscriber.onComplete(FluxSwitchIfEmpty.java:82)
	at reactor.core.publisher.FluxFilter$FilterSubscriber.onComplete(FluxFilter.java:166)
	at reactor.core.publisher.FluxPeekFuseable$PeekConditionalSubscriber.onComplete(FluxPeekFuseable.java:940)
	at reactor.core.publisher.FluxSwitchIfEmpty$SwitchIfEmptySubscriber.onComplete(FluxSwitchIfEmpty.java:85)
	at reactor.core.publisher.Operators$ScalarSubscription.request(Operators.java:2573)
	at reactor.core.publisher.Operators$MultiSubscriptionSubscriber.set(Operators.java:2367)
	at reactor.core.publisher.Operators$MultiSubscriptionSubscriber.onSubscribe(Operators.java:2241)
	at reactor.core.publisher.MonoJust.subscribe(MonoJust.java:55)
	at reactor.core.publisher.Mono.subscribe(Mono.java:4576)
	at reactor.core.publisher.FluxSwitchIfEmpty$SwitchIfEmptySubscriber.onComplete(FluxSwitchIfEmpty.java:82)
	at reactor.core.publisher.MonoNext$NextSubscriber.onComplete(MonoNext.java:102)
	at reactor.core.publisher.FluxFilter$FilterSubscriber.onComplete(FluxFilter.java:166)
	at reactor.core.publisher.FluxFlatMap$FlatMapMain.checkTerminated(FluxFlatMap.java:850)
	at reactor.core.publisher.FluxFlatMap$FlatMapMain.drainLoop(FluxFlatMap.java:612)
	at reactor.core.publisher.FluxFlatMap$FlatMapMain.drain(FluxFlatMap.java:592)
	at reactor.core.publisher.FluxFlatMap$FlatMapMain.onComplete(FluxFlatMap.java:469)
	at reactor.core.publisher.FluxPeekFuseable$PeekFuseableSubscriber.onComplete(FluxPeekFuseable.java:277)
	at reactor.core.publisher.FluxIterable$IterableSubscription.slowPath(FluxIterable.java:357)
	at reactor.core.publisher.FluxIterable$IterableSubscription.request(FluxIterable.java:294)
	at reactor.core.publisher.FluxPeekFuseable$PeekFuseableSubscriber.request(FluxPeekFuseable.java:144)
	at reactor.core.publisher.FluxFlatMap$FlatMapMain.onSubscribe(FluxFlatMap.java:373)
	at reactor.core.publisher.FluxPeekFuseable$PeekFuseableSubscriber.onSubscribe(FluxPeekFuseable.java:178)
	at reactor.core.publisher.FluxIterable.subscribe(FluxIterable.java:201)
	at reactor.core.publisher.FluxIterable.subscribe(FluxIterable.java:83)
	at reactor.core.publisher.InternalMonoOperator.subscribe(InternalMonoOperator.java:76)
	at reactor.core.publisher.MonoDefer.subscribe(MonoDefer.java:53)
	at reactor.core.publisher.MonoFlatMap$FlatMapMain.onNext(MonoFlatMap.java:165)
	at reactor.core.publisher.Operators$BaseFluxToMonoOperator.completePossiblyEmpty(Operators.java:2097)
	at reactor.core.publisher.FluxDefaultIfEmpty$DefaultIfEmptySubscriber.onComplete(FluxDefaultIfEmpty.java:134)
	at reactor.core.publisher.FluxMap$MapSubscriber.onComplete(FluxMap.java:144)
	at reactor.core.publisher.FluxMap$MapSubscriber.onComplete(FluxMap.java:144)
	at reactor.core.publisher.FluxFilter$FilterSubscriber.onComplete(FluxFilter.java:166)
	at reactor.core.publisher.FluxMap$MapConditionalSubscriber.onComplete(FluxMap.java:275)
	at reactor.core.publisher.Operators$MonoSubscriber.complete(Operators.java:1866)
	at reactor.core.publisher.MonoCacheTime$CoordinatorSubscriber.signalCached(MonoCacheTime.java:337)
	at reactor.core.publisher.MonoCacheTime$CoordinatorSubscriber.onNext(MonoCacheTime.java:354)
	at reactor.core.publisher.FluxPeek$PeekSubscriber.onNext(FluxPeek.java:200)
	at reactor.core.publisher.FluxSwitchIfEmpty$SwitchIfEmptySubscriber.onNext(FluxSwitchIfEmpty.java:74)
	at reactor.core.publisher.MonoPeekTerminal$MonoTerminalPeekSubscriber.onNext(MonoPeekTerminal.java:180)
	at reactor.core.publisher.MonoPublishOn$PublishOnSubscriber.run(MonoPublishOn.java:181)
	at reactor.core.scheduler.SchedulerTask.call(SchedulerTask.java:68)
	at reactor.core.scheduler.SchedulerTask.call(SchedulerTask.java:28)
	at java.base/java.util.concurrent.FutureTask.run(FutureTask.java:317)
	at java.base/java.util.concurrent.ScheduledThreadPoolExecutor$ScheduledFutureTask.run(ScheduledThreadPoolExecutor.java:304)
	at java.base/java.util.concurrent.ThreadPoolExecutor.runWorker(ThreadPoolExecutor.java:1144)
	at java.base/java.util.concurrent.ThreadPoolExecutor$Worker.run(ThreadPoolExecutor.java:642)
	at java.base/java.lang.Thread.run(Thread.java:1583)
Caused by: java.lang.ClassNotFoundException: reactor.core.publisher.OnNextFailureStrategy$1
	at java.base/java.net.URLClassLoader.findClass(URLClassLoader.java:445)
	at java.base/java.lang.ClassLoader.loadClass(ClassLoader.java:593)
	at org.springframework.boot.loader.net.protocol.jar.JarUrlClassLoader.loadClass(JarUrlClassLoader.java:107)
	at org.springframework.boot.loader.launch.LaunchedClassLoader.loadClass(LaunchedClassLoader.java:91)
	at java.base/java.lang.ClassLoader.loadClass(ClassLoader.java:526)
	... 108 common frames omitted

2026-03-20 21:44:28.691  WARN 1297738 [parallel-1] [] reactor.core.Exceptions                  : throwIfFatal detected a jvm fatal exception, which is thrown and logged below:

java.lang.NoClassDefFoundError: reactor/core/publisher/OnNextFailureStrategy$1
	at reactor.core.publisher.OnNextFailureStrategy.<clinit>(OnNextFailureStrategy.java:146)
	at reactor.core.publisher.Operators.onNextErrorStrategy(Operators.java:809)
	at reactor.core.publisher.Operators.onNextError(Operators.java:892)
	at reactor.core.publisher.FluxConcatMapNoPrefetch$FluxConcatMapNoPrefetchSubscriber.onNext(FluxConcatMapNoPrefetch.java:212)
	at reactor.core.publisher.FluxIterable$IterableSubscription.slowPath(FluxIterable.java:335)
	at reactor.core.publisher.FluxIterable$IterableSubscription.request(FluxIterable.java:294)
	at reactor.core.publisher.FluxConcatMapNoPrefetch$FluxConcatMapNoPrefetchSubscriber.innerComplete(FluxConcatMapNoPrefetch.java:275)
	at reactor.core.publisher.FluxConcatMap$ConcatMapInner.onComplete(FluxConcatMap.java:889)
	at reactor.core.publisher.MonoFlatMap$FlatMapMain.onComplete(MonoFlatMap.java:189)
	at reactor.core.publisher.FluxMap$MapSubscriber.onComplete(FluxMap.java:144)
	at reactor.core.publisher.FluxFilter$FilterSubscriber.onComplete(FluxFilter.java:166)
	at reactor.core.publisher.FluxPeekFuseable$PeekConditionalSubscriber.onComplete(FluxPeekFuseable.java:940)
	at reactor.core.publisher.FluxSwitchIfEmpty$SwitchIfEmptySubscriber.onComplete(FluxSwitchIfEmpty.java:85)
	at reactor.core.publisher.Operators$ScalarSubscription.request(Operators.java:2573)
	at reactor.core.publisher.Operators$MultiSubscriptionSubscriber.set(Operators.java:2367)
	at reactor.core.publisher.Operators$MultiSubscriptionSubscriber.onSubscribe(Operators.java:2241)
	at reactor.core.publisher.MonoJust.subscribe(MonoJust.java:55)
	at reactor.core.publisher.Mono.subscribe(Mono.java:4576)
	at reactor.core.publisher.FluxSwitchIfEmpty$SwitchIfEmptySubscriber.onComplete(FluxSwitchIfEmpty.java:82)
	at reactor.core.publisher.MonoNext$NextSubscriber.onComplete(MonoNext.java:102)
	at reactor.core.publisher.FluxFilter$FilterSubscriber.onComplete(FluxFilter.java:166)
	at reactor.core.publisher.FluxFlatMap$FlatMapMain.checkTerminated(FluxFlatMap.java:850)
	at reactor.core.publisher.FluxFlatMap$FlatMapMain.drainLoop(FluxFlatMap.java:612)
	at reactor.core.publisher.FluxFlatMap$FlatMapMain.drain(FluxFlatMap.java:592)
	at reactor.core.publisher.FluxFlatMap$FlatMapMain.request(FluxFlatMap.java:349)
	at reactor.core.publisher.FluxFilter$FilterSubscriber.request(FluxFilter.java:186)
	at reactor.core.publisher.MonoNext$NextSubscriber.request(MonoNext.java:108)
	at reactor.core.publisher.Operators$MultiSubscriptionSubscriber.request(Operators.java:2331)
	at reactor.core.publisher.FluxPeekFuseable$PeekConditionalSubscriber.request(FluxPeekFuseable.java:783)
	at reactor.core.publisher.FluxFilter$FilterSubscriber.request(FluxFilter.java:186)
	at reactor.core.publisher.FluxMap$MapSubscriber.request(FluxMap.java:164)
	at reactor.core.publisher.MonoFlatMap$FlatMapMain.request(MonoFlatMap.java:194)
	at reactor.core.publisher.Operators$MultiSubscriptionSubscriber.request(Operators.java:2331)
	at reactor.core.publisher.FluxConcatMapNoPrefetch$FluxConcatMapNoPrefetchSubscriber.request(FluxConcatMapNoPrefetch.java:339)
	at reactor.core.publisher.MonoNext$NextSubscriber.request(MonoNext.java:108)
	at reactor.core.publisher.FluxDefaultIfEmpty$DefaultIfEmptySubscriber.request(FluxDefaultIfEmpty.java:98)
	at reactor.core.publisher.MonoPeekTerminal$MonoTerminalPeekSubscriber.request(MonoPeekTerminal.java:139)
	at reactor.core.publisher.FluxPeekFuseable$PeekFuseableConditionalSubscriber.request(FluxPeekFuseable.java:437)
	at reactor.core.publisher.MonoPeekTerminal$MonoTerminalPeekSubscriber.request(MonoPeekTerminal.java:139)
	at reactor.core.publisher.FluxFilter$FilterSubscriber.request(FluxFilter.java:186)
	at reactor.core.publisher.Operators$MultiSubscriptionSubscriber.set(Operators.java:2367)
	at reactor.core.publisher.Operators$MultiSubscriptionSubscriber.onSubscribe(Operators.java:2241)
	at reactor.core.publisher.FluxFilter$FilterSubscriber.onSubscribe(FluxFilter.java:85)
	at reactor.core.publisher.MonoPeekTerminal$MonoTerminalPeekSubscriber.onSubscribe(MonoPeekTerminal.java:152)
	at reactor.core.publisher.FluxPeekFuseable$PeekFuseableConditionalSubscriber.onSubscribe(FluxPeekFuseable.java:471)
	at reactor.core.publisher.MonoPeekTerminal$MonoTerminalPeekSubscriber.onSubscribe(MonoPeekTerminal.java:152)
	at reactor.core.publisher.Operators$BaseFluxToMonoOperator.onSubscribe(Operators.java:2051)
	at reactor.core.publisher.MonoNext$NextSubscriber.onSubscribe(MonoNext.java:70)
	at reactor.core.publisher.FluxConcatMapNoPrefetch$FluxConcatMapNoPrefetchSubscriber.onSubscribe(FluxConcatMapNoPrefetch.java:164)
	at reactor.core.publisher.FluxIterable.subscribe(FluxIterable.java:201)
	at reactor.core.publisher.FluxIterable.subscribe(FluxIterable.java:83)
	at reactor.core.publisher.InternalMonoOperator.subscribe(InternalMonoOperator.java:76)
	at reactor.core.publisher.MonoDeferContextual.subscribe(MonoDeferContextual.java:55)
	at reactor.core.publisher.InternalMonoOperator.subscribe(InternalMonoOperator.java:76)
	at reactor.core.publisher.MonoDefer.subscribe(MonoDefer.java:53)
	at reactor.core.publisher.InternalMonoOperator.subscribe(InternalMonoOperator.java:76)
	at reactor.core.publisher.MonoDefer.subscribe(MonoDefer.java:53)
	at reactor.core.publisher.Mono.subscribe(Mono.java:4576)
	at reactor.core.publisher.MonoIgnoreThen$ThenIgnoreMain.subscribeNext(MonoIgnoreThen.java:265)
	at reactor.core.publisher.MonoIgnoreThen.subscribe(MonoIgnoreThen.java:51)
	at reactor.core.publisher.Mono.subscribe(Mono.java:4576)
	at reactor.core.publisher.FluxSwitchIfEmpty$SwitchIfEmptySubscriber.onComplete(FluxSwitchIfEmpty.java:82)
	at reactor.core.publisher.FluxFilter$FilterSubscriber.onComplete(FluxFilter.java:166)
	at reactor.core.publisher.FluxPeekFuseable$PeekConditionalSubscriber.onComplete(FluxPeekFuseable.java:940)
	at reactor.core.publisher.FluxSwitchIfEmpty$SwitchIfEmptySubscriber.onComplete(FluxSwitchIfEmpty.java:85)
	at reactor.core.publisher.Operators$ScalarSubscription.request(Operators.java:2573)
	at reactor.core.publisher.Operators$MultiSubscriptionSubscriber.set(Operators.java:2367)
	at reactor.core.publisher.Operators$MultiSubscriptionSubscriber.onSubscribe(Operators.java:2241)
	at reactor.core.publisher.MonoJust.subscribe(MonoJust.java:55)
	at reactor.core.publisher.Mono.subscribe(Mono.java:4576)
	at reactor.core.publisher.FluxSwitchIfEmpty$SwitchIfEmptySubscriber.onComplete(FluxSwitchIfEmpty.java:82)
	at reactor.core.publisher.MonoNext$NextSubscriber.onComplete(MonoNext.java:102)
	at reactor.core.publisher.FluxFilter$FilterSubscriber.onComplete(FluxFilter.java:166)
	at reactor.core.publisher.FluxFlatMap$FlatMapMain.checkTerminated(FluxFlatMap.java:850)
	at reactor.core.publisher.FluxFlatMap$FlatMapMain.drainLoop(FluxFlatMap.java:612)
	at reactor.core.publisher.FluxFlatMap$FlatMapMain.drain(FluxFlatMap.java:592)
	at reactor.core.publisher.FluxFlatMap$FlatMapMain.onComplete(FluxFlatMap.java:469)
	at reactor.core.publisher.FluxPeekFuseable$PeekFuseableSubscriber.onComplete(FluxPeekFuseable.java:277)
	at reactor.core.publisher.FluxIterable$IterableSubscription.slowPath(FluxIterable.java:357)
	at reactor.core.publisher.FluxIterable$IterableSubscription.request(FluxIterable.java:294)
	at reactor.core.publisher.FluxPeekFuseable$PeekFuseableSubscriber.request(FluxPeekFuseable.java:144)
	at reactor.core.publisher.FluxFlatMap$FlatMapMain.onSubscribe(FluxFlatMap.java:373)
	at reactor.core.publisher.FluxPeekFuseable$PeekFuseableSubscriber.onSubscribe(FluxPeekFuseable.java:178)
	at reactor.core.publisher.FluxIterable.subscribe(FluxIterable.java:201)
	at reactor.core.publisher.FluxIterable.subscribe(FluxIterable.java:83)
	at reactor.core.publisher.InternalMonoOperator.subscribe(InternalMonoOperator.java:76)
	at reactor.core.publisher.MonoDefer.subscribe(MonoDefer.java:53)
	at reactor.core.publisher.MonoFlatMap$FlatMapMain.onNext(MonoFlatMap.java:165)
	at reactor.core.publisher.Operators$BaseFluxToMonoOperator.completePossiblyEmpty(Operators.java:2097)
	at reactor.core.publisher.FluxDefaultIfEmpty$DefaultIfEmptySubscriber.onComplete(FluxDefaultIfEmpty.java:134)
	at reactor.core.publisher.FluxMap$MapSubscriber.onComplete(FluxMap.java:144)
	at reactor.core.publisher.FluxMap$MapSubscriber.onComplete(FluxMap.java:144)
	at reactor.core.publisher.FluxFilter$FilterSubscriber.onComplete(FluxFilter.java:166)
	at reactor.core.publisher.FluxMap$MapConditionalSubscriber.onComplete(FluxMap.java:275)
	at reactor.core.publisher.Operators$MonoSubscriber.complete(Operators.java:1866)
	at reactor.core.publisher.MonoCacheTime$CoordinatorSubscriber.signalCached(MonoCacheTime.java:337)
	at reactor.core.publisher.MonoCacheTime$CoordinatorSubscriber.onNext(MonoCacheTime.java:354)
	at reactor.core.publisher.FluxPeek$PeekSubscriber.onNext(FluxPeek.java:200)
	at reactor.core.publisher.FluxSwitchIfEmpty$SwitchIfEmptySubscriber.onNext(FluxSwitchIfEmpty.java:74)
	at reactor.core.publisher.MonoPeekTerminal$MonoTerminalPeekSubscriber.onNext(MonoPeekTerminal.java:180)
	at reactor.core.publisher.MonoPublishOn$PublishOnSubscriber.run(MonoPublishOn.java:181)
	at reactor.core.scheduler.SchedulerTask.call(SchedulerTask.java:68)
	at reactor.core.scheduler.SchedulerTask.call(SchedulerTask.java:28)
	at java.base/java.util.concurrent.FutureTask.run(FutureTask.java:317)
	at java.base/java.util.concurrent.ScheduledThreadPoolExecutor$ScheduledFutureTask.run(ScheduledThreadPoolExecutor.java:304)
	at java.base/java.util.concurrent.ThreadPoolExecutor.runWorker(ThreadPoolExecutor.java:1144)
	at java.base/java.util.concurrent.ThreadPoolExecutor$Worker.run(ThreadPoolExecutor.java:642)
	at java.base/java.lang.Thread.run(Thread.java:1583)
Caused by: java.lang.ClassNotFoundException: reactor.core.publisher.OnNextFailureStrategy$1
	at java.base/java.net.URLClassLoader.findClass(URLClassLoader.java:445)
	at java.base/java.lang.ClassLoader.loadClass(ClassLoader.java:593)
	at org.springframework.boot.loader.net.protocol.jar.JarUrlClassLoader.loadClass(JarUrlClassLoader.java:107)
	at org.springframework.boot.loader.launch.LaunchedClassLoader.loadClass(LaunchedClassLoader.java:91)
	at java.base/java.lang.ClassLoader.loadClass(ClassLoader.java:526)
	... 108 common frames omitted

2026-03-20 21:44:28.695  WARN 1297738 [parallel-1] [] reactor.core.Exceptions                  : throwIfFatal detected a jvm fatal exception, which is thrown and logged below:

java.lang.NoClassDefFoundError: reactor/core/publisher/OnNextFailureStrategy$1
	at reactor.core.publisher.OnNextFailureStrategy.<clinit>(OnNextFailureStrategy.java:146)
	at reactor.core.publisher.Operators.onNextErrorStrategy(Operators.java:809)
	at reactor.core.publisher.Operators.onNextError(Operators.java:892)
	at reactor.core.publisher.FluxConcatMapNoPrefetch$FluxConcatMapNoPrefetchSubscriber.onNext(FluxConcatMapNoPrefetch.java:212)
	at reactor.core.publisher.FluxIterable$IterableSubscription.slowPath(FluxIterable.java:335)
	at reactor.core.publisher.FluxIterable$IterableSubscription.request(FluxIterable.java:294)
	at reactor.core.publisher.FluxConcatMapNoPrefetch$FluxConcatMapNoPrefetchSubscriber.innerComplete(FluxConcatMapNoPrefetch.java:275)
	at reactor.core.publisher.FluxConcatMap$ConcatMapInner.onComplete(FluxConcatMap.java:889)
	at reactor.core.publisher.MonoFlatMap$FlatMapMain.onComplete(MonoFlatMap.java:189)
	at reactor.core.publisher.FluxMap$MapSubscriber.onComplete(FluxMap.java:144)
	at reactor.core.publisher.FluxFilter$FilterSubscriber.onComplete(FluxFilter.java:166)
	at reactor.core.publisher.FluxPeekFuseable$PeekConditionalSubscriber.onComplete(FluxPeekFuseable.java:940)
	at reactor.core.publisher.FluxSwitchIfEmpty$SwitchIfEmptySubscriber.onComplete(FluxSwitchIfEmpty.java:85)
	at reactor.core.publisher.Operators$ScalarSubscription.request(Operators.java:2573)
	at reactor.core.publisher.Operators$MultiSubscriptionSubscriber.set(Operators.java:2367)
	at reactor.core.publisher.Operators$MultiSubscriptionSubscriber.onSubscribe(Operators.java:2241)
	at reactor.core.publisher.MonoJust.subscribe(MonoJust.java:55)
	at reactor.core.publisher.Mono.subscribe(Mono.java:4576)
	at reactor.core.publisher.FluxSwitchIfEmpty$SwitchIfEmptySubscriber.onComplete(FluxSwitchIfEmpty.java:82)
	at reactor.core.publisher.MonoNext$NextSubscriber.onComplete(MonoNext.java:102)
	at reactor.core.publisher.FluxFilter$FilterSubscriber.onComplete(FluxFilter.java:166)
	at reactor.core.publisher.FluxFlatMap$FlatMapMain.checkTerminated(FluxFlatMap.java:850)
	at reactor.core.publisher.FluxFlatMap$FlatMapMain.drainLoop(FluxFlatMap.java:612)
	at reactor.core.publisher.FluxFlatMap$FlatMapMain.drain(FluxFlatMap.java:592)
	at reactor.core.publisher.FluxFlatMap$FlatMapMain.request(FluxFlatMap.java:349)
	at reactor.core.publisher.FluxFilter$FilterSubscriber.request(FluxFilter.java:186)
	at reactor.core.publisher.MonoNext$NextSubscriber.request(MonoNext.java:108)
	at reactor.core.publisher.Operators$MultiSubscriptionSubscriber.request(Operators.java:2331)
	at reactor.core.publisher.FluxPeekFuseable$PeekConditionalSubscriber.request(FluxPeekFuseable.java:783)
	at reactor.core.publisher.FluxFilter$FilterSubscriber.request(FluxFilter.java:186)
	at reactor.core.publisher.FluxMap$MapSubscriber.request(FluxMap.java:164)
	at reactor.core.publisher.MonoFlatMap$FlatMapMain.request(MonoFlatMap.java:194)
	at reactor.core.publisher.Operators$MultiSubscriptionSubscriber.request(Operators.java:2331)
	at reactor.core.publisher.FluxConcatMapNoPrefetch$FluxConcatMapNoPrefetchSubscriber.request(FluxConcatMapNoPrefetch.java:339)
	at reactor.core.publisher.MonoNext$NextSubscriber.request(MonoNext.java:108)
	at reactor.core.publisher.FluxDefaultIfEmpty$DefaultIfEmptySubscriber.request(FluxDefaultIfEmpty.java:98)
	at reactor.core.publisher.MonoPeekTerminal$MonoTerminalPeekSubscriber.request(MonoPeekTerminal.java:139)
	at reactor.core.publisher.FluxPeekFuseable$PeekFuseableConditionalSubscriber.request(FluxPeekFuseable.java:437)
	at reactor.core.publisher.MonoPeekTerminal$MonoTerminalPeekSubscriber.request(MonoPeekTerminal.java:139)
	at reactor.core.publisher.FluxFilter$FilterSubscriber.request(FluxFilter.java:186)
	at reactor.core.publisher.Operators$MultiSubscriptionSubscriber.set(Operators.java:2367)
	at reactor.core.publisher.Operators$MultiSubscriptionSubscriber.onSubscribe(Operators.java:2241)
	at reactor.core.publisher.FluxFilter$FilterSubscriber.onSubscribe(FluxFilter.java:85)
	at reactor.core.publisher.MonoPeekTerminal$MonoTerminalPeekSubscriber.onSubscribe(MonoPeekTerminal.java:152)
	at reactor.core.publisher.FluxPeekFuseable$PeekFuseableConditionalSubscriber.onSubscribe(FluxPeekFuseable.java:471)
	at reactor.core.publisher.MonoPeekTerminal$MonoTerminalPeekSubscriber.onSubscribe(MonoPeekTerminal.java:152)
	at reactor.core.publisher.Operators$BaseFluxToMonoOperator.onSubscribe(Operators.java:2051)
	at reactor.core.publisher.MonoNext$NextSubscriber.onSubscribe(MonoNext.java:70)
	at reactor.core.publisher.FluxConcatMapNoPrefetch$FluxConcatMapNoPrefetchSubscriber.onSubscribe(FluxConcatMapNoPrefetch.java:164)
	at reactor.core.publisher.FluxIterable.subscribe(FluxIterable.java:201)
	at reactor.core.publisher.FluxIterable.subscribe(FluxIterable.java:83)
	at reactor.core.publisher.InternalMonoOperator.subscribe(InternalMonoOperator.java:76)
	at reactor.core.publisher.MonoDeferContextual.subscribe(MonoDeferContextual.java:55)
	at reactor.core.publisher.InternalMonoOperator.subscribe(InternalMonoOperator.java:76)
	at reactor.core.publisher.MonoDefer.subscribe(MonoDefer.java:53)
	at reactor.core.publisher.InternalMonoOperator.subscribe(InternalMonoOperator.java:76)
	at reactor.core.publisher.MonoDefer.subscribe(MonoDefer.java:53)
	at reactor.core.publisher.Mono.subscribe(Mono.java:4576)
	at reactor.core.publisher.MonoIgnoreThen$ThenIgnoreMain.subscribeNext(MonoIgnoreThen.java:265)
	at reactor.core.publisher.MonoIgnoreThen.subscribe(MonoIgnoreThen.java:51)
	at reactor.core.publisher.Mono.subscribe(Mono.java:4576)
	at reactor.core.publisher.FluxSwitchIfEmpty$SwitchIfEmptySubscriber.onComplete(FluxSwitchIfEmpty.java:82)
	at reactor.core.publisher.FluxFilter$FilterSubscriber.onComplete(FluxFilter.java:166)
	at reactor.core.publisher.FluxPeekFuseable$PeekConditionalSubscriber.onComplete(FluxPeekFuseable.java:940)
	at reactor.core.publisher.FluxSwitchIfEmpty$SwitchIfEmptySubscriber.onComplete(FluxSwitchIfEmpty.java:85)
	at reactor.core.publisher.Operators$ScalarSubscription.request(Operators.java:2573)
	at reactor.core.publisher.Operators$MultiSubscriptionSubscriber.set(Operators.java:2367)
	at reactor.core.publisher.Operators$MultiSubscriptionSubscriber.onSubscribe(Operators.java:2241)
	at reactor.core.publisher.MonoJust.subscribe(MonoJust.java:55)
	at reactor.core.publisher.Mono.subscribe(Mono.java:4576)
	at reactor.core.publisher.FluxSwitchIfEmpty$SwitchIfEmptySubscriber.onComplete(FluxSwitchIfEmpty.java:82)
	at reactor.core.publisher.MonoNext$NextSubscriber.onComplete(MonoNext.java:102)
	at reactor.core.publisher.FluxFilter$FilterSubscriber.onComplete(FluxFilter.java:166)
	at reactor.core.publisher.FluxFlatMap$FlatMapMain.checkTerminated(FluxFlatMap.java:850)
	at reactor.core.publisher.FluxFlatMap$FlatMapMain.drainLoop(FluxFlatMap.java:612)
	at reactor.core.publisher.FluxFlatMap$FlatMapMain.drain(FluxFlatMap.java:592)
	at reactor.core.publisher.FluxFlatMap$FlatMapMain.onComplete(FluxFlatMap.java:469)
	at reactor.core.publisher.FluxPeekFuseable$PeekFuseableSubscriber.onComplete(FluxPeekFuseable.java:277)
	at reactor.core.publisher.FluxIterable$IterableSubscription.slowPath(FluxIterable.java:357)
	at reactor.core.publisher.FluxIterable$IterableSubscription.request(FluxIterable.java:294)
	at reactor.core.publisher.FluxPeekFuseable$PeekFuseableSubscriber.request(FluxPeekFuseable.java:144)
	at reactor.core.publisher.FluxFlatMap$FlatMapMain.onSubscribe(FluxFlatMap.java:373)
	at reactor.core.publisher.FluxPeekFuseable$PeekFuseableSubscriber.onSubscribe(FluxPeekFuseable.java:178)
	at reactor.core.publisher.FluxIterable.subscribe(FluxIterable.java:201)
	at reactor.core.publisher.FluxIterable.subscribe(FluxIterable.java:83)
	at reactor.core.publisher.InternalMonoOperator.subscribe(InternalMonoOperator.java:76)
	at reactor.core.publisher.MonoDefer.subscribe(MonoDefer.java:53)
	at reactor.core.publisher.MonoFlatMap$FlatMapMain.onNext(MonoFlatMap.java:165)
	at reactor.core.publisher.Operators$BaseFluxToMonoOperator.completePossiblyEmpty(Operators.java:2097)
	at reactor.core.publisher.FluxDefaultIfEmpty$DefaultIfEmptySubscriber.onComplete(FluxDefaultIfEmpty.java:134)
	at reactor.core.publisher.FluxMap$MapSubscriber.onComplete(FluxMap.java:144)
	at reactor.core.publisher.FluxMap$MapSubscriber.onComplete(FluxMap.java:144)
	at reactor.core.publisher.FluxFilter$FilterSubscriber.onComplete(FluxFilter.java:166)
	at reactor.core.publisher.FluxMap$MapConditionalSubscriber.onComplete(FluxMap.java:275)
	at reactor.core.publisher.Operators$MonoSubscriber.complete(Operators.java:1866)
	at reactor.core.publisher.MonoCacheTime$CoordinatorSubscriber.signalCached(MonoCacheTime.java:337)
	at reactor.core.publisher.MonoCacheTime$CoordinatorSubscriber.onNext(MonoCacheTime.java:354)
	at reactor.core.publisher.FluxPeek$PeekSubscriber.onNext(FluxPeek.java:200)
	at reactor.core.publisher.FluxSwitchIfEmpty$SwitchIfEmptySubscriber.onNext(FluxSwitchIfEmpty.java:74)
	at reactor.core.publisher.MonoPeekTerminal$MonoTerminalPeekSubscriber.onNext(MonoPeekTerminal.java:180)
	at reactor.core.publisher.MonoPublishOn$PublishOnSubscriber.run(MonoPublishOn.java:181)
	at reactor.core.scheduler.SchedulerTask.call(SchedulerTask.java:68)
	at reactor.core.scheduler.SchedulerTask.call(SchedulerTask.java:28)
	at java.base/java.util.concurrent.FutureTask.run(FutureTask.java:317)
	at java.base/java.util.concurrent.ScheduledThreadPoolExecutor$ScheduledFutureTask.run(ScheduledThreadPoolExecutor.java:304)
	at java.base/java.util.concurrent.ThreadPoolExecutor.runWorker(ThreadPoolExecutor.java:1144)
	at java.base/java.util.concurrent.ThreadPoolExecutor$Worker.run(ThreadPoolExecutor.java:642)
	at java.base/java.lang.Thread.run(Thread.java:1583)
Caused by: java.lang.ClassNotFoundException: reactor.core.publisher.OnNextFailureStrategy$1
	at java.base/java.net.URLClassLoader.findClass(URLClassLoader.java:445)
	at java.base/java.lang.ClassLoader.loadClass(ClassLoader.java:593)
	at org.springframework.boot.loader.net.protocol.jar.JarUrlClassLoader.loadClass(JarUrlClassLoader.java:107)
	at org.springframework.boot.loader.launch.LaunchedClassLoader.loadClass(LaunchedClassLoader.java:91)
	at java.base/java.lang.ClassLoader.loadClass(ClassLoader.java:526)
	... 108 common frames omitted

2026-03-20 21:44:28.696  WARN 1297738 [parallel-1] [] reactor.core.Exceptions                  : throwIfFatal detected a jvm fatal exception, which is thrown and logged below:

java.lang.NoClassDefFoundError: reactor/core/publisher/OnNextFailureStrategy$1
	at reactor.core.publisher.OnNextFailureStrategy.<clinit>(OnNextFailureStrategy.java:146)
	at reactor.core.publisher.Operators.onNextErrorStrategy(Operators.java:809)
	at reactor.core.publisher.Operators.onNextError(Operators.java:892)
	at reactor.core.publisher.FluxConcatMapNoPrefetch$FluxConcatMapNoPrefetchSubscriber.onNext(FluxConcatMapNoPrefetch.java:212)
	at reactor.core.publisher.FluxIterable$IterableSubscription.slowPath(FluxIterable.java:335)
	at reactor.core.publisher.FluxIterable$IterableSubscription.request(FluxIterable.java:294)
	at reactor.core.publisher.FluxConcatMapNoPrefetch$FluxConcatMapNoPrefetchSubscriber.innerComplete(FluxConcatMapNoPrefetch.java:275)
	at reactor.core.publisher.FluxConcatMap$ConcatMapInner.onComplete(FluxConcatMap.java:889)
	at reactor.core.publisher.MonoFlatMap$FlatMapMain.onComplete(MonoFlatMap.java:189)
	at reactor.core.publisher.FluxMap$MapSubscriber.onComplete(FluxMap.java:144)
	at reactor.core.publisher.FluxFilter$FilterSubscriber.onComplete(FluxFilter.java:166)
	at reactor.core.publisher.FluxPeekFuseable$PeekConditionalSubscriber.onComplete(FluxPeekFuseable.java:940)
	at reactor.core.publisher.FluxSwitchIfEmpty$SwitchIfEmptySubscriber.onComplete(FluxSwitchIfEmpty.java:85)
	at reactor.core.publisher.Operators$ScalarSubscription.request(Operators.java:2573)
	at reactor.core.publisher.Operators$MultiSubscriptionSubscriber.set(Operators.java:2367)
	at reactor.core.publisher.Operators$MultiSubscriptionSubscriber.onSubscribe(Operators.java:2241)
	at reactor.core.publisher.MonoJust.subscribe(MonoJust.java:55)
	at reactor.core.publisher.Mono.subscribe(Mono.java:4576)
	at reactor.core.publisher.FluxSwitchIfEmpty$SwitchIfEmptySubscriber.onComplete(FluxSwitchIfEmpty.java:82)
	at reactor.core.publisher.MonoNext$NextSubscriber.onComplete(MonoNext.java:102)
	at reactor.core.publisher.FluxFilter$FilterSubscriber.onComplete(FluxFilter.java:166)
	at reactor.core.publisher.FluxFlatMap$FlatMapMain.checkTerminated(FluxFlatMap.java:850)
	at reactor.core.publisher.FluxFlatMap$FlatMapMain.drainLoop(FluxFlatMap.java:612)
	at reactor.core.publisher.FluxFlatMap$FlatMapMain.drain(FluxFlatMap.java:592)
	at reactor.core.publisher.FluxFlatMap$FlatMapMain.request(FluxFlatMap.java:349)
	at reactor.core.publisher.FluxFilter$FilterSubscriber.request(FluxFilter.java:186)
	at reactor.core.publisher.MonoNext$NextSubscriber.request(MonoNext.java:108)
	at reactor.core.publisher.Operators$MultiSubscriptionSubscriber.request(Operators.java:2331)
	at reactor.core.publisher.FluxPeekFuseable$PeekConditionalSubscriber.request(FluxPeekFuseable.java:783)
	at reactor.core.publisher.FluxFilter$FilterSubscriber.request(FluxFilter.java:186)
	at reactor.core.publisher.FluxMap$MapSubscriber.request(FluxMap.java:164)
	at reactor.core.publisher.MonoFlatMap$FlatMapMain.request(MonoFlatMap.java:194)
	at reactor.core.publisher.Operators$MultiSubscriptionSubscriber.request(Operators.java:2331)
	at reactor.core.publisher.FluxConcatMapNoPrefetch$FluxConcatMapNoPrefetchSubscriber.request(FluxConcatMapNoPrefetch.java:339)
	at reactor.core.publisher.MonoNext$NextSubscriber.request(MonoNext.java:108)
	at reactor.core.publisher.FluxDefaultIfEmpty$DefaultIfEmptySubscriber.request(FluxDefaultIfEmpty.java:98)
	at reactor.core.publisher.MonoPeekTerminal$MonoTerminalPeekSubscriber.request(MonoPeekTerminal.java:139)
	at reactor.core.publisher.FluxPeekFuseable$PeekFuseableConditionalSubscriber.request(FluxPeekFuseable.java:437)
	at reactor.core.publisher.MonoPeekTerminal$MonoTerminalPeekSubscriber.request(MonoPeekTerminal.java:139)
	at reactor.core.publisher.FluxFilter$FilterSubscriber.request(FluxFilter.java:186)
	at reactor.core.publisher.Operators$MultiSubscriptionSubscriber.set(Operators.java:2367)
	at reactor.core.publisher.Operators$MultiSubscriptionSubscriber.onSubscribe(Operators.java:2241)
	at reactor.core.publisher.FluxFilter$FilterSubscriber.onSubscribe(FluxFilter.java:85)
	at reactor.core.publisher.MonoPeekTerminal$MonoTerminalPeekSubscriber.onSubscribe(MonoPeekTerminal.java:152)
	at reactor.core.publisher.FluxPeekFuseable$PeekFuseableConditionalSubscriber.onSubscribe(FluxPeekFuseable.java:471)
	at reactor.core.publisher.MonoPeekTerminal$MonoTerminalPeekSubscriber.onSubscribe(MonoPeekTerminal.java:152)
	at reactor.core.publisher.Operators$BaseFluxToMonoOperator.onSubscribe(Operators.java:2051)
	at reactor.core.publisher.MonoNext$NextSubscriber.onSubscribe(MonoNext.java:70)
	at reactor.core.publisher.FluxConcatMapNoPrefetch$FluxConcatMapNoPrefetchSubscriber.onSubscribe(FluxConcatMapNoPrefetch.java:164)
	at reactor.core.publisher.FluxIterable.subscribe(FluxIterable.java:201)
	at reactor.core.publisher.FluxIterable.subscribe(FluxIterable.java:83)
	at reactor.core.publisher.InternalMonoOperator.subscribe(InternalMonoOperator.java:76)
	at reactor.core.publisher.MonoDeferContextual.subscribe(MonoDeferContextual.java:55)
	at reactor.core.publisher.InternalMonoOperator.subscribe(InternalMonoOperator.java:76)
	at reactor.core.publisher.MonoDefer.subscribe(MonoDefer.java:53)
	at reactor.core.publisher.InternalMonoOperator.subscribe(InternalMonoOperator.java:76)
	at reactor.core.publisher.MonoDefer.subscribe(MonoDefer.java:53)
	at reactor.core.publisher.Mono.subscribe(Mono.java:4576)
	at reactor.core.publisher.MonoIgnoreThen$ThenIgnoreMain.subscribeNext(MonoIgnoreThen.java:265)
	at reactor.core.publisher.MonoIgnoreThen.subscribe(MonoIgnoreThen.java:51)
	at reactor.core.publisher.Mono.subscribe(Mono.java:4576)
	at reactor.core.publisher.FluxSwitchIfEmpty$SwitchIfEmptySubscriber.onComplete(FluxSwitchIfEmpty.java:82)
	at reactor.core.publisher.FluxFilter$FilterSubscriber.onComplete(FluxFilter.java:166)
	at reactor.core.publisher.FluxPeekFuseable$PeekConditionalSubscriber.onComplete(FluxPeekFuseable.java:940)
	at reactor.core.publisher.FluxSwitchIfEmpty$SwitchIfEmptySubscriber.onComplete(FluxSwitchIfEmpty.java:85)
	at reactor.core.publisher.Operators$ScalarSubscription.request(Operators.java:2573)
	at reactor.core.publisher.Operators$MultiSubscriptionSubscriber.set(Operators.java:2367)
	at reactor.core.publisher.Operators$MultiSubscriptionSubscriber.onSubscribe(Operators.java:2241)
	at reactor.core.publisher.MonoJust.subscribe(MonoJust.java:55)
	at reactor.core.publisher.Mono.subscribe(Mono.java:4576)
	at reactor.core.publisher.FluxSwitchIfEmpty$SwitchIfEmptySubscriber.onComplete(FluxSwitchIfEmpty.java:82)
	at reactor.core.publisher.MonoNext$NextSubscriber.onComplete(MonoNext.java:102)
	at reactor.core.publisher.FluxFilter$FilterSubscriber.onComplete(FluxFilter.java:166)
	at reactor.core.publisher.FluxFlatMap$FlatMapMain.checkTerminated(FluxFlatMap.java:850)
	at reactor.core.publisher.FluxFlatMap$FlatMapMain.drainLoop(FluxFlatMap.java:612)
	at reactor.core.publisher.FluxFlatMap$FlatMapMain.drain(FluxFlatMap.java:592)
	at reactor.core.publisher.FluxFlatMap$FlatMapMain.onComplete(FluxFlatMap.java:469)
	at reactor.core.publisher.FluxPeekFuseable$PeekFuseableSubscriber.onComplete(FluxPeekFuseable.java:277)
	at reactor.core.publisher.FluxIterable$IterableSubscription.slowPath(FluxIterable.java:357)
	at reactor.core.publisher.FluxIterable$IterableSubscription.request(FluxIterable.java:294)
	at reactor.core.publisher.FluxPeekFuseable$PeekFuseableSubscriber.request(FluxPeekFuseable.java:144)
	at reactor.core.publisher.FluxFlatMap$FlatMapMain.onSubscribe(FluxFlatMap.java:373)
	at reactor.core.publisher.FluxPeekFuseable$PeekFuseableSubscriber.onSubscribe(FluxPeekFuseable.java:178)
	at reactor.core.publisher.FluxIterable.subscribe(FluxIterable.java:201)
	at reactor.core.publisher.FluxIterable.subscribe(FluxIterable.java:83)
	at reactor.core.publisher.InternalMonoOperator.subscribe(InternalMonoOperator.java:76)
	at reactor.core.publisher.MonoDefer.subscribe(MonoDefer.java:53)
	at reactor.core.publisher.MonoFlatMap$FlatMapMain.onNext(MonoFlatMap.java:165)
	at reactor.core.publisher.Operators$BaseFluxToMonoOperator.completePossiblyEmpty(Operators.java:2097)
	at reactor.core.publisher.FluxDefaultIfEmpty$DefaultIfEmptySubscriber.onComplete(FluxDefaultIfEmpty.java:134)
	at reactor.core.publisher.FluxMap$MapSubscriber.onComplete(FluxMap.java:144)
	at reactor.core.publisher.FluxMap$MapSubscriber.onComplete(FluxMap.java:144)
	at reactor.core.publisher.FluxFilter$FilterSubscriber.onComplete(FluxFilter.java:166)
	at reactor.core.publisher.FluxMap$MapConditionalSubscriber.onComplete(FluxMap.java:275)
	at reactor.core.publisher.Operators$MonoSubscriber.complete(Operators.java:1866)
	at reactor.core.publisher.MonoCacheTime$CoordinatorSubscriber.signalCached(MonoCacheTime.java:337)
	at reactor.core.publisher.MonoCacheTime$CoordinatorSubscriber.onNext(MonoCacheTime.java:354)
	at reactor.core.publisher.FluxPeek$PeekSubscriber.onNext(FluxPeek.java:200)
	at reactor.core.publisher.FluxSwitchIfEmpty$SwitchIfEmptySubscriber.onNext(FluxSwitchIfEmpty.java:74)
	at reactor.core.publisher.MonoPeekTerminal$MonoTerminalPeekSubscriber.onNext(MonoPeekTerminal.java:180)
	at reactor.core.publisher.MonoPublishOn$PublishOnSubscriber.run(MonoPublishOn.java:181)
	at reactor.core.scheduler.SchedulerTask.call(SchedulerTask.java:68)
	at reactor.core.scheduler.SchedulerTask.call(SchedulerTask.java:28)
	at java.base/java.util.concurrent.FutureTask.run(FutureTask.java:317)
	at java.base/java.util.concurrent.ScheduledThreadPoolExecutor$ScheduledFutureTask.run(ScheduledThreadPoolExecutor.java:304)
	at java.base/java.util.concurrent.ThreadPoolExecutor.runWorker(ThreadPoolExecutor.java:1144)
	at java.base/java.util.concurrent.ThreadPoolExecutor$Worker.run(ThreadPoolExecutor.java:642)
	at java.base/java.lang.Thread.run(Thread.java:1583)
Caused by: java.lang.ClassNotFoundException: reactor.core.publisher.OnNextFailureStrategy$1
	at java.base/java.net.URLClassLoader.findClass(URLClassLoader.java:445)
	at java.base/java.lang.ClassLoader.loadClass(ClassLoader.java:593)
	at org.springframework.boot.loader.net.protocol.jar.JarUrlClassLoader.loadClass(JarUrlClassLoader.java:107)
	at org.springframework.boot.loader.launch.LaunchedClassLoader.loadClass(LaunchedClassLoader.java:91)
	at java.base/java.lang.ClassLoader.loadClass(ClassLoader.java:526)
	... 108 common frames omitted

2026-03-20 21:44:28.701  WARN 1297738 [parallel-1] [] reactor.core.Exceptions                  : throwIfFatal detected a jvm fatal exception, which is thrown and logged below:

java.lang.NoClassDefFoundError: reactor/core/publisher/OnNextFailureStrategy$1
	at reactor.core.publisher.OnNextFailureStrategy.<clinit>(OnNextFailureStrategy.java:146)
	at reactor.core.publisher.Operators.onNextErrorStrategy(Operators.java:809)
	at reactor.core.publisher.Operators.onNextError(Operators.java:892)
	at reactor.core.publisher.FluxConcatMapNoPrefetch$FluxConcatMapNoPrefetchSubscriber.onNext(FluxConcatMapNoPrefetch.java:212)
	at reactor.core.publisher.FluxIterable$IterableSubscription.slowPath(FluxIterable.java:335)
	at reactor.core.publisher.FluxIterable$IterableSubscription.request(FluxIterable.java:294)
	at reactor.core.publisher.FluxConcatMapNoPrefetch$FluxConcatMapNoPrefetchSubscriber.innerComplete(FluxConcatMapNoPrefetch.java:275)
	at reactor.core.publisher.FluxConcatMap$ConcatMapInner.onComplete(FluxConcatMap.java:889)
	at reactor.core.publisher.MonoFlatMap$FlatMapMain.onComplete(MonoFlatMap.java:189)
	at reactor.core.publisher.FluxMap$MapSubscriber.onComplete(FluxMap.java:144)
	at reactor.core.publisher.FluxFilter$FilterSubscriber.onComplete(FluxFilter.java:166)
	at reactor.core.publisher.FluxPeekFuseable$PeekConditionalSubscriber.onComplete(FluxPeekFuseable.java:940)
	at reactor.core.publisher.FluxSwitchIfEmpty$SwitchIfEmptySubscriber.onComplete(FluxSwitchIfEmpty.java:85)
	at reactor.core.publisher.Operators$ScalarSubscription.request(Operators.java:2573)
	at reactor.core.publisher.Operators$MultiSubscriptionSubscriber.set(Operators.java:2367)
	at reactor.core.publisher.Operators$MultiSubscriptionSubscriber.onSubscribe(Operators.java:2241)
	at reactor.core.publisher.MonoJust.subscribe(MonoJust.java:55)
	at reactor.core.publisher.Mono.subscribe(Mono.java:4576)
	at reactor.core.publisher.FluxSwitchIfEmpty$SwitchIfEmptySubscriber.onComplete(FluxSwitchIfEmpty.java:82)
	at reactor.core.publisher.MonoNext$NextSubscriber.onComplete(MonoNext.java:102)
	at reactor.core.publisher.FluxFilter$FilterSubscriber.onComplete(FluxFilter.java:166)
	at reactor.core.publisher.FluxFlatMap$FlatMapMain.checkTerminated(FluxFlatMap.java:850)
	at reactor.core.publisher.FluxFlatMap$FlatMapMain.drainLoop(FluxFlatMap.java:612)
	at reactor.core.publisher.FluxFlatMap$FlatMapMain.drain(FluxFlatMap.java:592)
	at reactor.core.publisher.FluxFlatMap$FlatMapMain.request(FluxFlatMap.java:349)
	at reactor.core.publisher.FluxFilter$FilterSubscriber.request(FluxFilter.java:186)
	at reactor.core.publisher.MonoNext$NextSubscriber.request(MonoNext.java:108)
	at reactor.core.publisher.Operators$MultiSubscriptionSubscriber.request(Operators.java:2331)
	at reactor.core.publisher.FluxPeekFuseable$PeekConditionalSubscriber.request(FluxPeekFuseable.java:783)
	at reactor.core.publisher.FluxFilter$FilterSubscriber.request(FluxFilter.java:186)
	at reactor.core.publisher.FluxMap$MapSubscriber.request(FluxMap.java:164)
	at reactor.core.publisher.MonoFlatMap$FlatMapMain.request(MonoFlatMap.java:194)
	at reactor.core.publisher.Operators$MultiSubscriptionSubscriber.request(Operators.java:2331)
	at reactor.core.publisher.FluxConcatMapNoPrefetch$FluxConcatMapNoPrefetchSubscriber.request(FluxConcatMapNoPrefetch.java:339)
	at reactor.core.publisher.MonoNext$NextSubscriber.request(MonoNext.java:108)
	at reactor.core.publisher.FluxDefaultIfEmpty$DefaultIfEmptySubscriber.request(FluxDefaultIfEmpty.java:98)
	at reactor.core.publisher.MonoPeekTerminal$MonoTerminalPeekSubscriber.request(MonoPeekTerminal.java:139)
	at reactor.core.publisher.FluxPeekFuseable$PeekFuseableConditionalSubscriber.request(FluxPeekFuseable.java:437)
	at reactor.core.publisher.MonoPeekTerminal$MonoTerminalPeekSubscriber.request(MonoPeekTerminal.java:139)
	at reactor.core.publisher.FluxFilter$FilterSubscriber.request(FluxFilter.java:186)
	at reactor.core.publisher.Operators$MultiSubscriptionSubscriber.set(Operators.java:2367)
	at reactor.core.publisher.Operators$MultiSubscriptionSubscriber.onSubscribe(Operators.java:2241)
	at reactor.core.publisher.FluxFilter$FilterSubscriber.onSubscribe(FluxFilter.java:85)
	at reactor.core.publisher.MonoPeekTerminal$MonoTerminalPeekSubscriber.onSubscribe(MonoPeekTerminal.java:152)
	at reactor.core.publisher.FluxPeekFuseable$PeekFuseableConditionalSubscriber.onSubscribe(FluxPeekFuseable.java:471)
	at reactor.core.publisher.MonoPeekTerminal$MonoTerminalPeekSubscriber.onSubscribe(MonoPeekTerminal.java:152)
	at reactor.core.publisher.Operators$BaseFluxToMonoOperator.onSubscribe(Operators.java:2051)
	at reactor.core.publisher.MonoNext$NextSubscriber.onSubscribe(MonoNext.java:70)
	at reactor.core.publisher.FluxConcatMapNoPrefetch$FluxConcatMapNoPrefetchSubscriber.onSubscribe(FluxConcatMapNoPrefetch.java:164)
	at reactor.core.publisher.FluxIterable.subscribe(FluxIterable.java:201)
	at reactor.core.publisher.FluxIterable.subscribe(FluxIterable.java:83)
	at reactor.core.publisher.InternalMonoOperator.subscribe(InternalMonoOperator.java:76)
	at reactor.core.publisher.MonoDeferContextual.subscribe(MonoDeferContextual.java:55)
	at reactor.core.publisher.InternalMonoOperator.subscribe(InternalMonoOperator.java:76)
	at reactor.core.publisher.MonoDefer.subscribe(MonoDefer.java:53)
	at reactor.core.publisher.InternalMonoOperator.subscribe(InternalMonoOperator.java:76)
	at reactor.core.publisher.MonoDefer.subscribe(MonoDefer.java:53)
	at reactor.core.publisher.Mono.subscribe(Mono.java:4576)
	at reactor.core.publisher.MonoIgnoreThen$ThenIgnoreMain.subscribeNext(MonoIgnoreThen.java:265)
	at reactor.core.publisher.MonoIgnoreThen.subscribe(MonoIgnoreThen.java:51)
	at reactor.core.publisher.Mono.subscribe(Mono.java:4576)
	at reactor.core.publisher.FluxSwitchIfEmpty$SwitchIfEmptySubscriber.onComplete(FluxSwitchIfEmpty.java:82)
	at reactor.core.publisher.FluxFilter$FilterSubscriber.onComplete(FluxFilter.java:166)
	at reactor.core.publisher.FluxPeekFuseable$PeekConditionalSubscriber.onComplete(FluxPeekFuseable.java:940)
	at reactor.core.publisher.FluxSwitchIfEmpty$SwitchIfEmptySubscriber.onComplete(FluxSwitchIfEmpty.java:85)
	at reactor.core.publisher.Operators$ScalarSubscription.request(Operators.java:2573)
	at reactor.core.publisher.Operators$MultiSubscriptionSubscriber.set(Operators.java:2367)
	at reactor.core.publisher.Operators$MultiSubscriptionSubscriber.onSubscribe(Operators.java:2241)
	at reactor.core.publisher.MonoJust.subscribe(MonoJust.java:55)
	at reactor.core.publisher.Mono.subscribe(Mono.java:4576)
	at reactor.core.publisher.FluxSwitchIfEmpty$SwitchIfEmptySubscriber.onComplete(FluxSwitchIfEmpty.java:82)
	at reactor.core.publisher.MonoNext$NextSubscriber.onComplete(MonoNext.java:102)
	at reactor.core.publisher.FluxFilter$FilterSubscriber.onComplete(FluxFilter.java:166)
	at reactor.core.publisher.FluxFlatMap$FlatMapMain.checkTerminated(FluxFlatMap.java:850)
	at reactor.core.publisher.FluxFlatMap$FlatMapMain.drainLoop(FluxFlatMap.java:612)
	at reactor.core.publisher.FluxFlatMap$FlatMapMain.drain(FluxFlatMap.java:592)
	at reactor.core.publisher.FluxFlatMap$FlatMapMain.onComplete(FluxFlatMap.java:469)
	at reactor.core.publisher.FluxPeekFuseable$PeekFuseableSubscriber.onComplete(FluxPeekFuseable.java:277)
	at reactor.core.publisher.FluxIterable$IterableSubscription.slowPath(FluxIterable.java:357)
	at reactor.core.publisher.FluxIterable$IterableSubscription.request(FluxIterable.java:294)
	at reactor.core.publisher.FluxPeekFuseable$PeekFuseableSubscriber.request(FluxPeekFuseable.java:144)
	at reactor.core.publisher.FluxFlatMap$FlatMapMain.onSubscribe(FluxFlatMap.java:373)
	at reactor.core.publisher.FluxPeekFuseable$PeekFuseableSubscriber.onSubscribe(FluxPeekFuseable.java:178)
	at reactor.core.publisher.FluxIterable.subscribe(FluxIterable.java:201)
	at reactor.core.publisher.FluxIterable.subscribe(FluxIterable.java:83)
	at reactor.core.publisher.InternalMonoOperator.subscribe(InternalMonoOperator.java:76)
	at reactor.core.publisher.MonoDefer.subscribe(MonoDefer.java:53)
	at reactor.core.publisher.MonoFlatMap$FlatMapMain.onNext(MonoFlatMap.java:165)
	at reactor.core.publisher.Operators$BaseFluxToMonoOperator.completePossiblyEmpty(Operators.java:2097)
	at reactor.core.publisher.FluxDefaultIfEmpty$DefaultIfEmptySubscriber.onComplete(FluxDefaultIfEmpty.java:134)
	at reactor.core.publisher.FluxMap$MapSubscriber.onComplete(FluxMap.java:144)
	at reactor.core.publisher.FluxMap$MapSubscriber.onComplete(FluxMap.java:144)
	at reactor.core.publisher.FluxFilter$FilterSubscriber.onComplete(FluxFilter.java:166)
	at reactor.core.publisher.FluxMap$MapConditionalSubscriber.onComplete(FluxMap.java:275)
	at reactor.core.publisher.Operators$MonoSubscriber.complete(Operators.java:1866)
	at reactor.core.publisher.MonoCacheTime$CoordinatorSubscriber.signalCached(MonoCacheTime.java:337)
	at reactor.core.publisher.MonoCacheTime$CoordinatorSubscriber.onNext(MonoCacheTime.java:354)
	at reactor.core.publisher.FluxPeek$PeekSubscriber.onNext(FluxPeek.java:200)
	at reactor.core.publisher.FluxSwitchIfEmpty$SwitchIfEmptySubscriber.onNext(FluxSwitchIfEmpty.java:74)
	at reactor.core.publisher.MonoPeekTerminal$MonoTerminalPeekSubscriber.onNext(MonoPeekTerminal.java:180)
	at reactor.core.publisher.MonoPublishOn$PublishOnSubscriber.run(MonoPublishOn.java:181)
	at reactor.core.scheduler.SchedulerTask.call(SchedulerTask.java:68)
	at reactor.core.scheduler.SchedulerTask.call(SchedulerTask.java:28)
	at java.base/java.util.concurrent.FutureTask.run(FutureTask.java:317)
	at java.base/java.util.concurrent.ScheduledThreadPoolExecutor$ScheduledFutureTask.run(ScheduledThreadPoolExecutor.java:304)
	at java.base/java.util.concurrent.ThreadPoolExecutor.runWorker(ThreadPoolExecutor.java:1144)
	at java.base/java.util.concurrent.ThreadPoolExecutor$Worker.run(ThreadPoolExecutor.java:642)
	at java.base/java.lang.Thread.run(Thread.java:1583)
Caused by: java.lang.ClassNotFoundException: reactor.core.publisher.OnNextFailureStrategy$1
	at java.base/java.net.URLClassLoader.findClass(URLClassLoader.java:445)
	at java.base/java.lang.ClassLoader.loadClass(ClassLoader.java:593)
	at org.springframework.boot.loader.net.protocol.jar.JarUrlClassLoader.loadClass(JarUrlClassLoader.java:107)
	at org.springframework.boot.loader.launch.LaunchedClassLoader.loadClass(LaunchedClassLoader.java:91)
	at java.base/java.lang.ClassLoader.loadClass(ClassLoader.java:526)
	... 108 common frames omitted

2026-03-20 21:44:28.702 ERROR 1297738 [parallel-1] [] reactor.core.scheduler.Schedulers        : Scheduler worker in group main failed with an uncaught exception

java.lang.NoClassDefFoundError: reactor/core/publisher/OnNextFailureStrategy$1
	at reactor.core.publisher.OnNextFailureStrategy.<clinit>(OnNextFailureStrategy.java:146)
	at reactor.core.publisher.Operators.onNextErrorStrategy(Operators.java:809)
	at reactor.core.publisher.Operators.onNextError(Operators.java:892)
	at reactor.core.publisher.FluxConcatMapNoPrefetch$FluxConcatMapNoPrefetchSubscriber.onNext(FluxConcatMapNoPrefetch.java:212)
	at reactor.core.publisher.FluxIterable$IterableSubscription.slowPath(FluxIterable.java:335)
	at reactor.core.publisher.FluxIterable$IterableSubscription.request(FluxIterable.java:294)
	at reactor.core.publisher.FluxConcatMapNoPrefetch$FluxConcatMapNoPrefetchSubscriber.innerComplete(FluxConcatMapNoPrefetch.java:275)
	at reactor.core.publisher.FluxConcatMap$ConcatMapInner.onComplete(FluxConcatMap.java:889)
	at reactor.core.publisher.MonoFlatMap$FlatMapMain.onComplete(MonoFlatMap.java:189)
	at reactor.core.publisher.FluxMap$MapSubscriber.onComplete(FluxMap.java:144)
	at reactor.core.publisher.FluxFilter$FilterSubscriber.onComplete(FluxFilter.java:166)
	at reactor.core.publisher.FluxPeekFuseable$PeekConditionalSubscriber.onComplete(FluxPeekFuseable.java:940)
	at reactor.core.publisher.FluxSwitchIfEmpty$SwitchIfEmptySubscriber.onComplete(FluxSwitchIfEmpty.java:85)
	at reactor.core.publisher.Operators$ScalarSubscription.request(Operators.java:2573)
	at reactor.core.publisher.Operators$MultiSubscriptionSubscriber.set(Operators.java:2367)
	at reactor.core.publisher.Operators$MultiSubscriptionSubscriber.onSubscribe(Operators.java:2241)
	at reactor.core.publisher.MonoJust.subscribe(MonoJust.java:55)
	at reactor.core.publisher.Mono.subscribe(Mono.java:4576)
	at reactor.core.publisher.FluxSwitchIfEmpty$SwitchIfEmptySubscriber.onComplete(FluxSwitchIfEmpty.java:82)
	at reactor.core.publisher.MonoNext$NextSubscriber.onComplete(MonoNext.java:102)
	at reactor.core.publisher.FluxFilter$FilterSubscriber.onComplete(FluxFilter.java:166)
	at reactor.core.publisher.FluxFlatMap$FlatMapMain.checkTerminated(FluxFlatMap.java:850)
	at reactor.core.publisher.FluxFlatMap$FlatMapMain.drainLoop(FluxFlatMap.java:612)
	at reactor.core.publisher.FluxFlatMap$FlatMapMain.drain(FluxFlatMap.java:592)
	at reactor.core.publisher.FluxFlatMap$FlatMapMain.request(FluxFlatMap.java:349)
	at reactor.core.publisher.FluxFilter$FilterSubscriber.request(FluxFilter.java:186)
	at reactor.core.publisher.MonoNext$NextSubscriber.request(MonoNext.java:108)
	at reactor.core.publisher.Operators$MultiSubscriptionSubscriber.request(Operators.java:2331)
	at reactor.core.publisher.FluxPeekFuseable$PeekConditionalSubscriber.request(FluxPeekFuseable.java:783)
	at reactor.core.publisher.FluxFilter$FilterSubscriber.request(FluxFilter.java:186)
	at reactor.core.publisher.FluxMap$MapSubscriber.request(FluxMap.java:164)
	at reactor.core.publisher.MonoFlatMap$FlatMapMain.request(MonoFlatMap.java:194)
	at reactor.core.publisher.Operators$MultiSubscriptionSubscriber.request(Operators.java:2331)
	at reactor.core.publisher.FluxConcatMapNoPrefetch$FluxConcatMapNoPrefetchSubscriber.request(FluxConcatMapNoPrefetch.java:339)
	at reactor.core.publisher.MonoNext$NextSubscriber.request(MonoNext.java:108)
	at reactor.core.publisher.FluxDefaultIfEmpty$DefaultIfEmptySubscriber.request(FluxDefaultIfEmpty.java:98)
	at reactor.core.publisher.MonoPeekTerminal$MonoTerminalPeekSubscriber.request(MonoPeekTerminal.java:139)
	at reactor.core.publisher.FluxPeekFuseable$PeekFuseableConditionalSubscriber.request(FluxPeekFuseable.java:437)
	at reactor.core.publisher.MonoPeekTerminal$MonoTerminalPeekSubscriber.request(MonoPeekTerminal.java:139)
	at reactor.core.publisher.FluxFilter$FilterSubscriber.request(FluxFilter.java:186)
	at reactor.core.publisher.Operators$MultiSubscriptionSubscriber.set(Operators.java:2367)
	at reactor.core.publisher.Operators$MultiSubscriptionSubscriber.onSubscribe(Operators.java:2241)
	at reactor.core.publisher.FluxFilter$FilterSubscriber.onSubscribe(FluxFilter.java:85)
	at reactor.core.publisher.MonoPeekTerminal$MonoTerminalPeekSubscriber.onSubscribe(MonoPeekTerminal.java:152)
	at reactor.core.publisher.FluxPeekFuseable$PeekFuseableConditionalSubscriber.onSubscribe(FluxPeekFuseable.java:471)
	at reactor.core.publisher.MonoPeekTerminal$MonoTerminalPeekSubscriber.onSubscribe(MonoPeekTerminal.java:152)
	at reactor.core.publisher.Operators$BaseFluxToMonoOperator.onSubscribe(Operators.java:2051)
	at reactor.core.publisher.MonoNext$NextSubscriber.onSubscribe(MonoNext.java:70)
	at reactor.core.publisher.FluxConcatMapNoPrefetch$FluxConcatMapNoPrefetchSubscriber.onSubscribe(FluxConcatMapNoPrefetch.java:164)
	at reactor.core.publisher.FluxIterable.subscribe(FluxIterable.java:201)
	at reactor.core.publisher.FluxIterable.subscribe(FluxIterable.java:83)
	at reactor.core.publisher.InternalMonoOperator.subscribe(InternalMonoOperator.java:76)
	at reactor.core.publisher.MonoDeferContextual.subscribe(MonoDeferContextual.java:55)
	at reactor.core.publisher.InternalMonoOperator.subscribe(InternalMonoOperator.java:76)
	at reactor.core.publisher.MonoDefer.subscribe(MonoDefer.java:53)
	at reactor.core.publisher.InternalMonoOperator.subscribe(InternalMonoOperator.java:76)
	at reactor.core.publisher.MonoDefer.subscribe(MonoDefer.java:53)
	at reactor.core.publisher.Mono.subscribe(Mono.java:4576)
	at reactor.core.publisher.MonoIgnoreThen$ThenIgnoreMain.subscribeNext(MonoIgnoreThen.java:265)
	at reactor.core.publisher.MonoIgnoreThen.subscribe(MonoIgnoreThen.java:51)
	at reactor.core.publisher.Mono.subscribe(Mono.java:4576)
	at reactor.core.publisher.FluxSwitchIfEmpty$SwitchIfEmptySubscriber.onComplete(FluxSwitchIfEmpty.java:82)
	at reactor.core.publisher.FluxFilter$FilterSubscriber.onComplete(FluxFilter.java:166)
	at reactor.core.publisher.FluxPeekFuseable$PeekConditionalSubscriber.onComplete(FluxPeekFuseable.java:940)
	at reactor.core.publisher.FluxSwitchIfEmpty$SwitchIfEmptySubscriber.onComplete(FluxSwitchIfEmpty.java:85)
	at reactor.core.publisher.Operators$ScalarSubscription.request(Operators.java:2573)
	at reactor.core.publisher.Operators$MultiSubscriptionSubscriber.set(Operators.java:2367)
	at reactor.core.publisher.Operators$MultiSubscriptionSubscriber.onSubscribe(Operators.java:2241)
	at reactor.core.publisher.MonoJust.subscribe(MonoJust.java:55)
	at reactor.core.publisher.Mono.subscribe(Mono.java:4576)
	at reactor.core.publisher.FluxSwitchIfEmpty$SwitchIfEmptySubscriber.onComplete(FluxSwitchIfEmpty.java:82)
	at reactor.core.publisher.MonoNext$NextSubscriber.onComplete(MonoNext.java:102)
	at reactor.core.publisher.FluxFilter$FilterSubscriber.onComplete(FluxFilter.java:166)
	at reactor.core.publisher.FluxFlatMap$FlatMapMain.checkTerminated(FluxFlatMap.java:850)
	at reactor.core.publisher.FluxFlatMap$FlatMapMain.drainLoop(FluxFlatMap.java:612)
	at reactor.core.publisher.FluxFlatMap$FlatMapMain.drain(FluxFlatMap.java:592)
	at reactor.core.publisher.FluxFlatMap$FlatMapMain.onComplete(FluxFlatMap.java:469)
	at reactor.core.publisher.FluxPeekFuseable$PeekFuseableSubscriber.onComplete(FluxPeekFuseable.java:277)
	at reactor.core.publisher.FluxIterable$IterableSubscription.slowPath(FluxIterable.java:357)
	at reactor.core.publisher.FluxIterable$IterableSubscription.request(FluxIterable.java:294)
	at reactor.core.publisher.FluxPeekFuseable$PeekFuseableSubscriber.request(FluxPeekFuseable.java:144)
	at reactor.core.publisher.FluxFlatMap$FlatMapMain.onSubscribe(FluxFlatMap.java:373)
	at reactor.core.publisher.FluxPeekFuseable$PeekFuseableSubscriber.onSubscribe(FluxPeekFuseable.java:178)
	at reactor.core.publisher.FluxIterable.subscribe(FluxIterable.java:201)
	at reactor.core.publisher.FluxIterable.subscribe(FluxIterable.java:83)
	at reactor.core.publisher.InternalMonoOperator.subscribe(InternalMonoOperator.java:76)
	at reactor.core.publisher.MonoDefer.subscribe(MonoDefer.java:53)
	at reactor.core.publisher.MonoFlatMap$FlatMapMain.onNext(MonoFlatMap.java:165)
	at reactor.core.publisher.Operators$BaseFluxToMonoOperator.completePossiblyEmpty(Operators.java:2097)
	at reactor.core.publisher.FluxDefaultIfEmpty$DefaultIfEmptySubscriber.onComplete(FluxDefaultIfEmpty.java:134)
	at reactor.core.publisher.FluxMap$MapSubscriber.onComplete(FluxMap.java:144)
	at reactor.core.publisher.FluxMap$MapSubscriber.onComplete(FluxMap.java:144)
	at reactor.core.publisher.FluxFilter$FilterSubscriber.onComplete(FluxFilter.java:166)
	at reactor.core.publisher.FluxMap$MapConditionalSubscriber.onComplete(FluxMap.java:275)
	at reactor.core.publisher.Operators$MonoSubscriber.complete(Operators.java:1866)
	at reactor.core.publisher.MonoCacheTime$CoordinatorSubscriber.signalCached(MonoCacheTime.java:337)
	at reactor.core.publisher.MonoCacheTime$CoordinatorSubscriber.onNext(MonoCacheTime.java:354)
	at reactor.core.publisher.FluxPeek$PeekSubscriber.onNext(FluxPeek.java:200)
	at reactor.core.publisher.FluxSwitchIfEmpty$SwitchIfEmptySubscriber.onNext(FluxSwitchIfEmpty.java:74)
	at reactor.core.publisher.MonoPeekTerminal$MonoTerminalPeekSubscriber.onNext(MonoPeekTerminal.java:180)
	at reactor.core.publisher.MonoPublishOn$PublishOnSubscriber.run(MonoPublishOn.java:181)
	at reactor.core.scheduler.SchedulerTask.call(SchedulerTask.java:68)
	at reactor.core.scheduler.SchedulerTask.call(SchedulerTask.java:28)
	at java.base/java.util.concurrent.FutureTask.run(FutureTask.java:317)
	at java.base/java.util.concurrent.ScheduledThreadPoolExecutor$ScheduledFutureTask.run(ScheduledThreadPoolExecutor.java:304)
	at java.base/java.util.concurrent.ThreadPoolExecutor.runWorker(ThreadPoolExecutor.java:1144)
	at java.base/java.util.concurrent.ThreadPoolExecutor$Worker.run(ThreadPoolExecutor.java:642)
	at java.base/java.lang.Thread.run(Thread.java:1583)
Caused by: java.lang.ClassNotFoundException: reactor.core.publisher.OnNextFailureStrategy$1
	at java.base/java.net.URLClassLoader.findClass(URLClassLoader.java:445)
	at java.base/java.lang.ClassLoader.loadClass(ClassLoader.java:593)
	at org.springframework.boot.loader.net.protocol.jar.JarUrlClassLoader.loadClass(JarUrlClassLoader.java:107)
	at org.springframework.boot.loader.launch.LaunchedClassLoader.loadClass(LaunchedClassLoader.java:91)
	at java.base/java.lang.ClassLoader.loadClass(ClassLoader.java:526)
	... 108 common frames omitted

2026-03-20 21:48:39.199  INFO 1297738 [MessageBroker-1] [] o.s.w.s.c.WebSocketMessageBrokerStats    : WebSocketSession[0 current WS(0)-HttpStream(0)-HttpPoll(0), 0 total, 0 closed abnormally (0 connect failure, 0 send limit, 0 transport error)], stompSubProtocol[processed CONNECT(0)-CONNECTED(0)-DISCONNECT(0)], stompBrokerRelay[null], inboundChannel[pool size = 0, active threads = 0, queued tasks = 0, completed tasks = 0], outboundChannel[pool size = 0, active threads = 0, queued tasks = 0, completed tasks = 0], sockJsScheduler[pool size = 4, active threads = 1, queued tasks = 0, completed tasks = 5]
2026-03-20 22:00:56.599  WARN 1297738 [SpringApplicationShutdownHook] [] o.s.c.support.DefaultLifecycleProcessor  : Failed to stop bean 'webServerGracefulShutdown'

java.lang.NoClassDefFoundError: org/springframework/boot/web/server/GracefulShutdownCallback
	at org.springframework.boot.web.context.WebServerGracefulShutdownLifecycle.stop(WebServerGracefulShutdownLifecycle.java:62)
	at org.springframework.context.support.DefaultLifecycleProcessor.doStop(DefaultLifecycleProcessor.java:384)
	at org.springframework.context.support.DefaultLifecycleProcessor$LifecycleGroup.stop(DefaultLifecycleProcessor.java:526)
	at java.base/java.lang.Iterable.forEach(Iterable.java:75)
	at org.springframework.context.support.DefaultLifecycleProcessor.stopBeans(DefaultLifecycleProcessor.java:353)
	at org.springframework.context.support.DefaultLifecycleProcessor.onClose(DefaultLifecycleProcessor.java:253)
	at org.springframework.context.support.AbstractApplicationContext.doClose(AbstractApplicationContext.java:1172)
	at org.springframework.boot.web.reactive.context.ReactiveWebServerApplicationContext.doClose(ReactiveWebServerApplicationContext.java:155)
	at org.springframework.context.support.AbstractApplicationContext.close(AbstractApplicationContext.java:1126)
	at org.springframework.boot.SpringApplicationShutdownHook.closeAndWait(SpringApplicationShutdownHook.java:147)
	at java.base/java.lang.Iterable.forEach(Iterable.java:75)
	at org.springframework.boot.SpringApplicationShutdownHook.run(SpringApplicationShutdownHook.java:116)
	at java.base/java.lang.Thread.run(Thread.java:1583)
Caused by: java.lang.ClassNotFoundException: org.springframework.boot.web.server.GracefulShutdownCallback
	at java.base/java.net.URLClassLoader.findClass(URLClassLoader.java:445)
	at java.base/java.lang.ClassLoader.loadClass(ClassLoader.java:593)
	at org.springframework.boot.loader.net.protocol.jar.JarUrlClassLoader.loadClass(JarUrlClassLoader.java:107)
	at org.springframework.boot.loader.launch.LaunchedClassLoader.loadClass(LaunchedClassLoader.java:91)
	at java.base/java.lang.ClassLoader.loadClass(ClassLoader.java:526)
	... 13 common frames omitted

2026-03-20 22:00:56.649  WARN 1297738 [SpringApplicationShutdownHook] [] o.s.c.support.DefaultLifecycleProcessor  : Failed to stop bean 'webServerStartStop'

java.lang.NoClassDefFoundError: org/apache/catalina/Lifecycle$SingleUse
	at org.apache.catalina.util.LifecycleBase.stop(LifecycleBase.java:247)
	at org.apache.catalina.core.StandardService.removeConnector(StandardService.java:299)
	at org.springframework.boot.web.embedded.tomcat.TomcatWebServer.lambda$removeServiceConnectors$1(TomcatWebServer.java:173)
	at org.springframework.boot.web.embedded.tomcat.TomcatWebServer.doWithConnectors(TomcatWebServer.java:192)
	at org.springframework.boot.web.embedded.tomcat.TomcatWebServer.removeServiceConnectors(TomcatWebServer.java:170)
	at org.springframework.boot.web.embedded.tomcat.TomcatWebServer.stop(TomcatWebServer.java:358)
	at org.springframework.boot.web.reactive.context.WebServerManager.stop(WebServerManager.java:65)
	at org.springframework.boot.web.reactive.context.WebServerStartStopLifecycle.stop(WebServerStartStopLifecycle.java:48)
	at org.springframework.context.SmartLifecycle.stop(SmartLifecycle.java:120)
	at org.springframework.context.support.DefaultLifecycleProcessor.doStop(DefaultLifecycleProcessor.java:384)
	at org.springframework.context.support.DefaultLifecycleProcessor$LifecycleGroup.stop(DefaultLifecycleProcessor.java:526)
	at java.base/java.lang.Iterable.forEach(Iterable.java:75)
	at org.springframework.context.support.DefaultLifecycleProcessor.stopBeans(DefaultLifecycleProcessor.java:353)
	at org.springframework.context.support.DefaultLifecycleProcessor.onClose(DefaultLifecycleProcessor.java:253)
	at org.springframework.context.support.AbstractApplicationContext.doClose(AbstractApplicationContext.java:1172)
	at org.springframework.boot.web.reactive.context.ReactiveWebServerApplicationContext.doClose(ReactiveWebServerApplicationContext.java:155)
	at org.springframework.context.support.AbstractApplicationContext.close(AbstractApplicationContext.java:1126)
	at org.springframework.boot.SpringApplicationShutdownHook.closeAndWait(SpringApplicationShutdownHook.java:147)
	at java.base/java.lang.Iterable.forEach(Iterable.java:75)
	at org.springframework.boot.SpringApplicationShutdownHook.run(SpringApplicationShutdownHook.java:116)
	at java.base/java.lang.Thread.run(Thread.java:1583)
Caused by: java.lang.ClassNotFoundException: org.apache.catalina.Lifecycle$SingleUse
	at java.base/java.net.URLClassLoader.findClass(URLClassLoader.java:445)
	at java.base/java.lang.ClassLoader.loadClass(ClassLoader.java:593)
	at org.springframework.boot.loader.net.protocol.jar.JarUrlClassLoader.loadClass(JarUrlClassLoader.java:107)
	at org.springframework.boot.loader.launch.LaunchedClassLoader.loadClass(LaunchedClassLoader.java:91)
	at java.base/java.lang.ClassLoader.loadClass(ClassLoader.java:526)
	... 21 common frames omitted

2026-03-20 22:00:56.653  INFO 1297738 [SpringApplicationShutdownHook] [] o.s.m.s.b.SimpleBrokerMessageHandler     : Stopping...
2026-03-20 22:00:56.654  INFO 1297738 [SpringApplicationShutdownHook] [] o.s.m.s.b.SimpleBrokerMessageHandler     : BrokerAvailabilityEvent[available=false, SimpleBrokerMessageHandler [org.springframework.messaging.simp.broker.DefaultSubscriptionRegistry@6c808b47]]
2026-03-20 22:00:56.655  INFO 1297738 [SpringApplicationShutdownHook] [] o.s.m.s.b.SimpleBrokerMessageHandler     : Stopped.
2026-03-20 22:00:56.661  WARN 1297738 [SpringApplicationShutdownHook] [] o.s.c.support.DefaultLifecycleProcessor  : Failed to stop bean 'reactorResourceFactory'

java.lang.NoClassDefFoundError: reactor/core/publisher/BlockingMonoSubscriber
	at reactor.core.publisher.Mono.block(Mono.java:1777)
	at org.springframework.http.client.ReactorResourceFactory.stop(ReactorResourceFactory.java:298)
	at org.springframework.context.SmartLifecycle.stop(SmartLifecycle.java:120)
	at org.springframework.context.support.DefaultLifecycleProcessor.doStop(DefaultLifecycleProcessor.java:384)
	at org.springframework.context.support.DefaultLifecycleProcessor$LifecycleGroup.stop(DefaultLifecycleProcessor.java:526)
	at java.base/java.lang.Iterable.forEach(Iterable.java:75)
	at org.springframework.context.support.DefaultLifecycleProcessor.stopBeans(DefaultLifecycleProcessor.java:353)
	at org.springframework.context.support.DefaultLifecycleProcessor.onClose(DefaultLifecycleProcessor.java:253)
	at org.springframework.context.support.AbstractApplicationContext.doClose(AbstractApplicationContext.java:1172)
	at org.springframework.boot.web.reactive.context.ReactiveWebServerApplicationContext.doClose(ReactiveWebServerApplicationContext.java:155)
	at org.springframework.context.support.AbstractApplicationContext.close(AbstractApplicationContext.java:1126)
	at org.springframework.boot.SpringApplicationShutdownHook.closeAndWait(SpringApplicationShutdownHook.java:147)
	at java.base/java.lang.Iterable.forEach(Iterable.java:75)
	at org.springframework.boot.SpringApplicationShutdownHook.run(SpringApplicationShutdownHook.java:116)
	at java.base/java.lang.Thread.run(Thread.java:1583)
Caused by: java.lang.ClassNotFoundException: reactor.core.publisher.BlockingMonoSubscriber
	at java.base/java.net.URLClassLoader.findClass(URLClassLoader.java:445)
	at java.base/java.lang.ClassLoader.loadClass(ClassLoader.java:593)
	at org.springframework.boot.loader.net.protocol.jar.JarUrlClassLoader.loadClass(JarUrlClassLoader.java:107)
	at org.springframework.boot.loader.launch.LaunchedClassLoader.loadClass(LaunchedClassLoader.java:91)
	at java.base/java.lang.ClassLoader.loadClass(ClassLoader.java:526)
	... 15 common frames omitted

2026-03-20 22:00:56.674  WARN 1297738 [SpringApplicationShutdownHook] [] o.s.c.support.DefaultLifecycleProcessor  : Failed to stop bean 'redisConnectionFactory'

java.lang.NoClassDefFoundError: io/netty/channel/AbstractChannelHandlerContext$11
	at io.netty.channel.AbstractChannelHandlerContext.close(AbstractChannelHandlerContext.java:735)
	at io.netty.channel.AbstractChannelHandlerContext.close(AbstractChannelHandlerContext.java:560)
	at io.netty.channel.DefaultChannelPipeline.close(DefaultChannelPipeline.java:906)
	at io.netty.channel.AbstractChannel.close(AbstractChannel.java:243)
	at io.lettuce.core.protocol.DefaultEndpoint.closeAsync(DefaultEndpoint.java:606)
	at io.lettuce.core.protocol.CommandExpiryWriter.closeAsync(CommandExpiryWriter.java:152)
	at io.lettuce.core.RedisChannelHandler.closeAsync(RedisChannelHandler.java:164)
	at org.springframework.data.redis.connection.lettuce.LettuceConnectionProvider.releaseAsync(LettuceConnectionProvider.java:87)
	at org.springframework.data.redis.connection.lettuce.LettuceConnectionProvider.release(LettuceConnectionProvider.java:74)
	at org.springframework.data.redis.connection.lettuce.LettuceConnectionFactory$ExceptionTranslatingConnectionProvider.release(LettuceConnectionFactory.java:1840)
	at org.springframework.data.redis.connection.lettuce.LettuceConnectionFactory$SharedConnection.lambda$resetConnection$2(LettuceConnectionFactory.java:1651)
	at org.springframework.data.redis.connection.lettuce.LettuceConnectionFactory.lambda$doInLock$20(LettuceConnectionFactory.java:1517)
	at org.springframework.data.redis.connection.lettuce.LettuceConnectionFactory.doInLock(LettuceConnectionFactory.java:1527)
	at org.springframework.data.redis.connection.lettuce.LettuceConnectionFactory.doInLock(LettuceConnectionFactory.java:1516)
	at org.springframework.data.redis.connection.lettuce.LettuceConnectionFactory$SharedConnection.resetConnection(LettuceConnectionFactory.java:1646)
	at java.base/java.util.stream.ForEachOps$ForEachOp$OfRef.accept(ForEachOps.java:184)
	at java.base/java.util.stream.Streams$StreamBuilderImpl.forEachRemaining(Streams.java:411)
	at java.base/java.util.stream.ReferencePipeline$Head.forEach(ReferencePipeline.java:762)
	at java.base/java.util.stream.ReferencePipeline$7$1.accept(ReferencePipeline.java:276)
	at java.base/java.util.Spliterators$ArraySpliterator.forEachRemaining(Spliterators.java:1024)
	at java.base/java.util.stream.AbstractPipeline.copyInto(AbstractPipeline.java:509)
	at java.base/java.util.stream.AbstractPipeline.wrapAndCopyInto(AbstractPipeline.java:499)
	at java.base/java.util.stream.ForEachOps$ForEachOp.evaluateSequential(ForEachOps.java:151)
	at java.base/java.util.stream.ForEachOps$ForEachOp$OfRef.evaluateSequential(ForEachOps.java:174)
	at java.base/java.util.stream.AbstractPipeline.evaluate(AbstractPipeline.java:234)
	at java.base/java.util.stream.ReferencePipeline.forEach(ReferencePipeline.java:596)
	at org.springframework.data.redis.connection.lettuce.LettuceConnectionFactory.lambda$resetConnection$1(LettuceConnectionFactory.java:1194)
	at org.springframework.data.redis.connection.lettuce.LettuceConnectionFactory.lambda$doInLock$20(LettuceConnectionFactory.java:1517)
	at org.springframework.data.redis.connection.lettuce.LettuceConnectionFactory.doInLock(LettuceConnectionFactory.java:1527)
	at org.springframework.data.redis.connection.lettuce.LettuceConnectionFactory.doInLock(LettuceConnectionFactory.java:1516)
	at org.springframework.data.redis.connection.lettuce.LettuceConnectionFactory.resetConnection(LettuceConnectionFactory.java:1191)
	at org.springframework.data.redis.connection.lettuce.LettuceConnectionFactory.stop(LettuceConnectionFactory.java:974)
	at org.springframework.context.SmartLifecycle.stop(SmartLifecycle.java:120)
	at org.springframework.context.support.DefaultLifecycleProcessor.doStop(DefaultLifecycleProcessor.java:384)
	at org.springframework.context.support.DefaultLifecycleProcessor$LifecycleGroup.stop(DefaultLifecycleProcessor.java:526)
	at java.base/java.lang.Iterable.forEach(Iterable.java:75)
	at org.springframework.context.support.DefaultLifecycleProcessor.stopBeans(DefaultLifecycleProcessor.java:353)
	at org.springframework.context.support.DefaultLifecycleProcessor.onClose(DefaultLifecycleProcessor.java:253)
	at org.springframework.context.support.AbstractApplicationContext.doClose(AbstractApplicationContext.java:1172)
	at org.springframework.boot.web.reactive.context.ReactiveWebServerApplicationContext.doClose(ReactiveWebServerApplicationContext.java:155)
	at org.springframework.context.support.AbstractApplicationContext.close(AbstractApplicationContext.java:1126)
	at org.springframework.boot.SpringApplicationShutdownHook.closeAndWait(SpringApplicationShutdownHook.java:147)
	at java.base/java.lang.Iterable.forEach(Iterable.java:75)
	at org.springframework.boot.SpringApplicationShutdownHook.run(SpringApplicationShutdownHook.java:116)
	at java.base/java.lang.Thread.run(Thread.java:1583)
Caused by: java.lang.ClassNotFoundException: io.netty.channel.AbstractChannelHandlerContext$11
	at java.base/java.net.URLClassLoader.findClass(URLClassLoader.java:445)
	at java.base/java.lang.ClassLoader.loadClass(ClassLoader.java:593)
	at org.springframework.boot.loader.net.protocol.jar.JarUrlClassLoader.loadClass(JarUrlClassLoader.java:107)
	at org.springframework.boot.loader.launch.LaunchedClassLoader.loadClass(LaunchedClassLoader.java:91)
	at java.base/java.lang.ClassLoader.loadClass(ClassLoader.java:526)
	... 45 common frames omitted

2026-03-20 22:00:56.703  WARN 1297738 [SpringApplicationShutdownHook] [] o.s.b.f.support.DisposableBeanAdapter    : Custom destroy method 'shutdown' on bean with name 'lettuceClientResources' propagated an exception: java.lang.NoClassDefFoundError: io/netty/util/concurrent/PromiseCombiner
2026-03-20 22:00:56.741  INFO 1297738 [SpringApplicationShutdownHook] [] j.LocalContainerEntityManagerFactoryBean : Closing JPA EntityManagerFactory for persistence unit 'default'
2026-03-20 22:00:56.762  INFO 1297738 [SpringApplicationShutdownHook] [] com.zaxxer.hikari.HikariDataSource       : HikariPool-1 - Shutdown initiated...
2026-03-20 22:00:59.636  INFO 1297738 [SpringApplicationShutdownHook] [] com.zaxxer.hikari.HikariDataSource       : HikariPool-1 - Shutdown completed.
